articulo,descripcion,largo_cm,ancho_cm,alto_cm,peso_kg,cantidad_maxima
7062400,Conector grande rojo cable  al    Eagle,17,14,5,0.28,1652
7062402,Conector mediano amarillo cable  al   Eagle,12,5.1,9,0.4,1066
92110228,Disco corte Standard metalinox plano    x  x mm  Bosch,12,12,1,0.02,5020
7551024,Breaker  polo A Tiven N Bticino,8,8,2,0.12,5000
2321981,Disco corte metalacero inox   xxmm Abracol,12.5,5.5,6,0.64,3500
7501137,Toma doble TR A  polos  tierra blanco Luzica PUTR Bticino,15,12,4,0.06,3000
7060125,Gaza  oreja EMT  UL OSP PST,5,2,2,0.02,3000
7506388,Interruptor doble lnea Plata blanco W Eagle,15,10,4,0.08,2900
7506392,Interruptor sencillo lnea Plata blanco W Eagle,19,11,3,0.06,2845
2321035,Disco corte metal  inox   x  mm x  mm DTAC Dyllu,11,8,1,0.02,2524
8690033,Inflador porttil V  PSI con luz LED AF Campbell,19,13.5,10.5,0.84,2362
7506082,Toma doble Decor A V TR blanco TRW Eagle,13,4,3,0.06,2084
6100410,Cernidor bellobanho gris Lorenzetti,13,13,13,0.1,2000
7060124,Gaza  oreja EMT  UL OSP PST,6,2,2,0.01,2000
2385710,Cinta tefln  x m WT Coflex,6,6,2,0.02,1880
7550974,Caja cuadrada EMT    doble fondo UL  PST,9.5,9.5,6,0.34,1800
9200150,Codo  campana cementada SCH presin  blanco  Amanco,8.5,4,3.5,0.02,1800
2385705,Cinta tefln  x m WT Coflex,5,5,2,0.01,1758
9111502,Lija esponja taco fino  Bosch,10,7,2.5,0.02,1623
7025204,Base de  pines rs  Eagle,15,7,2,0.02,1608
9041010,Conector macho conduit tipo A UL  gris  Amanco,3,3,3.3,0.01,1600
5140019,Flanger llave control  cromado IP Coflex,17.5,11.5,0.09,0.01,1553
9111501,Lija esponja cua fino  Bosch,10,7,2.5,0.02,1473
9200314,Caja octagonal conduit  gris  Amanco,10,10,5,0.08,1448
6104570,Resistencia T Ultra V W Lorenzetti,17,5,1,0.02,1416
5180021,Tubo abasto acero fregadero  AM x  AM  cm ALK Coflex,55,3,3,0.1,1400
7550005,Tapa caja octagonal conduit  gris  Amanco,11,11,0.3,0.04,1350
7501135,Interruptor sencillo  polo A blanco Luzica PU Bticino,16,9,6,0.04,1300
7062417,Conector polarizado A V  Eagle,12,6,5,0.06,1300
9111430,Disco corte Expert inox plano   x  x mm  Bosch,22,21,1,0.22,1250
2385700,Cinta tefln  x m WT Coflex,6,6,2,0.01,1250
2321020,Disco corte metal   x  x    M,11.5,11.5,5,0.74,1200
7502430,Enchufe polarizado A V  Eagle,7,3,9,0.1,1200
9041032,Unin conduit tipo A UL  gris  Amanco,7,2.5,2.5,0.02,1200
9200123,Adaptador macho campana cementada SCH crosca  blanco  Amanco,4,2,2,0.02,1200
7507059,Placa para intemperie IP negra con dos tomas lnea TJ IPWBK Eagle,20,10,4,0.12,1184
2321036,Disco corte metal  inox   x  mm DTDC Dyllu,10.5,10,5,0.84,1175
1520018,Bisagra  x  niquelada N National,13,5,3,0.26,1167
7502424,Enchufe plano blanco A V W Eagle,12,6,1,0.02,1163
7040807,Bombillo para lmpara veladora  Eagle,10,7,1.5,0.01,1121
7550923,Caja octogonal EMT  x  UL  PST,9,9,2,0.22,1100
7506136,Interruptor superficial A V V Eagle,9,6,4,0.04,1098
052440165,Toma doble  polos  tierra A blanco Oval P Bticino,18,10,2,0.06,1043
1628821,Sper Bonder original gr Henkel,17,9,2,0.02,1032
7501144,Placa ciega blanco Luzica PU Bticino,15,11,2,0.04,1022
3525092,Ducha Maxi Ultra sin manguera V W Lorenzetti,24,15,16,0.28,1008
5170012,Llave control  NPT x  manilla angular IP Coflex,7,6,2,0.12,1008
7550104,Breaker industiral  polos A P kA proyectos LAL Schneider,44,31,30,7.32,1000
9211026,Combo  discos de corte standar metalinox plano   esmeril GWS Bosch,21,21,1,0.2,1000
7506278,Toma triple superficial grado residencial V Eagle,16,8,3,0.1,1000
7506058,Placa sencilla tornillo oculto UL STW Eagle,18,9,2,0.04,1000
7054062,Supresor  ptableros dist  polos  VAC  KA SPD Avtek,4,10,8,0.24,1000
7506200,Placa de acero para toma A Eagle,14,12,1,0.08,1000
92110223,Disco corte Standard metal plano   x  x mm  Bosch,23,0.2,23,0.3,1000
2385715,Cinta tefln  x m WT Coflex,6,6,2.5,0.02,1000
7060131,Gaza  orejas EMT  UL TSP PST,6.5,2,2,0.01,1000
7060130,Gaza  orejas EMT  UL TSP PST,6,1.5,2,0.01,1000
7060042,Conector tornillo EMT  UL S Topaz,4,2,2,0.04,1000
9200250,Vlvula de bola SCH  blanco  Amanco,7,4.5,8,0.08,980
7506223,Placa para toma doble blanca W Eagle,17,9,1,0.02,976
1628820,Sper Bonder precisin gr Henkel,17,10,1,0.02,974
7506376,Interruptor  vas lnea Plata blanco W Eagle,8,10,3,0.04,964
9200233,Unin campana cementada SCH presin  blanco  Amanco,3.25,3.35,4,0.02,950
9041554,Conector Conduit tipo A  Mipsa,4,2.5,2.5,0.01,940
5170042,VALVULA DE BOLA PESADA  PVC SOLDAR REF   PCP,3.3,5.5,7.8,0.2,909
7506170,Enchufe de A  Eagle,8.5,6.6,9,0.14,900
7506256,Toma doble polarizado superficial grado residencial V Eagle,17,9,3,0.06,900
7500065,Caja para canaleta B Eagle,9,3.8,12,0.3,900
7502418,Enchufe grande A V  Eagle,4.5,4.5,8.2,0.2,900
500110,Breaker  polo A kA QO Schneider,8,7.5,2,0.12,900
500112,Breaker  polo A kA QO Schneider,9,7,2,0.12,889
7506246,Toma doble A V blanco W Eagle,11,4,3,0.01,885
7506202,Placa doble acero inoxidable  Eagle,15,7,1,0.04,879
7506457,Tomacorriente doble polariz tipo americano lnea Plata negro ABK Eagle,18,10,3,0.08,864
5170015,Llave control  NPT x  manilla recta IP Coflex,7,6,2,0.14,864
5170013,Llave control  NPT x  comp angular IP Coflex,7,4,2,0.1,864
5180010,Tubo abasto acero sanitario  FIP x  AM cm ASE Coflex,40,3.5,3.5,0.08,854
7550732,Caja pesada   huecos en X FSBX Eagle,12,7,5,0.24,820
3525063,Ducha Bellobanho Ultra gris claro V W Lorenzetti,27,22,13,0.46,800
2321982,Disco corte metalinox  xx xxmm ABDA Abracol,11,11,6.5,0.84,800
9111423,Disco corte Expert inox plano   x  x mm  Bosch,16,16,1,0.14,800
7502408,Convertidor polarizado A V  Eagle,12,6,3,0.02,800
9200187,Tapn hembra liso campana cementada SCH  blanco  Amanco,3.5,3.5,3,0.02,800
7506176,Toma A V  V de empotrar  Eagle,3.4,0.5,11,0.2,800
9200115,Adaptador hembra campana cementada SCH crosca  blanco  Amanco,3,3,2,0.02,800
7506248,Toma doble polarizado de empotrar A V blanco W Eagle,15,8,2,0.06,775
6104572,Ducha Maxi Ultra V W Lorenzetti,23,15,21,0.4,756
5180017,Tubo abasto acero fregadero  FIP x  FIP  cm ALA Coflex,40,2.5,3,0.1,750
7060255,Conector EMT   cable armado aislado rojo FLC PST,2,2,3.8,0.2,750
7506404,Placa ciega lnea Plata blanco W Eagle,20,11,2,0.04,740
7090028,Extensin elctrica blanca  x   pies  W Eagle,18,7,4,0.34,730
6104571,Ducha Maxi Ultra V W Lorenzetti,27,12,23,0.42,700
5180020,Tubo abasto acero fregadero  AM x  AM  cm ALK Coflex,41,4,4,0.08,700
7502488,Socketintemperie  Eagle,16,8,4,0.04,700
9200138,Codo  campana cementada SCH  blanco  Amanco,6,5,3,0.02,700
7550982,Caja rectangular EMT    UL  PST,10,4,2,0.22,700
3525016,Ducha Bellobanho Ultra blanca V W Lorenzetti,25,22,14,0.48,670
5180003,Tubo abasto acero sanitario  AM x  AM cm ASM Coflex,40,3,3,0.1,650
7502426,Enchufe plano negro A V BK Eagle,12,6,2,0.02,642
038070015,Conector  AWG beigerojo  caj  M,22,16,6,0.32,640
878628,Sellador silicn F uso general cartucho  ml transparente Sista Henkel,5,5,30,0.36,629
5001431,Breaker dual falla tierra  falla arco  polo A kA QODF Schneider,12,11,4,0.26,624
665597,Epoximil gr Henkel,7,4,11,0.12,624
1629145,Sper Bonder flex gr Henkel,16,9,1,0.02,622
7507119,Toma doble  polos  tierra A blanco Nobile AFEB Bticino,16,10,3.5,0.08,618
6401027,Riel para gaveta telescpico  cm cierre lento RBDSSC Rabbit,47,4.5,2.5,1.12,609
5240031,Sifn flexible      para desage PB Coflex,32,18,8,0.12,600
038070014,Conector  AWG beigeamarillo  caj  M,10,5,19,0.2,600
7501930,Toma doble TR  polos  tierra A negro Nobile AFTREANG Bticino,16,11,3,0.08,600
9200277,Vlvula de chorro clase a liviana  blanco  Amanco,14,7,4,0.1,600
7506257,Toma doble polarizado superficial blanco grado residencial W Eagle,16,8,3,0.06,600
9200305,Curva  tipo A conduit doble campana UL  gris  Amanco,22,7,2,0.02,600
2321043,Disco diamantado continuo   x  mm DTDCK Dyllu,18,15,1,0.12,600
9200124,Adaptador macho campana cementada SCH crosca  blanco  Amanco,3.5,3.5,5,0.02,600
7550928,Aro repello  gang EMT  x  UL C PST,11,11,0.5,0.08,600
915742,Conector macho conduit tipo A UL  gris  Amanco,5,2,2,0.02,600
7550926,Tapa para caja octogonal EMT chueco UL C PST,10,10,0.1,0.1,600
038070012,Masking azul  mm x yd m Scotch   M,11,11,3,0.14,595
2352300,No mas clavos fuerte y fcil gr Pattex Henkel,15,4,3,0.12,588
961927,Silicone claro   ml  Loctite,21,10,3,0.1,582
961925,Silicone gris RTV  no corrosivo  ml  Loctite,20,10,4,0.12,576
5120428,Llave chorro tipo PP  bronce MET Metales Aleados,10,8,4,0.16,576
5170048,LLAVE JARDIN PCP ROSCA  INSERTO NYLON  REF    PCP,3,7,9,0.1,576
7041026,Plafn W blanco Oval PW Bticino,14,13,5,0.08,560
9041045,Soporte interno canoa colonial blanco  Amanco,15,10,5,0.04,560
7090026,Extensin elctrica blanca  x   pies  W Eagle,18,6,4.5,0.28,556
38070031,Masking tape   uso general  mm x  m  M,11,11,2,0.14,553
5170019,Llave control doble  NPT x  M x  manilla angular IP Coflex,15,10,5,0.12,550
7506247,Toma doble A V marfil V Eagle,11,5,4,0.08,549
5500070,Ducha Loren Shower electrnica V W Lorenzetti,38,9.5,24,0.88,540
031260039,Masking azul  mm x yd m Scotch   M,12,12,5,0.28,540
7501086,Toma doble  polos  tierra A grafito Luzica PUTRGR Bticino,17,10,1,0.06,540
7040003,Bombillo LED A E luz fra W V  hr RLADW RCA,13.5,5.5,7,0.04,533
1520272,Bisagra  x  dorado brillante SA N National,5.3,1.9,13.3,0.6,531
9200224,Te campana cementada SCH presin  blanco  Amanco,6,5,1,0.02,525
5140315,Flapper sapo o pera para inodoro  transparente PBT Coflex,10,6,6,0.06,522
7702045342031,Silicone negro   ml  Loctite,20,10,4,0.1,511
7501125,Interruptor triple  polo A blanco Luzica PU Bticino,18,10,4,0.06,509
2321534,Disco diamantado Eco segmentado   x  x  x mm  Bosch,25,23,1,0.64,503
500115,Breaker  polos A kA QO Schneider,19,8,9,24,501
7062403,Conector pequeo anaranjado cable  al   Eagle,18,16,4,0.12,500
0560017,Hojas para segueta   TPI pcscaja DTHBH Dyllu,35,7,3,1.8,500
5140310,Flapper sapo o pera para inodoro  azul PB Coflex,14,13,4,0.06,500
38070033,Masking tape   uso general  mm x  m  M,12,11,5,0.28,500
5180002,Tubo abasto acero sanitario  AM x  AM  cm ASM Coflex,49,3.5,3.5,0.08,500
7506190,Toma superficial A  Eagle,7,6,13.5,0.3,500
7506238,Placa doble intemperie  Eagle,18,9,3,0.06,500
052440056,Interruptor sencillo  polo marfil Oval P Bticino,12,8,3,0.02,500
92110595,Disco lija metal lijadora orb  grano  bosch h,15,15,1,0.01,500
500117,Breaker  polos A kA QO Schneider,8,6,4.5,0.26,500
1520074,Bisagra  x  dorada S sust N N National,13,6,2.5,0.48,500
7171314,Pulsante superficial para timbre  Eagle,15,9,1,0.01,500
7060022,Gaza  orejas EMT  UL  Topaz,7.5,3.5,2,0.02,500
7060051,Unin tornillo EMT  UL ES Topaz,4.2,3.5,3.5,0.04,500
7060052,Unin tornillo EMT  UL ES Topaz,4.5,3,3,0.04,500
7060235,Conector EMT pbiex  UL SSC PST,3.3,3.5,3.5,0.04,500
7550935,Conector para varilla copperweld bronce  GRC PST,5,3,2.5,0.02,500
7060118,Unin tornillo EMT  UL ZS PST,3,3,4,0.02,500
7060126,Gaza  oreja EMT  UL OSP PST,5,3,2,0.02,500
7060100,Conector de presin EMT  UL ZCS PST,2.5,2.5,3.5,0.04,500
7060112,Conector tornillo EMT  UL HS PST,2,2,4,0.04,500
7060248,Conector TSJ EMT  UL RTCC PST,3,3,1,0.04,500
7506206,Placa metlica rectangular para toma de  A CH Eagle,5,0.1,12,0.3,500
7060249,Conector barril    SBC PST,1,1,2.5,0.02,500
5170011,Llave control  FNPT x  M angular  vuelta IP Coflex,5.5,3,4,0.12,498
7090024,Extensin elctrica blanca  x   pies  W Eagle,19,5,3,0.24,497
5230104,Rejilla cuadrada cuerpo ABS rejilla ABS cromado antiolor PC Coflex,19,15,5,0.12,496
7501133,Interruptor sencillo  vas A blanco Luzica PU Bticino,16,11,2,0.06,495
7501127,Interruptor sencillo  toma  polos  tierra blanco Luzica PU Bticino,17,11,4,0.06,494
6104588,Resistencia T Ultra V W Lorenzetti,20,5,1,0.02,494
2321435,Disco lija madera lijadora orb  G    Bosch,13,13,1,0.01,486
7501131,Interruptor doble  polo A blanco Luzica PU Bticino,16,12,4,0.06,480
1535267,Juego rodin para portn con perno  lb par N National,11.5,5.5,4.5,0.38,480
9200116,Adaptador hembra campana cementada SCH crosca  blanco  Amanco,3.3,3.3,5,0.02,480
9200113,Adaptador hembra campana cementada CPVC  crema  Amanco,3.7,3,3,0.01,480
031260041,Masking verde  mm x yd m Scotch  M,13,13,2.5,0.2,469
7501944,Toma sencillo RJ Cat H negro Nobile AFEANG Bticino,18,10,4,0.06,459
7501929,Toma doble TR  polos  tierra A champagne Nobile AFTREBCH Bticino,18,11,4,0.08,453
5140500,Tornillos tanque inodoro plstico   PB Coflex,14,9,3,0.02,450
6100130,Resistencia Maxi Relax V W Lorenzetti,17,6,2,0.02,450
9200332,Pegamento PVC todo propsito gr azul  Amanco,17,4,3.5,0.04,448
1520210,Bisagra   x   niquelada N National,13,5,3,0.38,436
8002003,Gaza sin fin acero inoxidable    mm    DTHU Dyllu,15,15,4,0.28,435
7110209,Plafn light marfil V Eagle,16,13,4,0.04,433
6020434,Candado de hierro mm blister VFHB Fanal,14,9,2,0.28,432
7506393,Interruptor sencillo lnea Plata negro BK Eagle,19,10,3,0.06,430
7090030,Extensin elctrica blanca  x   pies  W Eagle,18,5,4,0.16,429
7501152,Toma doble  polos  tierra T resistant marfil Luzica PUTRM Bticino,16,10,3,0.06,428
7550728,Caja pesada   huecos FSB Eagle,6.5,4.5,12.5,0.22,424
9041060,Gaza para tubera  blanco  Amanco,17,13,1,0.04,420
7506072,Toma con falla a tierra A V blanco GFW Eagle,7.4,4.3,11.7,0.3,410
5170020,Llave de chorro esfera  x  jardn IP Coflex,7.5,6,3,0.2,408
7501138,Toma doble GFCI blanco Luzica PUGF Bticino,16,11,4.5,0.14,405
7503516,Breaker falla arco  polo A kA proyectos QOCAFI Schneider,14,10,10.1,0.26,400
7040011,Bombillo LED A de emergencia E W lm RLADEMW RCA,19.5,7.5,9,0.14,400
5230101,Rejilla redonda cuerpo ABS rejilla ABS antiolor PC Coflex,18,15,4,0.08,400
5230106,Rejilla cuadrada cuerpo ABS rejilla acero inox antiolor PC Coflex,15,12.5,4.5,0.16,400
7501728,Toma doble TR  polos  tierra A blanco Nobile AFTREB Bticino,16,10,4,0.08,400
7550973,Caja cuadrada EMT    UL  PST,9.5,9.5,5.5,0.28,400
7062415,Conector metlico polarizado  a  V  Eagle,16,6,5,0.06,400
7502420,Enchufe jumbo A V  Eagle,17,8,3,0.04,400
7502438,Enchufe polarizado de vinil armado  a V  Eagle,15,6,4,0.06,400
5090109,Adaptador universal  para sifn PB Coflex,7,6,6,0.06,400
7550980,Tapa para caja cuadrada  x  EMT chueco UL C PST,11,10,2,0.12,400
1574675,Sper Bonder pincel gr Henkel,17,10,1,0.02,400
7060201,Conduleta botagua EMT  UL TEC PST,7,4,6,0.1,400
9200149,Codo  campana cementada SCH presin  blanco  Amanco,6,6,4.5,0.04,400
9200245,Unin tope campana cementada SCH  blanco  Amanco,5,5,6,0.04,400
7550674,Tapa para caja cuadrada  x  chueco UL C Topaz,11,11,1,0.14,400
2385720,Cinta tefln  x m WT Coflex,6.2,6.2,3,0.02,400
7502458,Socket con patillas  Eagle,6.6,4,4,0.02,400
9041011,Conector macho conduit tipo A UL  gris  Amanco,7,3,2,0.02,400
7060253,Conector barril  SBC PST,3,3,4.5,0.1,400
5180006,Tubo abasto acero sanitario  FIP x  FIP cm ASA Coflex,41,3.5,3.5,0.1,397
5140041,Empaque de cera sin gua PB Coflex,13,13,3,0.14,396
031260038,Masking azul   mm x yd m Scotch   M,13,11,4,0.22,393
023450002,Tape elctrico sumergible C mm x m Scotch  M,11,11,2,0.22,391
500109,Breaker  polo A kA QO Schneider,8,6.5,2,0.14,390
7501674,Placa ciega blanco Nobile AFSEB Bticino,16,10,3,0.04,389
5180001,Tubo abasto vinilo blanco sanitario  FIP x  AM VSBA Coflex,39,3,3,0.08,372
0932040,Juego de accesorios para inodoro  pz doble botn  Aqua Nuova,38,17,9,0.54,370
7502468,Socket fijo porcelana  Eagle,12,8,4,0.08,369
2380005,Pegaforte cemento de contacto  gl  Sur,5,5.5,9,0.16,363
7506196,Placa ciega acero inoxidable  Eagle,15,8,2,0.06,362
7501129,Interruptor doble  vas A blanco Luzica PU Bticino,17,12,4,0.06,361
7501756,Toma sencillo RJ Cat H blanco Nobile AFEB Bticino,17,10,4,0.06,361
5140015,Brida flexible corto  PB Coflex,24.5,16,8.5,0.38,360
031480018,Sellador poliuretano  negro ml  M,6,6,24,0.4,360
2385008,Sellador silicn baos y cocinas  ml transparente Sista Henkel,20,9,4,0.1,360
2129170,Escobn limpia telaraas s palo Eterna,14,11,4,0.2,360
7501686,INTERRUPTOR DOBLE UNIPOLAR A BLANCO AFEB NOBILE BTICINO,17,9,2,0.08,358
7501733,Toma doble TR  polos  tierra A marfil Nobile AFTREM Bticino,12.5,8,4.5,0.08,354
2380006,Pegaforte cemento de contacto  gl  Sur,7,5,3,0.12,352
0140848,Cinta mtrica mts x mm MKADP Exacto,38.5,30,28,14.48,350
7550924,Caja octogonal EMT  comb  Lados UL C PST,4,10,10,0.2,350
1500500,Gas butano g ml  VOX,7,7,20,0.34,348
500118,Breaker  polos A kA QO Schneider,9,7,4,0.26,347
5180011,Tubo abasto acero sanitario  FIP x  AM cm ASE Coflex,49,3,3,0.1,346
7062420,Conector polarizado amarillo A V p W  Eagle,16,6.5,3.4,0.04,345
7702045342062,Silicone rojo   ml  Loctite,20,9,4,0.1,342
5140001,Manija metlica frontal PB Coflex,32,7,4,0.06,341
7500388,Probador de corriente  Eagle,20,5,2,0.02,338
7502406,Adaptador redondo a plano negro BK Eagle,13,7,1,0.01,337
9200185,Tapn hembra liso campana cementada SCH  blanco  Amanco,2.5,2.5,3,0.01,335
7551027,Enchufe  polos  tierra negro PS PSX Bticino,7.5,3.5,4.5,0.06,332
9041520,Unin Conduit tipo A  Mipsa,6,6,2,0.01,330
92110571,Disco lija madera lijadora orb  G    Bosch,13,13,0.01,0.01,330
7501910,Interruptor sencillo  polo A negro Nobile AFEANG Bticino,17,13,4,0.06,329
5140009,Vlvula de admisin WC bolsa PB Coflex,36,14,5,0.18,325
961922,Adhesivo instantneo  gr  Loctite,3.5,2,12,0.04,325
879165,Sellador silicn F baos y cocinas cartucho  ml transparente Sista Henkel,4.5,4.5,23,0.36,324
7501914,Interruptor doble  polo A negro Nobile AFEANG Bticino,14,11,4,0.08,323
7506186,Toma empotrar A  vas  Eagle,5.5,4.5,11,0.18,321
1520073,Bisagra   x   dorada N sust N National,12,6.5,2.5,0.36,316
5170022,Llave de chorro  NPT x  NH IP Coflex,16,7,3,0.18,311
8002013,Gaza sin fin acero inoxidable    mm      DTHU Dyllu,20,18,9,0.26,310
7501139,Conector sencillo datos RJ Cat blanco Luzica PU Bticino,18,11,4,0.04,309
500159,Breaker falla arco  polo A kA QOCAFI Schneider,14,10,3,0.26,304
7040009,Bombillo LED alta potencia EE k W V h RLHPW Rca,9.5,9,20,0.16,300
3256013,Lente de seguridad oscuro deportivo Zasc ZSG,28,9,6,0.04,300
7601214,Fotocelda V W  Eagle,9.5,8,9.5,0.1,300
2352301,No mas clavos High Tack blanco Pattex gr,5.5,5.5,23,0.5,300
2385001,Sellador silicn FT blanco sella pega rellena  ml Sista Henkel,5,5,24,0.46,300
7040312,Panel LED spot echo cuadrado  W K  lm A Ilukon,10.5,8.5,6.5,0.08,300
5180019,Tubo abasto acero fregadero  FIP x  FIP  cm ALA Coflex,55,3,3,0.12,300
7507268,Toma  A de empotrar  Blister Eagle,6,5.8,10,0.5,300
7506080,Toma doble Decor A V W Eagle,13,4,3,0.06,300
9200160,Reductor sanitario campana cementada SDR  x   gris  Amanco,6,6,4,0.02,300
7506292,Toma grado hospital A V rojo HRD Eagle,4.4,3,10.9,0.4,300
9200117,Adaptador hembra campana cementada SCH crosca  blanco  Amanco,5.5,5,4.5,0.04,300
7060057,Conector EMT pbiex  UL TZ Topaz,3.5,3.5,3.5,0.04,300
9200199,Tapn macho SCH crosca  blanco  Amanco,3,3,2.5,0.02,300
9200154,Reductor campana cementada CPVC  x  crema  Amanco,3,3,2,0.01,300
5121198,Niple extension bao palanca A Pfister,5,3,1,0.02,300
5170408,Cinta tefln profesional  x m TEF Metales Aleados,5,5,2,0.01,292
7506400,Interruptor triple lnea Plata blanco W Eagle,18,10,4,0.1,288
7506389,Interruptor doble lnea Plata negro BK Eagle,15,9,5,0.08,288
7501682,Interruptor sencillo  vias  polo A blanco Nobile AFEB Bticino,14,12,4,0.06,288
7506420,Toma e interruptor lnea Plata blanco W Eagle,16,10,3,0.08,288
7506252,Toma doble polarizado superficial V Eagle,15,8,3,0.06,288
7506253,Toma doble polarizado superficial negro BK   Eagle,16,7,3,0.06,288
6020424,Candado de hierro mm blister VFHB Fanal,13,10,2,0.14,288
5170010,Llave control  NPT x  comp angular  vuelta IP Coflex,7,6,3,0.1,288
3256510,Mascarilla desechable N  hc  M,17,15.5,0.2,0.01,288
7501936,Toma doble GFCI TR  polos  tierra A negro Nobile AFEANG Bticino,12,6,3.5,0.14,283
5180018,Tubo abasto acero fregadero doble T  FIP x  FIP x  FIP ALT Coflex,38,10,3,0.22,280
2330178,Cinta doble propsito VHB   mm x  yd m transparente HB M,15,15,2.5,0.16,280
7506102,Tomacorriente doble comercial A V W Eagle,4.5,3,13,0.1,277
5180022,Tubo abasto acero fregadero  FIP x  FIP  cm ALA Coflex,22,12,4,0.18,276
2321026,Disco corte metal  x  x    M,19,19,2,0.28,275
9200225,Te campana cementada SCH presin  blanco  Amanco,7.5,5.5,3,0.04,275
8002005,Gaza sin fin acero inoxidable    mm     DTHU Dyllu,19,14,4,0.36,273
5140004,Kit clsico reparacin  completo tanque WC PSA Coflex,37,25,10,0.48,270
1520017,Bisagra   x   dorada b sust N National,14,5.5,2,0.18,270
5170018,Llave control doble  FNPT x  M x  manilla angular IP Coflex,17,10,5,0.08,267
2321910,Disco   x  clean strip XT Pro  M,12,12,3,0.1,267
7506468,Tomacorriente falla tierra A V lnea Plata blanco W Eagle,14,10,5,0.14,266
7550782,Caja con conos  x  x mm B Eagle,11,10.5,7,0.18,263
5170014,Llave control  NPT x  manilla recta  vuelta IP Coflex,8,5.5,4.5,0.12,263
5230105,Rejilla redonda cuerpo ABS rejilla acero inox antiolor PC Coflex,19,15,5,0.12,261
038070020,Conector IDC   AWG amarillo  caj  M,30,17,7,0.34,260
5240034,Desage lavatorio plstico   rejilla inox sin rebosadero PH Coflex,26,10,7,0.08,260
879154,Sellador acrlico F puertas ventanas y grietas  ml Sista Henkel,5,5,30,0.54,260
7501678,Interruptor sencillo  polo A blanco Nobile AFEB Bticino,15,11,4,0.06,260
2330320,Cinta tapagoteras cm x m Sista Henkel,4,4,10,0.12,260
2321027,Disco desbaste metal   x  x   M,12,12,3.5,0.76,255
7506123,Interruptor de paso A V negro BK Eagle,9,5,2,0.02,255
7601212,Base para fotocelda con brazo  Eagle,8,7,8,0.22,253
7506428,Toma para computo RJ lnea Plata blanco W Eagle,19,10,3,0.06,252
7502476,Socket metlico liso  Eagle,17,9,4,0.02,250
6020002,Candado anticizalla de mm acabado bronce CS Fanal,18,11,3,0.42,250
7502464,Socket de baquelita con perilla  Eagle,18,8,4,0.04,250
7502472,Socket metlico con pasador  Eagle,16,9,4,0.04,250
7502460,Socket de baquelita con cadena  Eagle,18,9,3.5,0.04,250
7502462,Socket de baquelita con pasador  Eagle,17,8,4,0.04,250
7506316,Toma telfono sencillo superficial  Eagle,13,8,4,0.02,250
7550929,Caja rectangular EMT  comb UL  PST,5.7,4.8,10,0.5,250
7506225,Placa para toma sencillo marfil V Eagle,15,8,2,0.02,250
7550609,Caja rectangular EMT  x  UL H Topaz,8.5,4.5,6,0.2,250
9200147,Codo  campana cementada SCH presin  blanco  Amanco,7.5,6,4.5,0.04,250
6010018,Bisagras  x  cuadrada acabado acero N par  Fanal,15,6,2,0.18,250
7502470,Socket metlico con cadena  Eagle,18,9,1,0.04,250
7506224,Placa para toma doble marfil V Eagle,16,9,1,0.02,250
7506218,Placa para interruptor sencillo blanca W Eagle,17,8,1,0.02,250
7506222,Placa para toma doble anaranjada RN Eagle,16.5,8,1,0.01,250
7506226,Placa para toma sencillo blanca W Eagle,16,8,1,0.02,250
7506215,Placa ciega plstica blanca W Eagle,16,8,1,0.02,250
7506214,Placa ciega plstica marfil V Eagle,14,8,1,0.02,250
7550916,Tapa para caja cuadrada  x  ciega C Topaz,10,10,1,0.14,250
7506220,Placa para toma doble rojo RD Eagle,12,8,1,0.02,250
7060242,Conector EMT pbiex cpvc  UL SLTI PST,4,4,4,0.06,250
7060251,Conector barril  SBC PST,5,3,4,0.3,250
7060107,Unin presin EMT  UL ZCCS PST,3.2,3.2,4.2,0.08,250
7060101,Conector de presin EMT  UL ZCS PST,3,3,4,0.06,250
7060113,Conector tornillo EMT  UL HS PST,3,3,4,0.04,250
7060237,Conector EMT pbiex  UL SSC PST,4,4,2,0.06,250
7060106,Unin presin EMT  UL ZCCS PST,2.5,2.5,4.5,0.06,250
7060241,Conector EMT pbiex cpvc  UL SLTI PST,2.5,2.5,2.5,0.06,250
5170016,Llave control  NPT x  comp recta IP Coflex,7.5,6,3,0.14,249
7040010,Bombillo LED alta potencia EE k W V h RLHPW Rca,13,13,25,0.28,240
5230103,Rejilla redonda cuerpo ABS rejilla ABS cromado antiolor PC Coflex,20,16,4,0.08,240
031260043,Masking verde  mm x yd m Scotch  M,13,13,5,0.42,240
2385007,Sellador silicn uso general  ml transparente Sista Henkel,21,10,3,0.1,240
031480013,Sellador poliuretano  transparente ml  M,5,5,24,0.38,240
7506405,Placa ciega lnea Plata negro BK Eagle,23,12,2,0.02,240
2385002,Sellador silicn FT gris sella pega rellena  ml Sista Henkel,5,5,22,0.46,240
031260044,Masking verde  mm x yd m Scotch  M,13,13,3,0.16,240
7501071,Toma empotrar V negro PS  Bticino,11,6.5,6.5,0.16,240
3270100,Guantes de seguridad algodn con puntos PVC Zasc ZSCG,22,7,3,0.04,240
5120301,Soporte ua para lavatorio reforzado  pieza PLB Coflex,21,11,2,0.2,240
031480012,Sellador poliuretano  gris ml  M,4,4,22,0.4,240
7506328,Toma doble polarizado lnea eterna  Eagle,17,8,2,0.08,240
5501136,Resistencia Loren Shower V W Lorenzetti,26,6.5,0.5,0.01,240
7060012,Gaza  oreja EMT  UL  Topaz,5,2,2.5,0.02,240
5180028,Tubo abasto acero para calentador  FIP x  FIP cm ABI Coflex,61,3,3,0.24,237
023450006,Tape elctrico  mm x m rojo Scotch   M,8,8,5,0.1,237
7506251,Toma doble polarizado superficial blanco Tamper Resistant A W Eagle,5.2,3.4,8.2,0.3,235
500143,Breaker falla tierra  polo A kA QOGFI Schneider,13.5,9,4,0.24,228
5170405,Llave chorro PVC  MET  Metales Aleados,17,8,4,0.04,225
7060030,Unin presin EMT  UL S Topaz,5.5,3,3,0.1,225
5180024,Tubo abasto acero sanitario  FIP x  FIP cm ASA Coflex,50,3,3,0.13,224
7506978,Tomacorriente dplex TR A V BK Eagle,18,10,4,0.08,223
6032632,Cerradura pomo cilndrico Beet bronce antiguo sllave   Fanal,20,17,8,0.48,220
3525093,Niple ducha blanco especial Lorenzetti,41,10,3,0.12,220
5180035,Tubo abasto acero fregadero  COMP x  AM  cm ALJ Coflex,55,3,3,0.1,220
6032630,Cerradura pomo cilndrico Beet bronce antiguo cllave   Fanal,20,18,7.5,0.5,216
2352319,Pattex  pegamento todo propsito  g Henkel,12,4.2,21.8,0.4,216
7506017,Dimmer para LED V W  vas DMD LEDW Eagle,12.5,7.5,7,0.16,216
038070019,Guante nylon c nitrilo talla M comfort grip WX M,23,13,2,0.04,216
7550002,Caja cuadrada conduit  gris  Amanco,10,10,5,0.1,216
665598,Epoximil gr Henkel,7.5,4.5,7,0.2,216
524401981,Multi toma flexible  salidas A blanco HYPRA S Bticino,10,8,6,0.26,212
500158,Breaker falla arco  polo A kA QOCAFI Schneider,11.5,10,4,0.26,211
6020462,Candado mm blister two pack VFHB Fanal,35.5,35,19,6.42,210
6032634,Cerradura pomo cilndrico Beet acero inoxidable cllave  Fanal,31,30,7,0.5,210
5001432,Breaker dual falla tierra  falla arco  polo A kA QODF Schneider,13.5,9.5,3.5,0.26,208
7503101,Breaker dual falla tierra  falla arco  polo A kA QOPDF Schneider,12,10,3,0.24,208
6020436,Candado de hierro mm caja FHB Fanal,7,5,3,0.26,206
2330176,Cinta doble cara IGWF blanca para exteriores  x m HB M,12,6,2,0.14,204
500121,Breaker  polos A kA QO Schneider,9,8.5,4.5,0.32,203
5090402,Pila un tanque cm x cm acero inoxidable sobremontar  Aqua Nuova,63,55,20,2.34,200
2330358,Cinta Tapagoteras Plata mm cm x m M Imptek,18,18,20,4.2,200
7062401,Conector jumbo gris cable  al    Eagle,30,24,7,1.22,200
2330359,Cinta Tapagoteras Plata mm cm x m M Imptek,13,13,21,2.2,200
7054009,Protector A V ajustable acmotoresbombas SPCPABBBA Avtek,18,12,9,0.24,200
5180030,Tubo abasto acero T fregadero  AM x  AM x  FIP cm ALX Coflex,44,11,4,0.18,200
2330357,Cinta Tapagoteras Plata mm cm x m M Imptek,13,13,11,2.2,200
7501740,Toma doble GFCI TR  polos  tierra A blanco Nobile AFEB Bticino,17,8,4.5,0.14,200
7502474,Socket metlico con perilla  Eagle,19,9,3,0.02,200
6401015,Riel para gaveta telescpico  cm Rabbit RBDS,56,3,3,0.88,200
7060212,Conduleta tipo LL EMT  UL LL PST,10,10,5,0.18,200
7502428,Enchufe polarizado A V p W  Eagle,15,7,4,0.04,200
7506250,Toma doble polarizado de empotrar A V marfil V Eagle,15,9,3,0.06,200
7506716,Placa ciega lnea TJ champagne CH Eagle,18,11,2,0.06,200
7506228,Placa plstica para toma A P Eagle,22,16,1,0.02,200
7502481,Socket sencillo para lmpara BK Eagle,16,7,3,0.02,200
7062414,Conector jumbo hembra A V  Eagle,13,7,3.5,0.04,200
7550931,Caja rectangular EMT  comb DF UL  PST,5.5,5.3,10,0.7,200
023450005,Tape elctrico  mm x m blanco Scotch   M,9,9,3,0.1,200
9203200,Cruz sisa para piso  mm  unidades Zasc ZTSmm,12,10,2,0.02,200
7502448,Trifurcador con patillas de  a  A V B Eagle,11,7,3,0.02,200
9203205,Cruz sisa para piso  mm  unidades Zasc ZTSmm,11,10,2,0.04,200
9203203,Cruz sisa para piso  mm  unidades Zasc ZTSmm,12,9,2,0.02,200
9203201,Cruz sisa para piso  mm  unidades Zasc ZTSmm,12,9,2,0.02,200
7110206,Benjamn sin cadena BK Eagle,11,4,4.5,0.04,200
9200271,Tapn macho SCH crosca  blanco  Amanco,7,7,4,0.08,200
7110205,Benjamn con cadena BK Eagle,11,4,4,0.04,200
052440170,Toma RJ telefnico  vas blanco Oval P Bticino,12,7,2,0.02,200
2395403,Tape elctrico  pies rojo RD Eagle,8,6,3,0.08,200
500116,Breaker  polos A kA QO Schneider,5.5,5.5,4,0.24,200
7506210,Placa sencilla acero inoxidable  Eagle,15,8,1,0.06,200
2395402,Tape elctrico  pies negro BK Eagle,7.5,7.5,2,0.08,200
2395401,Tape elctrico  pies azul BL Eagle,7.5,7.5,2,0.08,200
9200243,Unin transicin o reparacin SCH  blanco  Amanco,4.4,4.5,5.5,0.04,200
7060114,Conector tornillo EMT  UL HS PST,4,4,5,0.08,200
7060133,Gaza  orejas EMT   UL TSP PST,10,2,4,0.02,200
0126013,Repuesto pcutter triangular pzs  grosor  Stanley,15,5,1,0.04,200
7060128,Gaza  oreja EMT   UL OSP PST,8,2,4.5,0.04,200
0126045,Repuesto pcutter triangular Fatmax pcs  Stanley,14,5,1,0.02,200
0230052,Set puntas desatornillador  pcs DTSVK Dyllu,12,5.5,1,0.02,200
5170523,Llave chorro  metal C Urrea,8,7,1,0.12,200
2385721,Cinta tefln para gas  x m WTG Coflex,5,5,2,0.02,200
7550921,Tapa para caja rectangular  x  EMT chueco UL C PST,5.9,0.3,11.7,0.4,200
7060243,Conector EMT pbiex cpvc  UL SLTI PST,4,2,2,0.12,200
7550920,Tapa para caja rectangular  x  ciega UL C PST,11,6,0.2,0.06,200
2320186,Disco de lija respaldo velcro CUBITRON G  L  M,15,15,0.01,0.01,200
6020416,Candado de hierro mm blister VFHB Fanal,13,8,2,0.1,198
2320129,Esponja Scotch Brite blanca superfino   pack  x  BA M,23,16,2,0.04,195
7009142,Cable THWN   azul  hilos m,31,28,8,3.68,192
7008056,Cable THHN   rojo Conducen m,23.5,23.5,8.5,3.88,192
7008050,Cable THHN   azul Conducen m,24,24,8,3.62,192
7008054,Cable THHN   negro Conducen m,24,23.5,8,3.62,192
7008058,Cable THHN   verde Conducen m,24,23.5,8,3.6,192
7008052,Cable THHN   blanco Conducen m,23.5,23.5,8,3.58,192
8352910,Aceite penetrante WD  oz,5.5,5.5,17,0.22,192
2352001,Pegamento  segundos  gr Loctite,18,10,2,0.04,192
031260042,Masking verde  mm x yd m Scotch  M,12,12,2,0.1,192
9200331,Pegamento PVC todo propsito gr azul  Amanco,20,4,2.5,0.06,192
4530146,Acople rpido hembrahembra  MPAV Campbell,11,5,2,0.08,192
5230107,Rejilla cuadrada  cm x  cm cuerpo latn antiolor PC Coflex,10.5,5,11.5,0.3,190
7506172,Enchufe de A  A V L  Eagle,8,7.5,7.5,0.24,190
502071,Sellador silicn F uso general cartucho  ml blanco Sista Henkel,5.5,5.5,24,0.38,188
052440051,Interruptor  vas blanco Oval P Bticino,13,7,3,0.02,184
038070018,Guante nylon c nitrilo talla L comfort grip WX M,50,29,33,5,183
023450007,Tape elctrico  mm x m verde Scotch   M,9,9,3,0.1,183
6104579,Resistencia Ultra lnea Acqua Storm  Star V W Lorenzetti,18,14,4,0.14,182
7506423,Toma e interruptor lnea Plata negro BK Eagle,19,10,2,0.08,182
2385006,Sellador multiflex elastomrico cartucho  ml blanco Sista Henkel,5,5,23,0.5,181
878633,Sellador silicn F policarbonato y PVC  ml transparente Sista Henkel,5,5,23,0.36,181
1150270,Manguera expandible m  Basic Living,27,9,20,0.76,180
5140008,Vlvula de admisin compacta WC PB Coflex,8.5,8,33.5,0.32,180
031260007,Cinta antideslizante  negra mm x pies m  M,18,15,6,0.84,180
297686,Cinta tapagoteras cm x m Sista Henkel,15,14,7,0.68,180
5090103,Desage fregadero   plsticoinox coleta plstica PH Coflex,14,11,7,0.2,180
7090620,Regleta supresora A VAC  tomas PS Avtek,26,8,5,0.24,180
1535262,Juego rodin para portn con perno  lb par N National,12,5,4,0.22,180
500111,Breaker  polo A kA QO Schneider,8,7,2,0.12,180
9200183,Tapn hembra sanitario campana cementada SCH  blanco  Amanco,6,6,3,0.02,180
6032624,Cerradura pomo cilndrico Tunnich acero inoxidable cllave   Fanal,19,17,7,0.54,174
0611023,Set puntas de impacto  pcs PH  mm DTSVK Dyllu,12,5,1,0.02,174
5180027,Tubo abasto acero para calentador  FIP x  FIP cm ABI Coflex,83,3,3,0.3,173
7506104,Tomacorriente GFCI A con indicador de vida TSTW Eagle,14,7,4,0.16,172
297692,Nais rociador  ml Henkel,4,4,19,0.26,172
0998006,Bolsa plstica DTDAA Dyllu  uds x caja,36,11.5,8,1.38,171
500463,Desconectador aire acondicionado A metlico Nema R QOTR Schneider,13,9.5,19,1.4,171
5180015,Tubo abasto acero cachera  FIP x M cm ALM Coflex,50,4.5,4.5,0.1,170
909518,Caja rectangular conduit  gris  Amanco,7.5,3,3,0.02,170
5500175,Ducha Loren Bello Ultra maxx c brazo blanca V W Lorenzetti,35,24,20,0.64,168
961911,Trabador de roscas  ml rojo  alta resistencia  Loctite,16,9,1,0.02,168
7501695,Interruptor triple  polo A blanco Nobile AFEB Bticino,17,9,4,0.08,167
5240030,Desage lavatorio metal   con rebosadero PH Coflex,16,6.5,6.5,0.14,166
4535010,Mini filtro agua manual compresor  gl MPAV Campbell,20,10,3,0.22,161
7503149,Breaker QO tipo tndem A x A q QO Schneider,8,6.5,2,0.14,161
666054,Pasta tapagoteras  gal Sista Henkel,7,5,2,0.26,161
3525015,Ducha Bellobanho Ultra azul V W Lorenzetti,33,22,13,0.46,160
0110061,Caja pequea  multicolor  Rimax XP Rimax,29,14,12,0.34,160
5140014,Brida flexible corto  PB Coflex,25,16,10,0.32,160
5140016,Brida flexible corto  PB Coflex,21,16,9,0.28,160
5120400,Llave empotrar bronce copa cromo BAK Metales Aleados,7.5,7,19,0.4,160
61003012,Resistencia Advanced y Top Jet V W Lorenzetti,22,11,4,0.04,160
7503517,Interruptor termomagnetico falla de arco combinacin QOPCAFI Schneider,12,9,3,0.24,160
031260040,Masking azul  mm x yd m Scotch  M,12,12,2,0.1,160
9200128,Adaptador macho campana cementada SCH crosca  blanco  Amanco,7,6,5,0.1,160
9211232,Disco corte Expert Ffr inox  xX centro plano  Bosch,11.5,11.5,0.01,0.02,159
5140311,Flapper sapo o pera para inodoro  azul PB Coflex,16,15,5,0.08,156
5230102,Rejilla cuadrada cuerpo ABS rejilla ABS antiolor PC Coflex,17,14,5,0.12,156
0050012,Brocha profesional  cerdas sintticas Zasc ZPPBSBBK,23,6,2,0.04,156
7009126,Cable THWN   verde  hilos m,24.5,23.5,8,3.72,154
2330183,Cinta doble propsito H transparente  x   M,16,11,4,0.06,154
0420009,Broca HEX multiconstruccion   x  x mm  Bosch,23,4.1,1,0.02,151
5140018,Brida flexible largo  PB Coflex,23,12,19,1.92,150
5008600,Asiento inodoro redondo bsico blanco CHA Coflex,47,37.5,2,1.7,150
7054020,Protector A V min toma refrigerador SPCPTNT Avtek,18,13,8,0.14,150
6095007,Agarradera decorativa para puerta cobre antiguo Rabbit RBDPHACBL,26,9,5,0.12,150
7090013,Regleta  tomas y luz piloto  Eagle,4,11,26,26,150
7110200,Plafn americano W Eagle,18,12,4,0.08,150
7040002,Bombillo LED A E luz fra W V  hr RLADW Rca,13.5,5.5,7,0.04,150
0140022,Cinta mtrica  m x  mm DTMT Dyllu,12,7,6,0.26,150
9200194,Tapn hembra liso campana cementada SCH  blanco  Amanco,7,7,5,0.08,150
7060129,Gaza  oreja EMT  UL OSP PST,8,3,6,0.08,150
5140039,Empaque espuoso tanque  taza inodoro PB Coflex,4,4,3,0.04,150
2320033,Fibro disco   x  G Abracol RFIB,12,12,0.1,0.01,150
7501210,Kit timbre inalambrico essential pulsador IP redondo blanco S Bticino,20,16,4,0.16,149
492818,Sellador silicn F vidrio y aluminio cartucho  ml transparente Sista Henkel,5,5,22,0.36,148
8706304,Gel lubricante para tirado de cables  gal  M,8,7,27,1.02,147
5500067,Ducha Maxi Shower Ultra c brazo V W Lorenzetti,33,23,14,0.58,144
3525004,Ducha Tradicao V W Lorenzetti,18,16.5,20,0.86,144
0050007,Felpa antigoteo  x  Zasc ZPRCXADYL,32,10,7,0.06,144
2385009,Espuma expansiva aislante pu foam  ml Sista Henkel,7,7,24,0.6,144
7506373,Dimmer lnea Plata negro BK Eagle,16,12,6,0.12,144
3256014,Lente de seguridad oscuro Zasc ZSGB,22,8,6,0.02,144
5501125,Resistencia Top Jet  Advance electrnica V W Lorenzetti,22,11,4,0.04,144
7506407,Interruptor triple  vas lnea Plata negro BBK Eagle,20,11,4,0.1,144
7506437,Toma TV coaxial lnea Plata negro BK Eagle,17,11,4,0.06,144
7506386,Interruptor doble  vas lnea Plata marfil BV Eagle,17,11,4,0.08,144
7506438,Toma TV coaxial lnea Plata marfil V Eagle,19,13,3,0.06,144
7506385,Interruptor doble  vas lnea Plata negro BBK Eagle,18,10,4,0.08,144
7506431,Toma para computo RJ lnea Plata negro BK Eagle,18,10,4,0.06,144
7506422,Toma e interruptor lnea Plata marfil V Eagle,16,11,4,0.08,144
2330235,Cinta de montaje no mas clavos Pattex m x mm Henkel,17,10,4,0.02,144
7506390,Interruptor doble lnea Plata marfil V Eagle,17,10,4,0.08,144
7506384,Interruptor doble  vas lnea Plata blanco BW Eagle,15,9,5,0.08,144
7506377,Interruptor  vas lnea Plata negro BK Eagle,19,11,3,0.06,144
7171326,Pulsante para timbre lnea Plata blanco W Eagle,19,11,3,0.06,144
7171325,Pulsante para timbre lnea Plata negro BK Eagle,19,11,3,0.06,144
7506402,Interruptor triple lnea Plata marfil V Eagle,15,10,4,0.1,144
7506378,Interruptor  vas lnea Plata marfil V Eagle,18,11,3,0.06,144
7506436,Toma TV coaxial lnea Plata blanco W Eagle,17,11,3,0.04,144
7506432,Toma para telfono lnea Plata blanco W Eagle,18,10,3,0.06,144
5240033,Desage lavatorio plstico   con rebosadero PH Coflex,5.5,5.5,17.5,0.08,144
7506458,Tomacorriente doble polariz tipo americano lnea Plata marfil AV Eagle,13,10,4,0.08,144
38070032,Masking tape    uso general  mm x  m  M,11,11,4,0.2,144
7506433,Toma para telfono lnea Plata negro BK Eagle,19,11,2,0.06,144
3018010,Linterna batera  lm LED  mm  Rayovac,17,3.5,5.5,0.06,144
6020001,Candado arco corto de mm acabado bronce VFHB Fanal,12,6,2.5,0.06,144
6010022,Bisagras  x  cuadrada acabado bronce antiguo N par Fanal,17,7,1,0.46,144
2330010,Masking tape  uso general  mm x  m Zasc ZMTmm,9,9,1,0.04,144
9200330,Pegamento PVC todo propsito ml gl azul  Amanco,5,4,1,0.16,144
7506401,Interruptor triple lnea Plata negro BK Eagle,15,10,4,0.1,143
0290022,Esmeriladora    W UDTAG Dyllu,32.5,12.5,11,2.2,140
7506469,Tomacorriente falla tierra A V lnea Plata negro BK Eagle,17,10,5,0.16,140
4020213,Clavo empacado g ccabeza   Caiman,13,10,4,0.5,140
7501927,Toma triple  polos  tierra champagne Nobile AFEBCH Bticino,13,8.5,4.5,0.1,140
7506181323127,Plafon W marfil Oval PAN Bticino,17,13,5,0.08,138
500120,Breaker  polos A kA QO Schneider,9,7,4.5,0.26,137
023450004,Tape elctrico  mm x m azul Scotch   M,9,9,12.5,0.1,136
7501912,Interruptor sencillo  vias  polo A negro Nobile AFEANG Bticino,15,11,4,0.06,136
3300215,Cinta reflectiva  mm x  mts rojoblanco XA M,10,10,5.5,0.14,136
5240024,Sifn a la pared   metlico PB Coflex,22.5,12,5,0.22,135
3033012,Llave bola lisa  PVC VAL Fermetal,14,9,5,0.08,135
6032610,Cerradura manija tubular Cannes nquel satinado cllave  Fanal,19,15,9,0.52,134
6100166,Resistencia  temperaturas Tradicao  Jet  V W Lorenzetti,16,6,2,0.02,134
0560018,Hojas para segueta   TPI pcscaja DTHBH Dyllu,34.5,6.5,3,1.82,133
2352305,Sper Bonder Monodosis tro original Xg Henkel,11,0.1,17.7,0.1,132
500113,Breaker  polo A kA QO Schneider,10,7,2,0.12,131
5008604,Asiento inodoro elongado clsico blanco CHA Coflex,54,46,5,1.02,130
6032614,Cerradura manija tubular Cannes bronce antiguo cllave  Fanal,19,18,8,0.52,130
7501088,Interruptor simple A grafito Luzica PUGR Bticino,18,9,4,0.04,130
7501161,Toma doble  polos  tierra A blanco Luzica PU Bticino,17,9,3,0.06,130
038070016,Conector  AWG azulgris  caj  M,26,15,7,0.32,125
7060238,Conector EMT pbiex   UL SSC PST,4.6,4.6,4.6,0.4,125
7550239,Placa idrobox universal IP  M gris  Bticino,16,11,2,0.1,124
961910,Trabador de roscas  ml azul  media resistencia  Loctite,14,9,2,0.02,124
5120530,Cachera fregadero monomando cromada flexible palanca MET Metales Aleados,38,15.5,7,0.88,121
7090015,Regleta negra  tomas y luz piloto BK Eagle,29,11,4,0.34,121
3003030,Fregadero empotrar  tanque  escurrideros  cm x  cm FRE Fermetal,151,51,21,4.5,120
7009168,Cable THWN   negro  hilos m,24,24,9.5,5.82,120
7008042,Cable THHN   negro Conducen m,23.5,23.5,9.5,5.66,120
5240025,Sifn a la pared     adaptador plstico con trampa PB Coflex,28,18,6,0.16,120
6036803,Manija negra mate cllave Rennes  Fanal,19,17,8,0.7,120
3270102,Guantes de seguridad nitrilo anti cortes Zasc ZSARG,38,13,5,0.08,120
2392305,Pintura anticorrosivo negro  gl Bess  Sur,11,11,12.5,1.02,120
0709052,Machete pulido pchapea    PLI Imacasa,80,6,2.5,0.54,120
0709051,Machete pulido pchapea    PLI Imacasa,84,6,2,0.56,120
5180401,Tubo abasto vinilo fregadero  AM x  AM  cm VP Dica,54,4,4,0.08,120
7551076,Plafn W blanco Oval PB Bticino,12,5,14,0.2,120
7551075,Plafn W marfil Oval PA Bticino,12.2,5,13,0.2,120
0050003,Brocha profesional   cerdas naturales Zasc ZPPBNBWT,23,8,2,0.06,120
2330446,Cinta doble propsito H extrema  x m  M,12,6.5,4.5,0.04,120
7501089,Interruptor doble A grafito Luzica PUGR Bticino,13,8,3,0.06,120
38070030,Masking tape   uso general  mm x  m  M,11,11,2,0.1,120
7060016,Gaza  oreja EMT  UL  Topaz,10,4,6,0.08,120
7550637,Conduleta tipo C EMT  UL ECC Topaz,12,3,5,0.14,120
4530148,Juego acople rpido  pzs  MPAV Campbell,15,7,1,0.14,120
500453,Supresor de sobre voltaje kA enchufable en tablero QOSB Schneider,12.5,7,5,0.18,119
031480006,Adhesivo en aerosol Sper   oz  M,7,7,26,0.62,117
7501768,Toma coaxial TV RJ Cat blanco Nobile AFEB Bticino,16,12,4,0.06,115
7002050,Amarra plstica  pcs DTTE Dyllu,6,5.5,21.5,0.18,115
5120441,Cachera fregadero monomando mezclador negro  cromado flexible palanca MET Metales Aleados,38,21,6,1.04,113
7090009,Convertidor polarizado de  a  tomas  Eagle,18,9,4,0.06,112
9200324,Pegamento PVC todo propsito gr transparente  Amanco,16,6,4,0.04,112
2321060,Set discos abrasivos metal  pcs   mm x  mm DTACL Dyllu,12.5,12.5,2,0.44,112
9200325,Pegamento Premium agua caliente gr  Amanco,20,4,3,0.06,112
9200323,Pegamento PVC todo propsito gr transparente  Amanco,20,4.1,2.5,0.06,112
9913032,Fregadero pileta cm x cm  huecos FRE Fermetal,65,57,16,2.38,111
5500197,Ducha Acqua Duo negro  cromo V W Lorenzetti,22.5,8.5,54.5,2.14,111
7501918,Interruptor triple  polo A negro Nobile AFEANG Bticino,17,12,4,0.08,111
5170504,Llave control  NPT x  M angular SC Urrea,5,6,3,0.8,110
5120403,Cachera fregadero monomando negrocromo flexible palanca MET BLU Metales Aleados,37.5,24.5,7.5,0.64,109
2330437,Cinta de montaje cuadros  x  hsq  M,13,8,4,0.02,109
2390017,Pintura spray blanco mate ml RMW Rainbow,6,6,21,0.4,108
2330054,Cinta de empaque super tranparente  mm x  m DTPNH Dyllu,11,10,6,0.24,108
4530156,Fitting rpido hembra  para herramienta neumtica MPAV Campbell,12,7,3,0.06,108
500114,Breaker  polos A kA QO Schneider,9,7,3,0.24,108
2330192,Cinta doble propsito automotriz negra  x m   M,23,22,2,0.26,106
6032671,Cerradura doble paso beige izquierda blister VNBI Fanal,19,19,8,0.8,105
5140027,Tornillos largos de acero tropicalizado tanque  taza PB Coflex,17,11,2,0.06,105
0707004,Conector plstico para manguera hembra   H PI Imacasa,7,3.5,12.8,0.1,105
6032673,Cerradura doble paso beige derecha blister VNBD Fanal,19,19,7,0.78,104
7054506,Regleta supresora negra  tomas   USB de A  pies essential PEU APC,39,11,5.5,0.68,102
7090040,Extensin para cocina  a  pies  Eagle,27,12,5,0.7,102
7550802,Caja entradas marcadas  x  x mm A Eagle,11,11,7,0.14,102
4530158,Fitting rpido macho  para herramienta neumtica MPAV Campbell,12,5,1,0.04,102
6020402,Candado mm caja FHB Fanal,3,2,2,0.04,102
7090039,Extensin para cocina  a  pies  Eagle,27,10,5,0.48,101
30030291,Fregadero sobreponer tanque derecho  cm x  cm FRE Fermetal,101,52,20,3.6,100
6101520,Carcasa de ducha Duo shower Lorenzetti,32,30,14,0.9,100
7008520,Cable TSJ x AWG negro Conducen m,35,33.5,10.5,7.12,100
1130130,Rastrillo de arco  dientes  E ULI Imacasa,16,7,76,0.98,100
9041075,Boquilla lisa terminal redonda  blanco  Amanco,21,16,17,0.36,100
7060120,Unin tornillo EMT  UL ZS PST,14,5,75,0.18,100
032440015,Lija agua Q  paq  HB M,32,27,4,1.32,100
032440016,Lija agua Q  paq  HB M,30,23,4,1.08,100
9041056,Codo  canoa UV  blanco  Amanco,16,15,10,0.24,100
500119,Breaker  polos A kA QO Schneider,8,65,4,0.26,100
6100127,Manguera para ducha completa Lorenzetti,26,19,4,0.12,100
2321002,Disco diamantado segmentado  para concreto,31,26,2,0.68,100
7041500,Base con  tubo LED  W K  V A Ilukon,62.5,4.5,4.5,0.26,100
5240036,Desage lavatorio plstico   con rebosadero PH Coflex,27,8,5,0.08,100
0540104,Llave fontanero   Stanley,30,9,4,0.8,100
7041505,Panel LED Tortuga W K  lm V A Ilukon,19.5,9.5,5.5,0.12,100
5140042,Paquete instalacin tanque a taza PB Coflex,18,14,4,0.1,100
0540105,Llave fontanero   Stanley,31,6,5,1.06,100
7041508,Panel LED Evo redondo empotrar  W K  lm A,13.5,12.5,5.5,0.12,100
0190005,Tijera aviacin derecha verde  Stanley,27,11,3,0.4,100
7060200,Conduleta botagua EMT  UL TEC PST,14,10,6,0.08,100
7506306,Toma tierra aislada A V naranja IGRN Eagle,13,14,4.5,0.08,100
9200205,Codo  campana cementada SCH presin   blanco  Amanco,11.5,7.5,8.5,0.26,100
0590010,Cautn tipo lpiz W  m Zasc ZCJW,30,8,3,0.12,100
0134005,Formn pmadera thrifty  LA Stanley,33,7,3,0.22,100
7507273,Dimmer luz LED w V lnea TJ champagne CH Eagle,14,8,6,0.12,100
7502432,Enchufe polarizado A V p W  Eagle,16,8,5,0.06,100
0106005,Cinta mtrica pro  x m magntica  Stanley,14,9,5,0.22,100
9200317,Vlvula de bola  blanco  Amanco,9,6.5,10,0.2,100
0650004,Tiza roja  oz tira lnea DWHTL Stanley,6.5,5,18,0.26,100
7506026,Interruptor doble  vas A V UL   V Eagle,16,9,4,0.1,100
7500389,Tapa protectora para nios  Eagle,16,9,4,0.02,100
052440166,Toma doble pt a blanco grado hospital  mod amghr matix bticino,12.5,9,5,0.12,100
0120093,Cinta metrica global plus  x m stanley,15,9,4,0.12,100
0020001,Multmetro digital CATII V  V Zasc ZDTB,12,9.5,4.5,0.16,100
9913067,Set de brocas XLine para metal  pzs  Bosch,16,16,2,0.3,100
7502414,Enchufe de vinil armado A V  Eagle,16,8,4,0.06,100
7506178,Toma A V  V L  Eagle,7,5.5,13,0.36,100
9130025,Disco diamante  continuo  Skil,23,21,1,0.36,100
7506890,Toma RJ TJ blanco W Eagle,20,8,3,0.1,100
6010110,Bisagra invisible recta mm  niquelada Rabbit RBCHSTR,12,10,4,0.12,100
9180018,Desatornillador Cushion Grip plano x sust  STMT Stanley,32,5,3,0.1,100
7062421,Conector termoplstico A V p W  Eagle,17,7,4,0.04,100
0420200,Juego brocas madera metal concreto  pz Zasc ZDBMIXset,17,14,2,0.14,100
7040006,Bombillo LED A E luz clida W V  hr RLAWW RCA,13.5,5,7,0.04,100
7502466,Socket de porcelana para lmpara  Eagle,10,9,5,0.06,100
7062412,Conector de vinil armado A V  Eagle,14,8,4,0.06,100
7506242,Placa sencilla para intemperie  Eagle,14,8,4,0.06,100
7502444,Enchufe termoplstico A V p W  Eagle,16,7,4,0.04,100
7502434,Enchufe polarizado A V p W  Eagle,15,7,4,0.04,100
7110208,Benjamn con cadena marfil V Eagle,17,8,3,0.04,100
9200196,Tapn limpieza sanitario campana cementada  gris  Amanco,9,9,5,0.08,100
9200134,Codo  sanitario campana cementada SDR   gris  Amanco,10,8,5,0.04,100
7502440,Enchufe redondo de vinil blanco A V W Eagle,14,7,4,0.02,100
7601216,Fotocelda de placa  Eagle,12,8,4,0.08,100
5140048,Tornillos ancla metlicos para brida sanitaria TBAP Coflex,17,11,2,0.04,100
7062413,Conector grande A V  Eagle,13,7,4,0.06,100
7062418,Conector polarizado A V p W  Eagle,15,6,4,0.08,100
5140050,Tornillos largos de plstico para asiento de sanitario PB Coflex,17,10,2,0.02,100
7506122,Interruptor de paso A V blanco W Eagle,16,9,2,0.02,100
7506126,Interruptor doble A V blanco W Eagle,10.5,4.5,6,0.1,100
7550676,Tapa para caja octogonal EMT chueco UL C Topaz,10,9,3,0.1,100
7506128,Interruptor doble A V marfil V Eagle,13,4,5,0.1,100
0126006,Cutter pcartn cambio rpido  Stanley,18,7,2,0.18,100
7040015,Bombillo LED MR GU W V K lm RLGUWW Rca,7.5,5.5,6,0.02,100
7507208,Interruptor doble  vas Decor negro A V  BK Eagle,13.5,4.5,4,0.1,100
7502452,Base para socket metlico y Y Eagle,11,11,2,0.08,100
7040001,Bombillo LED A E luz fra W V  hr RLADW Rca,5,4,12,0.04,100
7040014,Bombillo LED MR GU W V K lm RLGUDW Rca,9,5,5,0.02,100
9200129,Adaptador limpieza sanitario SCH  gris  Amanco,7,7,4.5,0.04,100
7060205,Conduleta tipo LB EMT  UL LB PST,3.5,5.7,10.85,0.3,100
7025205,Base para tubo fluorescente  Eagle,13,6.5,2.5,0.01,100
7506264,Toma polarizado de empotrar TR A V blanco TRW Eagle,13,4,4,0.06,100
6010019,Bisagras  x  cuadrada acabado bronce pulido N par Fanal,17,6,2,0.16,100
7040013,Bombillo LED GU W V K lm RLGUDW Rca,8.5,4,6,0.02,100
7060054,Unin tornillo EMT   UL ES Topaz,8,5,5,0.14,100
9200198,Tapn limpieza sanitario campana cementada  gris  Amanco,7,7,4,0.02,100
7502404,Adaptador redondo a plano blanco W Eagle,14,7,2,0.01,100
052440117,Placa  modulos color marfil amcav matix bticino,12,8,2,0.02,100
9200246,Unin tope campana cementada SCH  blanco  Amanco,5.5,5.5,6,0.06,100
7507042,Placa magna color negro GBK Eagle,18,10,1,0.06,100
7506134,Interruptor sencillo A V W Eagle,11,3.5,4.5,0.06,100
7062416,Conector pequeo de vinil A V  Eagle,7,6,4,0.04,100
7502442,Enchufe redondo de vinil negro A V BK Eagle,14,6,2,0.01,100
7502022,Jacks para telefono RJ W Eagle,11,7.5,2,0.01,100
7506148,Apagador de palanca A V o A V  Eagle,11,7.5,2,0.02,100
7506267,Toma sencillo A V blanco W Eagle,13,4,3,0.06,100
7506152,Int indust A spst onoff AV  Eagle,11,7,2,0.02,100
7060239,Conector EMT pbiex   UL SSC PST,5,5.5,5.5,0.14,100
7060061,Conector EMT pbiex   UL E Topaz,6,5,5,0.12,100
9200231,Unin campana cementada SCH presin   blanco  Amanco,6,5,5,0.04,100
7507238,Modulo RJ cat  lnea Decor negro BK Eagle,10,7.5,2,0.01,100
7506081,Toma doble Decor A V UL V Eagle,13,4.5,2.5,0.06,100
7040300,Bombillo LED A Refrigeradora E W K  lm A Ilukon,4,3.5,9.5,0.02,100
7060103,Conector de presin EMT   UL ZCS PST,5,5,5.2,0.5,100
7060240,Conector EMT pbiex  UL SSC PST,7,6,3,0.18,100
7502451,Trifurcador sin patillas A V caf B Eagle,9,7,2,0.02,100
7060252,Conector barril  SBC PST,5,4.5,5,0.2,100
7506156,Int indust A spdt onoffon met AV  Eagle,9,6,2,0.02,100
7550004,Tapa caja cuadrada conduit  gris  Amanco,10,10,1,0.04,100
9200193,Tapn hembra SCH crosca   blanco  Amanco,5,5,4,0.01,100
9200189,Tapn hembra liso campana cementada SCH  blanco  Amanco,4.5,4.5,4.5,0.02,100
7060244,Conector EMT pbiex cpvc   UL SLTI PST,6,5,3,0.18,100
9200218,Te campana cementada CPVC  crema  Amanco,6,5,3,0.02,100
9200229,Unin campana cementada SCH presin  blanco  Amanco,4,4,5.5,0.04,100
7506114,Toma tapn W V  Eagle,7,6,2,0.02,100
7060102,Conector de presin EMT  UL ZCS PST,4,4,4,0.08,100
9041600,Curva  EMT UL   Tezza,2,2,15,0.3,100
7506160,Interruptor con cadena A V o A V  Eagle,10,6,1,0.02,100
0126072,Cutter pcarton mm stanley stht,11,5,1,0.02,100
7502450,Trifurcador sin patillas A V blanco W Eagle,8,6,1,0.02,100
7060254,Conector barril  SBC PST,2.5,2.5,5,0.1,100
7060108,Unin presin EMT  UL ZCCS PST,4,3,2,0.4,100
0200007,Hoja para cutter  pcs  x  mm DTMKK Dyllu,11,2,1,0.08,100
7060115,Conector tornillo EMT   UL HS PST,5,2,2,0.14,100
7550979,Tapa para caja cuadrada  x  ciega UL C PST,10.5,10.5,0.1,0.12,100
7550925,Tapa para caja octogonal ciega  UL C PST,9.5,9.5,0.1,0.1,100
92110673,Lija tela grano  p bosch  und c,27,23,0.01,0.02,100
7506624,Modulo ciego lnea TJ champagne CH Eagle,17,12,0.01,0.01,100
2320204,Disco de lija respaldo velcro malla G  W  M,13,13,0.01,0.01,100
8002018,Gaza sin fin acero inoxidable    mm     DTHU Dyllu,21,17,6,0.16,98
6100129,Resistencia Maxi V w Lorenzetti,18,6,1,0.02,98
9913030,Fregadero empotar  tanque derecho peq  cm x  cm FRE Fermetal,80,50,20,1.96,96
5120532,Cachera fregadero  mezclador satn BMF Metales Aleados,36.5,23.5,8,1.06,96
7054045,Protector A V min  BTU ac SPCPABBB Avtek,20,13,9,0.22,96
3270354,Guante multipropsito L XA M,21,13,5,0.08,96
2330165,Cinta ducto DT  mm x yd m gris UU M,16,16,5,0.76,96
5090100,Desage fregadero   metalinox coleta plstica PH Coflex,14,12,6,0.3,96
8352914,Aceite penetrante WD  oz,7,7,20,0.42,96
8352912,Aceite penetrante WD  oz,7,7,17,0.32,96
2330056,Cinta de empaque caf  mm x  m DTPNH Dyllu,12,12,5,0.24,96
2330051,Cinta de empaque transparente  mm x  m DTPNH Dyllu,11,10,5,0.24,96
7507055,Toma doble TR con luz LED gua lnea Plata blanco W Eagle,14,9,4,0.14,96
2330053,Cinta de empaque super tranparente  mm x  m DTPNH Dyllu,10,10,5,0.14,96
2330055,Cinta de empaque caf  mm x  m DTPNH Dyllu,10,10,5,0.14,96
7506394,Interruptor sencillo lnea Plata marfil V Eagle,15,10,3,0.06,96
2330050,Cinta de empaque transparente  mm x  m DTPNH Dyllu,9,9,5,0.14,96
1109001,Pegamento PVC toda presin  ml Tangit Henkel,14,3.5,3.5,0.06,96
7501199467122,Pegamento PVC  ml Tangit Henkel,15,3,3,0.04,96
0050000,Brocha profesional  cerdas naturales Zasc ZPPBNBWT,20,3.5,1,0.02,96
3525007,Ducha relax Ultra aspercion blanca Lorenzetti V W,27,27,15,0.54,94
7054030,Protector A V  toma micro ondas  lavadora SPCPTEDT Avtek,14,20,7,0.14,94
0140742,Medidor laser GLM  m XG Bosch,14.5,8,4.5,0.14,91
5140006,Vlvula de descarga  para WC  pieza doble descarga PB Coflex,16,8.5,29,0.58,90
7009110,Cable THWN   negro  hilos m,23.5,23.5,6.5,2.46,90
5240405,Sifn flexible   x  cm para fregadero  Urrea,36,14,6,0.14,90
6032640,Cerrojo Annency cilindro sencillo bronce antiguo cllave  Fanal,16,10,8,0.44,90
7501908,Placa ciega negra Nobile AFSNG Bticino,17,10,3,0.04,90
7171308,Timbre din don    Eagle,9.5,3.5,13.5,0.2,90
92110153,Broca HSSG  blster  Bosch,15,4.5,4.5,0.01,90
1195000,Semilla de culantro  Suplijardines,17,9.5,1,0.01,90
7506135,Interruptor superficial A V blanco W Eagle,5.3,4,7,0.1,90
7060031,Unin presin EMT  UL ES Topaz,6,4,4,0.12,90
6101230,Resistencia Maxi V W Lorenzetti,18,6,1,0.02,89
1262062,Epoxibonder transparente jeringa gr Henkel,24,10,3,0.08,88
500123,Base medidor A Nema R unitaria s acople UTRSB Schneider,42,22,14,4.44,86
7090639,Protector A V inverter ac  motores SPCPEBASBJ Avtek,20,13,9,0.24,86
STHT28042LA,Mezclador de gypsum para taladro mm STHTLA Stanley,41,11,8,0.34,85
5501130,Resistencia Top Jet  Advance electrnica V W Lorenzetti,26,11,4,0.04,85
5120521,Llave lavamanos cromada copa MET Metales Aleados,14,11,5.5,0.32,85
9200197,Tapn limpieza sanitario campana cementada  gris  Amanco,11,11,5,0.12,85
92110157,Broca HSSG  blster  Bosch,18,4,1,0.02,85
7550039,Centro de carga  esp A Nema  ctapa combinada Q QOLPGC Schneider,52.5,41,15,8.52,84
6032636,Cerradura pomo cilndrico Beet acero inoxidable sllave   Fanal,20,18,6,0.46,84
5090102,Desage fregadero   metalinox satn coleta plstica PH Coflex,17.5,12.5,9,0.34,84
2385125,Sellador parabrisas  negro ml  M,6,6,24,0.42,84
0050001,Brocha profesional   cerdas naturales Zasc ZPPBNBWT,22,4,2,0.04,84
5170009,Llave control  M x  M  vuelta IP Coflex,4.5,2,9,0.1,84
6020426,Candado de hierro mm caja FHB Fanal,6.5,4.5,2,0.12,84
2352136,Epoxibonder metlico jeringa gr metal Henkel,23,10,4,0.06,83
0230032,Set desatornilladores  pcs punta magntica  mm x  mm DTSS Dyllu,27,9,6,0.2,82
500073,Centro carga  A c tapa sob QOLS Schneider,36.5,27,12,3.5,81
0612001,Set de fresas para router  pcs  UDTRKSR Dyllu,51,9,11,2.76,80
2320922,Lija para madera en seco Sper Flex D  paq   x  Abracol RPHCA,28,27,4,1.14,80
0510010,Grapadora presin trabajo pesado Zasc ZPSSGW,22,20,6,0.78,80
032440028,Lija agua Q  paq  HB M,29,24,3,1.5,80
61001095,Carcasa de ducha Maxi Lorenzetti I,13,13,11,0.1,80
6401002,Riel para gaveta sencillo blanco  x mm Rabbit RBDS,45,13,2.5,0.38,80
5140000,Manija plstico cromado frontal PB Coflex,33,10,4,0.04,80
5140026,Soporte ua para lavatorio individual galvanizada  piezas PLB Coflex,16,10,5,0.08,80
7501092,Interruptor sencillo  tomacorriente A grafito Luzica PUGR Bticino,17,11,4,0.06,80
7501736,Toma triple  polos  tierra S USBA blanco Nobile AFEB Bticino,13,8,4.5,0.1,80
9200239,Unin campana cementada SCH  blanco  Amanco,7,7,8.2,0.1,80
7502478,Socket metlico para intemperie PAR Eagle,5,5,9,0.12,80
9200214,Tapn hembra SCH crosca  blanco  Amanco,7,7,4,0.1,80
7551028,Toma exterior A V negro PS PSX Bticino,4,4,9,0.08,80
9041029,Unin conduit tipo A UL   gris  Amanco,8,5,1,0.06,80
7090036,Extensin elctrica verde  x   pies  G Eagle,14.5,4.5,5,0.34,79
023450001,Tape  mm x  m Scotch  M,9.5,9.5,2,0.08,79
8706005,Pistola de calafateo  industrial DTCG Dyllu,32,16,6,0.34,78
5180012,Manguera para lavadora vinilo  NH x  NH m VWBA Coflex,29,22,4,0.22,78
2321051,Disco flap   G DTYL Dyllu,11,10,11,0.76,78
2321050,Disco flap   G DTYL Dyllu,12,10,6,0.4,78
2385111,Sellador poliuretano  gris ml  M,32,4.5,4.5,0.7,78
0570011,Pistola para soplar MPAV Campbell,17,9.5,2,0.1,78
7025209,Transformador V VA  Eagle,7,6.5,6.5,0.4,78
7506372,Dimmer lnea Plata blanco W Eagle,17,10,4.5,0.1,76
92110643,Disco lija Expert madera y metal  G   Bosch,18,18,0.01,0.06,76
9913031,Fregadero pileta cm x cm  huecos FRE Fermetal,54,52,14,1.84,75
7009134,Cable THWN   negro  hilos m,24,25,8,3.7,75
5180005,Manguera para lavadora acero  NH x  NH m AWA Coflex,27,18,5,0.26,75
8002001,Gaza sin fin acero inoxidable    mm    DTHU Dyllu,15,15,4,0.28,75
6104580,Resistencia Ultra lnea Acqua Storm  Star V W Lorenzetti,15.5,10.5,4,0.14,75
7040310,Panel LED spot echo redondo  W K  lm A Ilukon,10,10,5,0.08,75
2352002,Removedor de pegamento Sper Bonder gr Henkel,17,10,2,0.02,75
3270110,Guante de seguridad algodn c puntos PVC DTKG contie  pares Dyllu,25,13,1,0.06,75
9200319,Codo  SCH crosca  blanco  Amanco,8,8,4.5,0.08,75
9211236,Disco de desbaste Standard for metal  xX  Bosch,12,12,1,0.14,75
0420129,Set de brocas de concreto      UDTMJK Dyllu,18,8,1,0.08,75
5170024,Llave de control  FNPT x  manilla recta IP Coflex,7,6.5,2.8,0.08,75
9130204,Broca concreto Impact CYL  x  blster  Bosch,18,4,1,0.02,75
0200006,Hoja para cutter  pcs  x  mm DTMKK Dyllu,10,1.5,1,0.02,75
3352002,Cera para auto cleaner wax paste  gr a Meguiars,13,12,7,0.44,74
0220002,Bomba destapa caos hule No PD Coflex,16,16,46,0.32,72
1210050,Atomizador  L  bar DTRS Dyllu,30,18,14,0.34,72
0011172,Kit XLine para taladrar y atornillar  pzs  Bosch,26,23,6,1.38,72
7090070,Kit regleta convertidor y extensin elctrica verde KG Eagle,33,18,6,0.62,72
6036808,Cerradura pomo negra mate cllave Bolton  Fanal,17,17,8,0.54,72
032440019,Lija agua Q  paq  HB M,29,23,3,0.86,72
666026,Pasta tapagoteras  gal Sista Henkel,10,10,12,0.96,72
0140847,Cinta mtrica mts x mm MKADP Exacto,15,10,5,0.24,72
7506396,Interruptor triple  vas lnea Plata blanco BW Eagle,17,9,4,0.1,72
3270352,Guante multipropsito M XA M,23,13,2,0.06,72
7090004,Convertidor polarizado  a  tomas cenchufe mvil  Eagle,15,13,3,0.08,72
7506426,Toma mixto TV y telfono lnea Plata marfil AV Eagle,14,10,4,0.06,72
5140030,Tornillos plsticos para asiento de sanitario PB Coflex,17,10,3,0.04,72
9200329,Pegamento PVC todo propsito ml gl azul  Amanco,7,6,10,0.28,72
2320133,Esponja Scotch Brite cero rayas  x  naranja pack BA M,15,12,2,0.04,72
7506406,Placa ciega lnea Plata marfil V Eagle,16,10,2,0.04,72
2330012,Masking tape  uso general  mm x  m Zasc ZMTmm,10,10,2.5,0.06,72
4530147,Acople rpido hembramacho  MPAV Campbell,11,7,3,0.06,72
0050002,Brocha profesional  cerdas naturales Zasc ZPPBNBWT,21,5,2,0.04,72
1195004,Semilla de pepino  Suplijardines,17,9,1,0.02,72
8352920,Aceite lubricante  en  original  ml  oz,2.5,2.5,6.5,0.04,72
2352306,Sper Bonder Monodosis Flex Gel Xg Henkel,11,0.1,19,0.1,72
3029112,Filtro tela paspiradora de gl pza VRC Vacmaster,20,11.5,5.5,0.06,71
500072,Centro carga  A c tapa emp QOLF Schneider,36.5,27,12,3.54,70
0610018,Taladro perc inalmbrico  V GSB Li batcargador KG,34.5,29,11.5,3.18,70
6104573,Ducha Acqua Storm negro  cromo V W Lorenzetti,22.5,7.5,54.5,1.96,70
0290021,Esmeriladora inalmbrica   V   batera Ah   cargador  RPM UDTLAPM Dyllu,35,24,9.5,2.78,70
038070013,Cinta reflectiva  mm x yd m rojoblanco  M,23,21.5,8.5,1.2,70
5180406,Tubo abasto alum fregadero doble  FIP x  FIP x  FIP ALT Dica,37,15,4,0.2,70
5240029,Desage lavatorio metal   push sobreponer PH Coflex,25,11,7,0.32,70
8002002,Gaza sin fin acero inoxidable    mm    DTHU Dyllu,17,15,5,0.28,70
7500834,Caja universal para canaleta blanco DLP  Bticino,20,11,5.5,0.06,70
6036809,Cerrojo Annecy cilindro sencillo negro mate c llave   Fanal,15,11,6,0.44,70
5120406,Cachera lavamanos inox monomando mezclador negra BLU Metales Aleados,20,6,8,1.04,70
9200306,Curva  tipo A conduit doble campana UL  gris  Amanco,28,10,2,0.04,70
052440049,Interruptor  polos A gris G Bticino,13,6.5,6,0.32,70
3265021,Chaleco de seguridad amarillo tiras reflectivas XL DTRV Dyllu,24,18,1,0.14,70
7501744,Toma coaxial TV tipo F blanco Nobile AFEB Bticino,18,10,2,0.06,70
052440169,Toma RJ telefnico blanco Magic  Bticino,13,7,2,0.02,70
9130226,Broca HSSG  blster  Bosch,23,4,1,0.12,70
0420138,Broca HSS para metal y madera  UDTTDK Dyllu,15,5,1,0.01,70
0420141,Broca HSS para metal y madera  UDTTDK Dyllu,14,5,1,0.02,70
92110155,Broca HSSG  blster  Bosch,15,4.5,1,0.02,70
6020418,Candado mm caja FHB Fanal,5,3,3,0.1,70
7507246,Placa sencilla Decor negra tornillo oculto STBK Eagle,16,10,1,0.04,69
7054025,Protector A V  toma audio  video SPCPTET Avtek,18,13,7,0.14,68
5120519,Llave lavamanos push cromada MET Metales Aleados,16,12,5.5,0.38,67
500149,Breaker falla tierra  polos A kA QOGFI Schneider,13,9,6.5,0.48,67
915743,Unin conduit tipo A UL  gris  Amanco,5,4,4,0.02,67
3045012,Plstico negro m largo x m ancho,38,36,6,0.68,66
6032612,Cerradura manija tubular Cannes nquel satinado sllave  Fanal,20,18,7,0.48,66
6032642,Cerrojo Annency cilindro sencillo acero inoxidable cllave  Fanal,14,11,7,0.44,66
052450006,Interruptor doble  polo A blanco Sencia AP Bticino,16,9,4,0.06,66
7500693,Enchufe extensin  polos A blanco DB Bticino,5,3,2,0.01,66
7096113,Ventilador enroscable oscilante W E  luz Led   k  Designers,27.5,27.5,20.5,0.9,65
6150025,Pistola para pintar de gravedad HVLP  ml DHAV Campbell,17,16,19,1,65
9200162,Reductor sanitario campana cementada SDR  x  gris  Amanco,9,8,4,0.1,65
1520023,Bisagra  x  niquelada N National,14.5,6,2,0.48,65
0707005,Conector plstico para manguera  macho  M PI Imacasa,10,7,2,0.02,65
0420126,Broca de concreto  x  UDTMJK Dyllu,15,5,1,0.01,65
9130202,Broca concreto Impact CYL  x   blster  Bosch,15,4,1,0.02,65
7090048,Extensin polarizada naranja  pies m A  Eagle,30,13,7,0.82,64
4020219,Clavo empacado g ccabeza   Caiman,15,5,3,0.26,64
4005531,Cinta tapagoteras cm x m Sista Henkel,14,13,13,1.26,63
0610972,Batera LiIon V Ah Z Bosch,12.5,9,8.5,0.7,63
9111602,Disco corte Standard for metal    x  x  mm  Bosch,10,8,1,0.06,61
0308371,Lavamanos de sobreponer blanco redondo Syra  Aqua Nuova,45,45,20,10.72,60
7550412,Centro de carga  esp A Nema  ctapa combinada Q QOLPGC Schneider,60,41,15.5,9.78,60
5500153,Ducha Advanced electrnica V W Lorenzetti,42,24,12.5,1.04,60
500070,Centro carga  A c tapa emp QOLF Schneider,36.5,27.5,12,3.54,60
3080005,Capa para moto dos piezas creflectivo negra talla L Zasc ZRCRFL,35,31,6,1.06,60
0610153,Taladro percutor  VVR W UDTMD Dyllu,29,25,8.5,2.18,60
0709057,Machete pulido pchapea    PLI Imacasa,53,13,8,0.34,60
5180060,Kit atrapa pelusas  ducto cm para secadora DJKAS Coflex,17,17,19,0.46,60
2392417,Anticorrosivo Metal Blanco  galn  IMPAC VGIIMMEBL,18,18,10,2.2,60
3270103,Guantes de seguridad cuero para soldar largos Zasc ZSLWG,23,20,4,0.32,60
7060203,Conduleta botagua EMT   UL TEC PST,17,9,9,0.26,60
7060202,Conduleta botagua EMT   UL TEC PST,14,13,7,0.14,60
9200536,Te sanitaria campana cementada SCH  blanco  Amanco,14,12,7,0.22,60
033010038,Esponja Scotch Brite morada   pack  x  BA M,24,16,3,0.06,60
5140040,Empaque de cera con gua PB Coflex,13,13,6.5,0.18,60
7041530,Panel LED Evo redondo sobreponer  W K  lm A Ilukon,13,11.5,6.5,0.14,60
9111422,Disco desbaste Expert metal   x  x mm  Bosch,22,22,2,0.56,60
6032811,Cerradura doble paso Beige Derecha caja   Fanal,15,9,7,0.64,60
9200578,Codo  sanitaria campana cementad SDR  blanco  Amanco,12,12,6.5,0.08,60
9200144,Codo  sanitario campana cementada SDR  gris  Amanco,12,12,6.5,0.08,60
7040008,Bombillo LED alta potencia E k W V h RLHPW Rca,14.5,7,9,0.08,60
7041509,Panel LED Evo cuadrado empotrar  W  K  lm A,14.5,12.5,5,0.14,60
5090104,Cedazo para desage de fregadero inox PH Coflex,17.5,11,4,0.02,60
7501724,Toma triple  polos  tierra A blanco Nobile AFEB Bticino,17,8,4,0.1,60
2320412,Esponja Scotch Brite negra limpieza pesada parrilla BA M,15,10,3,0.04,60
9041046,Unin para canoa colonial cementada UV blanco  Amanco,15,14,2,0.1,60
0709129,Machete pulido guapote    PCI Imacasa,54,7,1,0.54,60
2322002,Cepillos abrasivos  pcs mango plstico nylon cobre y acero DTBH Dyllu,21,9,2,0.06,60
031260001,Cinta aluminio   mm x  yd  m  M,7,7,6.5,0.12,60
0200004,Cutter  x  mm DTSK Dyllu,22,7,2,0.12,60
7501082,Placa ciega grafito Luzica PUGR Bticino,17,9,2,0.04,60
6401103,Rueda acanalada para portn c soporte zinc  mm Rabbit RBGWESYZP,9,8,4,0.42,60
2321327,Disco corte Expert multimaterial    x mm   Bosch,18,14,1,0.1,60
9200713,Curva  conduit UL SCH   gris  Amanco,20,6,2,0.06,60
0709200,Lima para motosierra  x   R I Imacasa,26,3.5,2.5,0.2,60
7506290,Toma grado hospital A V HV Eagle,13,4,4,0.1,60
2321052,Disco flap   G DTYL Dyllu,10,10,2,0.08,60
0420147,Set de brocas HSS  pcs punta metal y madera    UDTTDK Dyllu,16,10,1,0.08,60
92110683,Disco lija madera  c grano  bosch,12.5,12.5,1,0.01,60
7501141,Toma sencillo coaxial TV blanco Luzica PU Bticino,15,10,1,0.04,60
0420024,Broca HEX multiconstruccion   x  x mm  Bosch,20,5,1,0.04,60
92110575,Disco lija madera lijadora orb  G    Bosch,13.5,0.3,13.5,0.1,60
7060007,Conector de presin EMT  UL SSUB Topaz,7,6,1,0.3,60
500108,Barra tierra para  circuitos PKGTA Schneider,1,1,6,0.1,60
2320201,Disco de lija respaldo velcro malla G  W  M,13,13,0.01,0.01,60
92110226,Disco desbaste Expert metal    x  x mm  Bosch,12,12,0.01,0.14,60
500313,Supresor sobre voltaje kA  o  hilos HEPD Schneider,20,14,9,0.48,59
92110631,Disco lija Expert madera y metal   G   Bosch,12,12,1,0.02,59
7090016,Regleta verde  tomas luz piloto G Eagle,26.5,8,5,0.34,58
7551013,Placa G blanco Radiant RWPW Bticino,18,8,1,0.02,58
5120409,Cachera fregadero  mezclador satn flexible palanca BMF Metales Aleados,36,16,6,0.76,57
8002004,Gaza sin fin acero inoxidable    mm    DTHU Dyllu,19,14,5,0.3,57
3265027,Careta electronica para soldar diseo Joka  RF Lincoln,41,21,14,0.18,56
0220001,Bomba destapa caos acorden  cm PD Coflex,52,13,15,0.24,56
5240035,Sifn a la pared   desage flexible PVC TF Coflex,19,10,44,0.9,56
5500404,Maxi calentador Ultra V W Lorenzetti,28,22,11,0.58,56
7008040,Cable THHN   blanco Conducen m,25,25,10,5.8,56
3003040,Grifera para fregadero monoblock manillas cruz GRI Fermetal,28,11.5,6.5,0.68,56
032440017,Lija agua Q  paq  HB M,28,24,3,0.96,56
7090637,Protector A V toma TV  laptop  impresoras SPCPTET Avtek,18,13,8,0.18,56
032440018,Lija agua Q  paq  HB M,29,23,2,0.86,56
035940002,Disco corte metal   x  x    M,11.5,11.5,4.5,0.96,56
9041059,Gaza para tubera  blanco  Amanco,11,10.5,2.5,0.04,56
3265003,Lente de seguridad oscuro DTSG Dyllu,17,6,4,0.02,55
4530140,Aceite para lubricar herramienta neumtica oz STAV Campbell,4.5,4,15.5,0.24,55
6010026,Bisagras  x  cuadrada acabado negro mate N  Uds Fanal,16,7,2,0.26,55
1535225,Anclaje perno de anillo con tuerca  x  N National,13,12.5,0.5,0.04,55
664558,Cinta tapagoteras cm x m Sista Henkel,14,13,17,1.7,54
500088,Breaker principal A kA p centro carga  y  esp QOMVH Schneider,16,13.5,11.5,1.2,54
7504007,Supresor de transientes QO plugon  kA QOPSPD Schneider,19,14,8,0.22,54
2330057,Cinta de empaque caf  mm x  m DTPNH Dyllu,14,13,6,0.36,54
0200009,Set de cuchillos acero inox  pcs DTKKK Dyllu,33,16,2,0.24,54
2330052,Cinta de empaque transparente  mm x  m DTPNH Dyllu,12,11,6,0.34,54
2321046,Disco diamantado continuo ultra fino   x  mm DTDCK Dyllu,17,15,2,0.12,54
0140023,Cinta mtrica  m x  mm DTMT Dyllu,13,9,4,0.38,54
052440149,Pulsador timbre A blanco Oval P Bticino,13,7,3,0.02,54
1195006,Semilla de chile dulce  Suplijardines,17,9.5,1,0.01,54
0380004,Llave corofija  mm DTSA Dyllu,15,2.5,2,0.06,54
0380006,Llave corofija  mm DTSA Dyllu,16,3,1,0.06,54
0380003,Llave corofija  mm DTSA Dyllu,13,2.5,1,0.04,54
5180050,Paquete instalacin cilindro de gas GLP  PGB Coflex,34,28,4,0.42,53
7090050,Extensin polarizada naranja  pies m A  Eagle,30,16,7,1.56,53
8002009,Gaza sin fin acero inoxidable    mm     DTHU Dyllu,20,18,6,0.44,53
3256520,Kit respirador reutilizable completo r M,25,16,11.5,0.52,52
7054008,Protector A V ajustable ac  motores SPCPABBBA Avtek,19,14,9,0.24,52
500141,Breaker principal A kA p centro carga  y  esp QOMVH Schneider,16,13.5,11,1.2,52
4530154,Filtro agua manual con trampa  PAAV Campbell,25,13,6,0.42,52
9041522,Unin Conduit tipo A  Mipsa,7,3.5,3.5,0.01,52
30030281,Fregadero sobreponer tanque izquierdo  cm x cm sin tope FRE Fermetal,102,52,17,2.76,50
500068,Centro carga  A c tapa sob QOLGS Schneider,42,27.5,11.5,4.48,50
0610969,Taladro perc  nmbrushlessbat ah GSB  kg Bosch,35.5,30,11,3,50
0590319,Bomba perifrica HP  Lmin   Maute,28,14,19,4.46,50
0506019,Alicate universal pro amarillo  LA Stanley,27,13,12,0.36,50
9180138,Juego cubos esp  pzs mmmm  Stanley,45,18,5,1.32,50
7550844,Canasta plstica para mecnico  Eagle,26,17,9,0.08,50
7550842,Canasta metlica para mecnico  Eagle,25,14,9,0.14,50
035940006,Disco desbaste metal  x  x  M,19,8,19,3.7,50
2321991,Lija para madera en seco Sper Flex D  paq   x  Abracol RPHCA,27,23,4.5,1.42,50
5120430,Aspersin anti calcrea  inox redonda ultra delgada MET Metales Aleados,20,6,20,0.42,50
0524101,Juego cubos esp  pzs mm blster  Stanley,33,18,4,0.82,50
7550082,Centro de carga monofsico  esp A empotrar Nema QODF Schneider,18.5,13,9,0.54,50
0020000,Multmetro digital de gancho CATI V con estuche Zasc ZDT,13,5,30,0.4,50
7506482,Clavijas V p  t  A IP  Eagle,21,15,6,0.18,50
9200281,Trampa sanitaria campana cementada SCH presin   blanco  Amanco,21,14,6,0.26,50
7500390,Puo para canasta mecnico  Eagle,29,12,5,0.16,50
7503502,Breaker  polos A kA proyectos QO Schneider,19,9,10,1.34,50
7041948,Lampara emergencia portatil p tomacorriente  Led Lm  Segurimax,22,13,5.5,0.26,50
500188,Breaker principal A kA pcentro carga    y  esp QOMVH Schneider,13,10,11.5,0.62,50
9200206,Codo  campana cementada SCH presin  blanco  Amanco,14,10,10.5,0.4,50
7550667,Conduleta tipo T EMT   UL TCG Topaz,21,9,7,0.5,50
2321984,Disco corte metal x xxmm ABDA Abracol,36,36,1,0.66,50
5240028,Desage lavatorio metal   con tapn giratorio PH Coflex,20.5,7.5,7.5,0.26,50
7506116,Dimmer giratorio con placa W V V Eagle,15,10,6,0.12,50
3256822,Filtro para partculas p p  M,11,8.5,9.5,0.06,50
9200252,Te campana cementada SCH presin  blanco  Amanco,13,9,7,0.2,50
0420201,Juego brocas madera metal concreto  pz Zasc ZDBMIXset,20,20,2,0.3,50
7060231,Conduleta tipo T EMT  UL T PST,15,8,6,0.8,50
7506502,Interruptor sencillo  vas lnea TJ blanco A V SW Eagle,19,9,4,0.08,50
7506934,Interruptor triple lnea TJ A V con luz LED CH Eagle,17,10,4,0.1,50
9200220,Te sanitaria campana cementada SDR   gris  Amanco,11,10,6,0.06,50
9200216,Te campana cementada SCH presin   blanco  Amanco,12,9,6,0.12,50
7506130,Interruptor doble polo A V V Eagle,16,10,4,0.08,50
9200135,Codo  sanitario campana cementada SDR  gris  Amanco,13,7,7,0.06,50
0506166,Alicate corta cables tipo cizalla   LA Stanley,31,9,2,0.42,50
0120025,Cinta mtrica global  x m s  STHT Stanley,14.5,8.5,4.5,0.2,50
0506017,Alicate punta fina pro amarillo  LA Stanley,23,12,2,0.18,50
7040005,Bombillo LED A E luz clida W V  hr RLAWW RCA,13,6,7,0.04,50
7506782,Interruptor doble tecla ancha TJ duco a V champagne CH Eagle,17,8,4,0.1,50
0011163,Disco diamantado Expert para metal   x mm XLock  Bosch,17,16,2,0.14,50
035940007,Disco desbaste metal  x  x  M,23,23,1,0.56,50
0490009,Prensa sargento  mm x  mm DTCP Dyllu,22,8,3,0.34,50
5140012,Vlvula regulador de presin  NPT VRP Urrea,10,7.5,7,0.5,50
7506916,Interruptor doble lnea TJ A V con luz LED CH Eagle,17,10,3,0.1,50
501507,Toma doble GF A blanco PS WGF Bticino,17,10,3,0.06,50
7551055,Placa M plata Living Now KAZG Bticino,14,9,4,0.12,50
2321983,Disco corte metal inox fino xx xxmm ABDA Abracol,22,22,1,0.18,50
7506788,Interruptor sencillo tecla ancha TJ duco  vas A V champagne CH Eagle,20,8,3,0.08,50
5180007,Tubo abasto acero fregadero  x   cm ALA Coflex,30,4,4,0.1,50
7060207,Conduleta tipo LB EMT  UL LB PST,15,7,4.5,0.22,50
7040007,Bombillo LED A E luz clida W V  hr RLAWW RCA,13.5,5,7,0.04,50
7506498,Interruptor doble  vas lnea TJ blanco A V W Eagle,19,8,3,0.1,50
7506984,Tomacorriente e interruptor lnea TJ A V con luz LED BK Eagle,16,9,3,0.1,50
7506796,Interruptor triple tecla ancha TJ duco a V champagne CH Eagle,19,7.5,3,0.08,50
7507034,Toma e interruptor color negro TJ SBK Eagle,17,8,3,0.1,50
7090034,Extensin elctrica verde  x   pies  G Eagle,18,5.6,4,0.26,50
7550971,Caja rectangular p intemperie  x  UL G PST,11,6.5,5.5,0.24,50
7060224,Conduleta tipo C EMT  UL C PST,13,6,5,0.14,50
7506510,Interruptor doble  vas TJ A V SW Eagle,17,7.5,3,0.1,50
7506212,Placa ciega cuadrada plstica W Eagle,23,16,1,0.04,50
6095004,Agarradera cilndrica acero inoxidable mm Rabbit RBSSH,36,5,2,0.08,50
6020003,Candado anticizalla de mm acabado bronce con cubierta azul CS Fanal,18,10,2,0.26,50
7041536,Reflector LED Floodlight W K V  lm A Ilukon,9,8,5,0.1,50
7060219,Conduleta tipo LR EMT  UL LR PST,13,4.5,6,0.24,50
7040000,Bombillo LED A E luz fra W V  hr RLADW Rca,12,4.5,6.5,0.02,50
5180008,Tubo abasto acero sanitario  COMP x  AM cm ASB Coflex,39,3,3,0.08,50
7506954,Toma mixto TV y telfono lnea TJ BK Eagle,19,9,2,0.06,50
7060213,Conduleta tipo LL EMT  UL LL PST,13.5,4.5,5.5,0.24,50
7550970,Caja rectangular p intemperie  x  UL G PST,11,5.5,5.5,0.24,50
6020620,Candado de latn solido mm arco largo S Stanley,18,9,2,0.18,50
9200226,Te campana cementada SCH presin  blanco  Amanco,9,6.5,5,0.08,50
0140021,Cinta mtrica  m x  mm DTMT Dyllu,12,6,4,0.12,50
7062407,Paquete de  unidades conector rojo cable  al   Eagle,9,8,4,0.02,50
5140029,Tornillos de sujecin para sanitario de acero tropicalizado TP Coflex,13,11,2,0.04,50
7090038,Extensin elctrica verde  x   pies  G Eagle,19,5,3,0.16,50
5180014,Tubo abasto acero cachera  COMP x  FIP  cm ALB Coflex,45,2,3,0.12,50
7062406,Paquete de  unidades conector gris cable  al   Eagle,13,8,2.5,0.04,50
7506530,Interruptor sencillo lnea TJ blanco SW Eagle,13,8,2.5,0.02,50
2320208,Disco de lija respaldo velcro malla G  W  M,16,16,1,0.01,50
2320203,Disco de lija respaldo velcro malla G  W  M,16,16,1,0.01,50
7060246,Conector EMT pbiex cpvc  UL SLTI PST,7,6,6,0.3,50
5180004,Tubo abasto acero fregadero  FIP x M cm ALM Coflex,39,2.5,2.5,0.08,50
2320209,Disco de lija respaldo velcro malla G  W  M,15.2,15.2,1,0.01,50
7060218,Conduleta tipo LR EMT  UL LR PST,11,4,5,0.18,50
4020400,Clavo de impacto  mm x  caja  und Zasc ZSN,6,6,6,0.28,50
7506219,Placa para interruptor sencillo beige V Eagle,16,9,1.5,0.04,50
5180013,Tubo abasto acero fregadero  COMP x  FIP  cm ALB Coflex,40,2.7,2,0.1,50
5120427,Llave chorro  zinc cromada g MET Metales Aleados,9,8,3,0.22,50
7060217,Conduleta tipo LR EMT  UL LR PST,10,4,5,0.1,50
7060245,Conector EMT pbiex cpvc   UL SLTI PST,6.5,5.5,5.5,0.22,50
7060225,Conduleta tipo C EMT  UL C PST,11,3.5,5,0.18,50
7060230,Conduleta tipo T EMT  UL T PST,11.5,3.5,4.5,0.16,50
7507032,Interruptor triple TJ color champagne tecla lisa SCH Eagle,18,10,1,0.06,50
7506580,Placa tipo madera cocobolo lnea TJ M Eagle,20,9,1,0.04,50
7060135,Gaza  orejas EMT  UL TSP PST,12,2.5,6,0.04,50
9200260,Te campana cementada SCH crosca  blanco  Amanco,8.8,5.5,3.5,0.06,50
7507028,Interruptor sencillo marfil Decor V Eagle,12,4,3.5,0.06,50
0707007,Reparador  para manguera plstico   PI Imacasa,12,7,2,0.04,50
7507228,Placa  modulo para Jack Decor negra tornillo oculto SIBK Eagle,19,8.5,1,0.04,50
5180036,Tubo abasto acero fregadero  COMP x  AM  cm ALJ Coflex,40,2,2,0.08,50
7506048,Placa metlica  Eagle,19,8,1,0.04,50
7060206,Conduleta tipo LB EMT  UL LB PST,10,3,5,0.18,50
7506526,Interruptor  vas lnea TJ negro SBK Eagle,8,6,3,0.02,50
9200371,Reductor bushing SCH  x   blanco  Amanco,6,6,4,0.06,50
5121214,Manija de bao metal series  cslc SA Pfister,16,9,1,0.1,50
2320160,Disco de lija respaldo velcro CUBITRON G  L  M,12,12,1,0.01,50
7060223,Conduleta tipo C EMT  UL C PST,9.5,3,5,0.1,50
7062404,Paquete de  unidades conector amarillo cable  al   Eagle,10,7,2,0.02,50
6095000,Agarradera cilndrica acero inoxidable mm Rabbit RBSSH,22,6,1,0.04,50
6095001,Agarradera cilndrica acero inoxidable mm Rabbit RBSSH,26,5,1,0.04,50
6095240,Tornillo de ojo abierto   N par National,9,7,2,0.02,50
9200248,Vlvula de bola MIP campana cementada CPVC  crema  Amanco,7,6,3,0.04,50
9200208,Codo  SCH crosca  blanco  Amanco,7,5,3.5,0.02,50
052440112,Placa  modulo color ambar amcab matix bticino,15,8,1,0.02,50
7506150,Int indust A dpdt onon met A V o a V  Eagle,10,6,2,0.04,50
7506154,Int indust A dpdt onoffon met A V o a V  Eagle,10,6,2,0.04,50
7506158,Int indust Adpst onoff met A V o a V  Eagle,10,6,2,0.04,50
7060229,Conduleta tipo T EMT  UL T PST,8.5,3.5,4,0.12,50
0420145,Broca HSS para metal y madera  UDTTDK Dyllu,22,5,1,0.04,50
5170036,Llave tanque Alto  sin varilla NPT  Urrea,2.6,6,7,0.67,50
7506676,Tomacorriente polarizado lnea TJ plateado PL Eagle,9,6,2,0.02,50
7506702,Modulo USB lnea TJ blanco W Eagle,9,6,2,0.04,50
61002018,Resistencia  temperaturas Tradicao  Jet  V W Lorenzetti,18,6,1,0.02,50
0524067,Cubo esp  x  pts  Stanley,9.5,4.5,2.5,0.06,50
0122005,Chispa para vidrio  x   Stanley,21,5,1,0.04,50
9200247,Unin tope campana cementada SCH  blanco  Amanco,5,5,4,0.02,50
2321994,Disco corte metal   x  x  XXMM concavo ABDA Abracol,10,10,1,0.08,50
7500529,Tapa final para canaleta  x  DXN Dexson,14,7,1,0.01,50
7500533,Union para canaleta  x  DXN Dexson,14,7,1,0.01,50
7500530,Tapa final para canaleta  x  DXN Dexson,14,7,1,0.01,50
7060211,Conduleta tipo LL EMT  UL LL PST,8.5,3,3.5,0.12,50
0420136,Broca HSS para metal y madera  UDTTDK Dyllu,14.5,5,1,0.01,50
7062405,Paquete de  unidades conector anaranjado cable  al   Eagle,10,7,1,0.01,50
2320190,Disco de lija respaldo velcro CUBITRON G  L  M,15,15,0.3,0.01,50
0540507,Llave corofija ratchet mm  Stanley,22,2.5,1,0.12,50
7507252,Placa doble Decor negra tornillo expuesto BK Eagle,23,15,0.1,0.02,50
9200302,Reductor campana cementada CPVC  x  crema  Amanco,3.5,3.5,2.8,0.02,50
7507247,Placa sencilla Decor light almond tornillo oculto STLA Eagle,19,8,0.2,0.04,50
2320004,Disco velcro rojo  x h G Abracol RDVRO,13,13,0.1,0.01,50
2320207,Disco de lija respaldo velcro malla G  W  M,13,13,0.01,0.01,50
2320205,Disco de lija respaldo velcro malla G  W  M,13,13,0.01,0.01,50
2320202,Disco de lija respaldo velcro malla G  W  M,13,13,0.01,0.01,50
2990120,Manubrio bicicleta  BMX negro JK Rali,16,8,3.5,0.06,49
1019124,Hidrolavadora  PSI W DAX Daewoo,34.5,27,42,6.16,48
3060004,Mecha de colores  kg,42,34,21,0.76,48
9914051,Taladro perc Inalmbrico  brushless V GSB VC batcargador KG Bosch,45,39.5,12.5,4.42,48
7008008,Cable THHN   negro Conducen m,40,40,13,22.2,48
7008130,Cable THHN   blanco Conducen m,27,27,27,17.96,48
5240022,Sifn a la pared   doble desage flexible PVC TF Coflex,58,21,13,0.68,48
7090041,Extensin para mecnico de  pies  x   Eagle,44,25,12,0.92,48
0610124,Atornillador V GSR LI bat Ah FG Bosch,36,32,11,3.3,48
2140002,Manguera desage para lavadora automtica    m PL Coflex,32,25,10,0.22,48
9041605,Curva  EMT UL,38,14,6,0.7,48
0610025,Cargador V ultra rpido GAL  CV ATK Bosch,24.5,13,9.5,0.86,48
9913008,Sifn a la pared   doble desage flexible PVC col Fermetal,37,13,6,0.22,48
0190085,Cuchara de albail  DTBT Dyllu,33,11,7,0.18,48
0230001,Juego desatornilladores de golpe  pzs pta magntica Zasc ZSCD,33,12,6,0.52,48
5180061,Conducto flex alum  x  DJCDA Coflex,12,11,17.5,0.32,48
8707200,Pao para trapear piso sin hojal BB M,28,20,4,0.24,48
031260024,Cinta doble propsito   mm x yd m  M,27,26,3,0.38,48
5140010,Botn superior universal para vlvula dual sanitario PB Coflex,23,13,7,0.06,48
0570022,Serrucho profesional  Zasc ZPHS,56,12,3,0.38,48
5500161,Ducha Bellobanho blanca con brazo V W Lorenzetti,23,14,5,0.08,48
2390012,Pintura spray  violeta fluorescente ml RFV Rainbow,7,7,20,0.4,48
8352913,Aceite penetrante WD  oz  gratis oz,7,7,20,0.38,48
3270350,Guante multipropsito S XA M,25,13,3,0.06,48
6032810,Cerradura doble paso Beige Izquierda caja  Fanal,15,9,6.3,0.64,48
7040301,Bombillo LED A E W K  lm V A Ilukon,16.5,6.5,7.5,0.06,48
2390010,Pintura spray  verde fluorescente ml RFN Rainbow,6,6,20,0.4,48
0140843,Cinta mtrica mts x mm MKA Knight,16,11,4,0.38,48
7001842,Potasa g Escud  Adarga,8,8,11,0.36,48
9200328,Pegamento PVC todo propsito ml gl azul  Amanco,8,7,11,0.52,48
7506970,Toma telefnico lnea TJ CH Eagle,17,9,4,0.06,48
7041104,Lmpara veladora LED sensor movimiento DRL Eagle,16,9,4,0.06,48
7506424,Toma mixto TV y telfono lnea Plata blanco AW Eagle,18,10,3,0.06,48
7506434,Toma para telfono lnea Plata marfil V Eagle,18,10,3,0.06,48
7001840,Grasa gr  Adarga,9,9,6.5,0.22,48
5240032,Extensin desage latn   cm PH Coflex,19,5,5.5,0.12,48
0140846,Cinta mtrica mts x mm MKADP Exacto,15,9,3.5,0.18,48
3018106,Batera alcalina D pk Duracell,10,10,4.5,0.28,48
8352918,Aceite lubricante  en  original  ml  oz,5.5,5.5,14,0.1,48
3018104,Batera alcalina C pk Duracell,12,9.5,3,0.14,48
4535016,Unin manguera hembra de  NPT MPAV Campbell,12,7,4,0.04,48
2390005,Pintura spray  metlico azul escarchado ml RFB Rainbow,4.5,3.5,21,0.4,48
7506066,Placa triple para tres jacks SIW Eagle,17,9,2,0.04,48
3018102,Batera alcalina AA pk Duracell,12,9.5,2,0.1,48
7506280,Toma grado hospital A V HRD Eagle,13,4,4,0.1,48
961913,Trabador de roscas  ml azul  media resistencia  Loctite,5,2.5,16,0.08,48
3018118,Batera alcalina AAA pk Duracell,11,9,2,0.02,48
0526218,Desatornillador pro plano  x  STHT Stanley,26,6,1,0.08,48
3018100,Batera alcalina AAA pk Duracell,12,10,1,0.04,48
7507212,Toma doble Decor negro A V BK Eagle,10,4,3,0.04,48
7506057,Placa sencilla tornillo expuesto V Eagle,14,8,1,0.02,48
7502205,Enchufe  polos A negro N Bticino,5,4,5,0.04,48
0420026,Broca HEX multiconstruccion   x  x mm  Bosch,22,4,1,0.04,48
0380002,Llave corofija  mm DTSA Dyllu,14,3,1,0.04,48
6032660,Cerradura principal Versalles cilind sencillo bronce antiguo cllave  Fanal,18.5,13,44,1.44,47
5002057,Botiqun  natural XP Rimax,28.5,14.5,12,0.34,46
032440024,Lija agua Q  paq  HB M,27,24,2,0.6,46
7501716,Dimmer giratorio universal blanco Nobile AFEB Bticino,17,12,5,0.08,46
2352302,Sper Bonder ristra original  x gr Henkel,12,5.5,2,0.01,46
0290650,Taladro perc  W GSB  RE brocasmaletn BG Bosch,35,29,11,3.16,45
0011171,Kit XLine para taladrar y atornillar  pzs  Bosch,25.5,22,6.5,1.1,45
9041604,Curva  EMT UL,22,22,3,0.36,45
0610968,Batera LiIon ProCORE V Ah AGK Bosch,11.5,8.5,12.5,1.12,45
6401022,Riel para gaveta telescpico  cm Push RBDSPO Rabbit,57,5,4,1.38,45
6401021,Riel para gaveta telescpico  cm Push RBDSPO Rabbit,55,4.5,4,1.26,45
6401025,Riel para gaveta telescpico  cm cierre lento RBDSSC Rabbit,37,5,5,0.86,45
7500890,Placa montaje universal x DLP  Bticino,24,9.5,4,0.06,45
9200240,Unin campana cementada SCH  blanco  Amanco,10,9,8,0.22,45
6101504,Anillo oring Maxi ducha c pzs Lorenzetti,16,15,2,0.06,45
0230021,Desatornillador Philips punta magntica  mm x  mm DTSD Dyllu,24,5,4,0.1,45
92110159,Broca HSSG  blster  Bosch,23,4,2,0.06,45
0380007,Llave corofija  mm DTSA Dyllu,21,3,2,0.1,45
0420008,Broca HEX multiconstruccion   x  x mm  Bosch,23,4,1,0.02,45
0380008,Llave corofija  mm DTSA Dyllu,19,2,2,0.1,45
052440038,Enchufe para extensin  polos A gris G Bticino,6.5,3.5,1,0.01,45
7054068,UPS A V VA V protector y regulador  tomas BK  Avtek,26,14.5,21.5,3.48,44
500090,Supresor sobre voltaje kA  o  hilos SDSA Schneider,16.5,6,8,0.32,44
7060023,Gaza  orejas EMT   UL  Topaz,9.5,2,4.5,0.02,44
7550936,Gabinete metalico  tapa atornillable blanco ONQ EN Bticino,42,41.5,14,3.48,43
5140043,Kit clsico reparacin  completo tanque WC PSA Coflex,40,31,12,0.64,43
9041314,Curva  Conduit tipo A  Mipsa,20,20,3,0.06,43
7551045,Placa M negro Matix Go JAJB Bticino,20,11,1,0.02,43
500083,Frente  esp centro carga QOLG QOCUF Schneider,57,39.5,4.5,3.94,42
5008602,Asiento inodoro redondo clsico blanco CHA Coflex,47,37,4,0.94,42
0560015,Marco segueta profesional  DTHF Dyllu,43,16,4,0.38,42
7501212,Kit timbre inalambrico comfort pulsador IP redondo blanco D Bticino,23,15.5,5.5,0.24,42
0410002,Martillo mango fibra de vidrio  oz DTHM Dyllu,33,13,4,0.68,42
0140849,Cinta mtrica mts x mm MKADP Exacto,18,12,5,0.46,42
1143005,Set de acoples rpidos para manguera  DTQCE Dyllu,16.5,12.5,4,0.08,42
7551062,Placa M perla Matix JAAP Bticino,16,9,1,0.02,42
52440465,Angulo interno xmm blanco DLPS  Bticino,11,8,1,0.01,42
0290649,Esmeriladora   W  GWS  AG Bosch,32,11,13,2.14,41
500190,Breaker principal A kA pcentro carga    y  esp QOMVH Schneider,13,10.5,11.5,0.62,41
031260022,Cinta doble propsito    m x yd m  M,27,27,2,0.32,41
7506010,Control de abanico Decor W Eagle,8,6,13.5,0.14,41
9913033,Fregadero doble tanque redondo cm x cm FRE Fermetal,86,45,17,3.7,40
6401004,Riel para gaveta sencillo blanco  x mm Rabbit RBDS,58,18,19,2.54,40
0585302,Nivel combinado  lneas  punto lnea verde m GCL  G  placa reflectora  trpode BT M Bosch,58,24.5,13,3.4,40
3060006,Mecha blanca  kg,36,25,18,1,40
5002030,Organizador de ducha blanco XP Rimax,70,27,7,0.48,40
0610038,Taladro Percutor GSB  RE STD W V  Esmeril Angular GWS  V BG Bosch,37,23,10,3.82,40
61003016,Cernidor Advance Lorenzetti,39,23,8,0.38,40
5140005,Vlvula de descarga  con pera WC PB Coflex,38,20,9,0.22,40
3525129,Ducha Tradicao V W Lorenzetti,17,15.5,20,0.84,40
8002017,Gaza sin fin acero inoxidable    mm      DTHU Dyllu,22,21,11,0.32,40
7009176,Cable THWN   azul  hilos m,24,23.5,9,5.8,40
9041073,Soporte interno liso blanco  Amanco,33,18,8,0.2,40
7550816,Caja lisa transparente xx LTR Eagle,22,18,12,0.54,40
7503410,Breaker  polos A V kA QDPTM Schneider,23,15,13.5,1.48,40
7001855,Acido muriatico gal Escud  Adarga,16,10,29,3.98,40
5240041,Desage fregadero   metal contempornea PH Coflex,20,15,12,0.38,40
2321039,Disco corte metal  inox  x  mm DTAC Dyllu,36,36,2.5,2.92,40
5240026,Sifn a la pared     adaptador plstico PB Coflex,29,19,5,0.12,40
7171304,Timbre inalmbrico con alcance de  a  mts ST Eagle,26,19,5,0.22,40
5180009,Tubo abasto acero fregadero doble T  FIP x  FIP x  COM ALU Coflex,43,13,4,0.2,40
2235105,Cuerda pescar Dourado mm x  m,9,8,27,0.52,40
5240042,Desage fregadero con rejilla plstica PH Coflex,26,8,7,0.08,40
7041023,Panel LED parche redondo  W V K lm RLCRLDW Rca,17.5,16.5,5,0.22,40
0610150,Cargador de batera V Ah UDTFCP Dyllu,19,9,8,0.3,40
5120404,Llave lavamanos cromada copa decorada BLU Metales Aleados,16,10.5,5.5,0.18,40
7550103,Breaker de atornillar  polos A kA proyectos QOBGFI Schneider,15,10,5.5,0.46,40
7060221,Conduleta tipo LR EMT   UL LR PST,18.5,5.5,8,1.68,40
7060208,Conduleta tipo LB EMT   UL LB PST,19,6.5,6.5,0.48,40
7550972,Caja cuadrada doble fondo intemperie  x  UL G PST,12,11,6,0.38,40
0610170,Batera Lion V Ah DTLBP Dyllu,11.5,7.5,9,0.7,40
8706002,Penetrante Sper Lub aflojatodo  ml   Loctite,6,6,20,0.28,40
0230007,Desatornillador plano punta magntica  mm x  mm DTSDA Dyllu,32,5.5,4,0.18,40
7501085,Toma GFCI grafito Luzica PUGFGR Bticino,16,11,4,0.14,40
7041029,Reflector LED exterior IP W V K lm RLFLDW Rca,14,11,4.5,0.38,40
0610152,Batera Liion V Ah DTLBP Dyllu,11,7,9,0.7,40
7506050,Placa para intemperie  gang Decor  Eagle,17,10,4,0.12,40
7506770,Toma TR doble semiarmado TJ blanco W Eagle,20,10,3,0.06,40
0140026,Nivel aluminio  gotas  cm DTSLG Dyllu,40,6,2.5,0.3,40
0140706,Medidor laser m GLM  EG Bosch,16.5,8,4.5,0.16,40
7501145,Interruptor triple   polo    vas blanco Luzica PU Bticino,16,8,4.5,0.06,40
7110204,Plafn porcelana   Eagle,11.5,11.5,4,0.3,40
500197,Barra tierra para  circuitos PKGTA Schneider,21,12,2,0.04,40
7506011,Control de abanico Decor V Eagle,7,5,13.5,0.14,40
3018120,Batera alcalina AAA ristra uds Duracell,44,7,1.5,0.08,40
4020450,Set de tornillos con espander  pcs DTXTB Dyllu,15,12,2.5,0.18,40
9200232,Unin campana cementada SCH presin  blanco  Amanco,7,7,9,0.1,40
7501925,Toma sencillo  polos  tierra champagne Nobile AFEBCH Bticino,11.5,8.5,4.5,0.06,40
7507036,Tomacorriente TR con USB A V A color negro BK Eagle,12.5,7,5,0.16,40
7550647,Conduleta tipo LL EMT  UL ELLC Topaz,12,7,5,0.18,40
0610147,Batera Liion V Ah carga USB tipo C DTLBS Dyllu,11.5,5.5,6.5,0.2,40
7550604,Caja octogonal EMT  x  UL SGS Topaz,9,9,4,0.2,40
7060117,Conector tornillo EMT  UL HS PST,7,7,6,0.2,40
0140032,Probador de corriente V  V DTTP Dyllu,20,5,2,0.02,40
7550395,Dimmer universal conectado M negro Living Now KC Bticino,6,5.5,6,0.06,40
0707009,Pistola plstica para manguera   P I Imacasa,16,12,1,0.04,40
9200242,Unin transicin o reparacin SCH  blanco  Amanco,4,4,11,0.08,40
1195037,Semilla de sandia  Suplijardines,17,9.5,1,0.01,40
1195005,Semilla de rabanito  Suplijardines,17,9.5,1,0.01,40
2320120,Esponja abrasiva    x   microfina  M,14,11,1,0.01,40
5120407,Llave control angular  x  copa triangular BLU Metales Aleados,8,4,4,0.06,40
6095242,Tornillo de ojo abierto   N par National,9,7,2,0.02,40
9110000,Alambre soldar  estao   plomo mm gr Zasc ZTSG,13,3,3,0.04,40
7550368,Toma doble TR A M negro Living Now KG Bticino,6.5,4.5,3.5,0.04,40
0420144,Broca HSS para metal y madera  UDTTDK Dyllu,19,5,1,0.02,40
0420128,Broca de concreto  x   UDTMJK Dyllu,17,5,1,0.04,40
0420125,Broca de concreto  x   UDTMJK Dyllu,14.5,5,1,0.02,40
7550618,Toma  polos  tierra M UL negro Living Light LS Bticino,5,4,2.5,0.02,40
0380005,Llave corofija  mm DTSA Dyllu,16,3,1,0.06,40
9200188,Tapn hembra SCH crosca  blanco  Amanco,4,4,3,0.02,40
033010023,Lija madera  uu paq   M,23,0.01,28,1,40
7550836,Caja de piso con toma doble A V placa dorada FBA Eagle,13,8,12.5,0.78,39
7503107,Breaker  polo A kA QO Schneider,18.5,7.5,9,1.26,39
7090042,Extensin para mecnico de  pies  x   Eagle,49,24,11,1.62,38
0570005,Pistola pulverizadora uso automotriz  oz DHAV Campbell,22.5,14.5,17.5,1.22,38
031260021,Cinta doble propsito   mm x yd m  M,28,28,3,0.64,38
52440439,Toma doble pt a  mod csoporte samdsh matix bticino,17,10,3,0.06,38
7040307,Bombillo LED A E K W  lm  Ledvance,6,5,13.5,0.04,38
500488,Breaker  polos A kA QO Schneider,9,8.5,4.5,0.34,38
7060003,Conector de presin EMT  UL S Topaz,4,3,3,0.6,38
7501948,Toma coaxial TV  toma telefonico RJ negro Nobile AFEANG Bticino,18,10,4,0.06,37
7008570,Cable TSJ x AWG negro Conducen m,43,42,15,15,36
0585300,Sierra circular   W GKS  CG Bosch,37.5,25.5,20,4.86,36
3060002,Mecha beige  kg,31,26,17,0.98,36
7008026,Cable THHN   blanco Conducen m,27,27,16,9.64,36
7054069,UPS A V VA W protector y regulador  tomas BK  Avtek,36.5,19,15.5,5.86,36
7008030,Cable THHN   rojo Conducen m,27,26,15,9.88,36
5002087,Caja vanity  verdelila XP Rimax,33.5,15.5,18.5,0.82,36
0365007,Esmeriladora  W VV  GWS  S AG Bosch,36,14,12,2.76,36
0290620,Esmeriladora   W  GWS   GC Bosch,28,23.5,9,2.5,36
0610148,Taladro inalmbrico V   bateria Ah   cargador  RPM Nm UDTCDP Dyllu,31.5,20,8.5,1.86,36
2322010,Juego  pzs cepillo alambre espiga  Zasc ZWBSPBR,27,20,8,0.38,36
9914065,Cargador V HD en blster A GAL V  Bosch,27.5,19.5,7,0.42,36
0440367,Llaneta mango plstico dentada  x   D PPI Imacasa,28,13,9,0.26,36
9200579,Codo  sanitaria campana cementad SDR  blanco  Amanco,17,17,10,0.24,36
0410005,Martillo mango madera  oz DTMB Dyllu,36,14,5,0.58,36
0050008,Felpa para techo ondulado  Zasc ZPRCC,22.5,10.5,9.5,0.08,36
7090638,Protector A V inverter  toma SPCPTINASTJ Avtek,20,13,8,0.16,36
7500505,Plafn cuadrado W DXN Dexson,23,15,6,0.06,36
2392333,Laro Top barniz tinte  nogal oscuro  gl  Sur,11,11,13.5,1,36
7441050500424,Desatorador L Escud  Adarga,10,6,27,1.56,36
0570021,Serrucho profesional  Zasc ZPHS,49,11,3,0.42,36
0120018,Cinta mtrica p ingeniero m S Stanley,24,20,3,0.66,36
0380016,Set llaves corofijas con ratchet  pcs  mm   mm DTSP Dyllu,27,11,4,0.88,36
4530160,Kit de accesorios de  piezas MPAV Campbell,20,28,2,0.46,36
2320402,Esponja doble uso cero rayas para Baos pack BA M,13,11,7.5,0.04,36
0560101,Set broca sierra bimetal  pz con mandril Zasc ZHSSET,20,15,3,0.24,36
2330014,Cinta ducto  gris mm x m Zasc ZCDT,12,12,6,0.36,36
0560100,Set broca sierra bimetal   broca paleta  mandril Zasc ZHSS,20,13,3,0.18,36
8705002,Grasa lubricante para cadenas spray gr  oz  Adarga,6,6,20,0.34,36
2330400,Gancho transparente mediano  pcs Command CLRES M,17,10,4,0.02,36
0010052,Alicate de corte diagonal industrial  DTPL Dyllu,21,8,4,0.24,36
7507030,Interruptor doble TJ color Plata tecla lisa SPL Eagle,15,10,4,0.1,36
0140024,Cinta mtrica  m x  mm DTMT Dyllu,13,9,5,0.48,36
2385093,Sellador multiflex elastomrico cartucho  ml gris Sista Henkel,5,5,23,0.5,36
2385091,Sellador multiflex elastomrico cartucho  ml almendra Sista Henkel,5,5,23,0.5,36
2321850,Disco flap  x  Z Abracol RDAAZ,16,15,2,0.18,36
7040311,Panel LED spot echo redondo  W K  lm A Ilukon,9.5,9.5,5,0.08,36
7040313,Panel LED spot echo cuadrado  W K  lm A Ilukon,9,4.5,10.5,0.08,36
0140845,Cinta mtrica mts x mm MKADP Exacto,15,9,3,0.14,36
3003074,Filtro para fregadero fijo a fil Fermetal,10,10,4,0.02,36
0300722,Esptula metlica  DTPT Dyllu,21,8,2,0.08,36
2330424,Gancho blanco mediano  pcs Command ES M,17,9,2,0.02,36
2330426,Gancho blanco grande  pcs Command ES M,17,9,2,0.02,36
0300720,Esptula metlica  DTPT Dyllu,20,5,3,0.08,36
0380028,Set llaves allen  pcs tipo navaja  mm   mm DTHK Dyllu,18,5,3,0.16,36
5140031,Empaque unin tanque  taza  PB Coflex,10,10,2,0.1,36
8352151,Grasa gr  Adarga,7.5,5,5,0.1,36
2330432,Gancho transparente pequeo punta metlica  pcs Command CLRES M,17,10,1,0.02,36
2330430,Gancho transparente mini  pcs Command CLRES M,17,10,1,0.02,36
1195010,Semilla de cebollino  Suplijardines,17,9.5,1,0.01,36
2330404,Gancho transparente mini paraluces  pcs Command CLRES M,17,9,0.01,0.02,36
0628867,Asiento blanco para inodoro Ronco Serio y Senio  Aqua Nuova,48,36,8,1.04,35
5120463,Cachera fregadero monomando satn inox extensible palanca PRI Metales Aleados,56,6,26,1.56,35
9914057,Caladora W VV GST  BG Bosch,26.5,23,11,2.58,35
7009172,Cable THWN   blanco  hilos m,24.5,24,9,5.8,35
9200237,Unin campana cementada SCH  blanco  Amanco,13,13,10,0.38,35
8704012,Cera para auto gold class clear coat paste car wax GJ Meguiars,14.5,11.5,8,0.46,35
500198,Barra tierra para  circuitos PKGTA Schneider,19,11,6,0.06,35
0709039,Machete pulido rula    PLI Imacasa,84,4.5,3,0.54,35
2321870,Disco de sierra circular Eco    x  x mm T  Bosch,24,22,2,0.32,35
4535316,Kit accesorios  piezas MPAV Campbell,24,12,3,0.28,35
0011164,Set esponja cua  pzs medio G  fino G sper fino G  Bosch,22,10,2.5,0.06,35
6020438,Candado laminado mm blister FLM Fanal,16,10,3,0.32,35
0200005,Cutter  x  mm DTRSUK Dyllu,19,6.6,3.5,0.06,35
6150012,Kit de conexiones rpidas para herramientas neumticas pcs MPAV Campbell,16,7,3,0.16,35
6020420,Candado de hierro mm arco largo blister VFHBGL Fanal,15,9,2,0.16,35
9200322,Pegamento PVC todo propsito ml gl transparente  Amanco,5.5,5.5,8.5,0.16,35
7500387,Pasta para soldar  grs   Eagle,7,7,4,0.08,35
7551068,Toma doble industrial A V PS W Bticino,11,5,3,0.08,35
1195008,Semilla de apio verde  Suplijardines,17,9.5,1,0.01,35
1195003,Semilla de tomate cherry  Suplijardines,17,9.5,1,0.01,35
1195009,Semilla de tomate  Suplijardines,17,9.5,1,0.01,35
0200002,Cutter  x  mm DTSK Dyllu,18,8,1,0.04,35
2395404,Tape elctrico  pies verde GR Eagle,7.5,7.5,2.5,0.06,35
4020228,Clavo empacado g ccabeza   Caiman,15,4,2,0.1,35
0460142,Set acople rpido  pcs DTQP Dyllu,11,8,1,0.04,35
0420007,Broca HEX multiconstruccion   x  x mm  Bosch,16,3,1,0.02,35
4530155,Filtro regulador y lubricador para compresor PAAV Campbell,27.5,17.5,9,1.3,34
4535412,Filtro regulador con manmetro PAAV Campbell,32,11,10,0.62,34
9041043,Tapa canoa colonial blanco  Amanco,15,14,3.5,0.12,34
7506746,Toma GFCI TJ blanco W Eagle,13,8,5,0.18,34
0011166,Set esponja contorno  pzs medio G  fino G  sper fino G   Bosch,11.5,8.5,5,0.04,34
0709194,Pala aluminio o recolectora Classic mango corto  A YI Imacasa,112,38,17,1.44,33
8002011,Gaza sin fin acero inoxidable    mm      DTHU Dyllu,24,17,8,0.48,33
033010030,Lija madera  uu paq   M,28.5,23,4,1.32,33
2330190,Cinta doble propsito automotriz negra  x m   M,24,24,3,0.38,33
500148,Breaker falla tierra  polos A kA QOGFI Schneider,13,9,6.5,0.48,33
7500633,Placa G M grafito Adorne AWPGGR Bticino,17,9,4,0.14,33
7550384,Placa M negro Living Now KAKG Bticino,13,8,3,0.06,33
9101570,Kit XLine mini concreto  pzs  Bosch,14,8,2,0.14,33
92110642,Disco lija Expert madera y metal  G   Bosch,18,18,0.1,0.06,33
9200125,Adaptador macho campana cementada SCH crosca  blanco  Amanco,4,2,3,0.04,33
2040104,Escalera multifuncional de aluminio  kg DTLDH Dyllu,35,30,95,13.44,32
5002117,Caja de herramientas  profesional XP Rimax,57.5,25.5,25.5,2.96,32
0308353,Lavamanos con pedestal blanco Giona  Aqua Nuova,73,21,18,9.22,32
6032662,Cerradura principal Versalles cilind sencillo nquel satn cllave  Fanal,21,18,44,1.46,32
7008515,Cable TSJ x AWG negro Conducen m,38.5,37.5,9.5,9.84,32
0460135,Pistola para pintar W UDTEGA Dyllu,27,26.5,12.5,1.24,32
5320186,Dinosaurio lanzador de burbujas surt blister a  wwa,22,18,7,0.14,32
500307,Breaker principal A kA p centro carga  y  esp QOMVH Schneider,16,13.5,11,1.2,32
9200167,Adaptador hembra campana cementada SCH crosca  blanco  Amanco,13,13,10.5,0.42,32
032440022,Lija agua Q  paq  HB M,28,23,2,0.66,32
6401012,Riel para gaveta telescpico  cm Rabbit RBDS,41,4,5,0.64,32
4020212,Clavo empacado g ccabeza  Caiman,8.5,2.5,4.5,0.5,32
9200227,Unin campana cementada CPVC  crema  Amanco,2.5,2.5,3,0.02,32
033010024,Lija madera  uu paq   M,29,23,0.01,0.02,32
92110647,Disco lija Expert madera y metal  G   Bosch,18,18,0.01,0.04,32
0140738,Medidor laser GLM  m Bluetooth lnea roja Z Bosch,18,11,8.5,0.6,31
5240418,Desage fregadero   plsticoinox coleta plstica  Urrea,17,15,6,0.16,31
0011165,Set esponja taco  pzs medio G  fino G  sper fino G   Bosch,23,10,4,0.06,31
7060005,Conector de presin EMT   UL SSUB Topaz,5,5,5,0.16,31
92110632,Disco lija Expert madera y metal   G   Bosch,12,1,1,0.01,31
9913056,Disco corte Standard metal plano   x  x mm  Bosch,23,23,0.01,0.3,31
2385016,Sellador asfltico base agua Ultraprimer  kg  Imptek,31,31,40,20,30
5100016,Estante organizador de bao  niveles blanco XP Rimax,61.5,25,20,4.26,30
7008330,Cable TGP x AWG Conducen m,45,44,14,17.7,30
7550047,Centro carga  A stapa QOLPG Schneider,48.5,37,11.5,5.08,30
3265015,Zapatos de seguridad cuero punta metlica   DTSB Dyllu,32.5,21,13,1.18,30
3265016,Zapatos de seguridad cuero punta metlica   DTSB Dyllu,31.5,21,13,1.24,30
5120425,Set accesorios bao metal  vidrio  pzs negro DAM Metales Aleados,60.5,18.5,7.5,1.2,30
500082,Frente  sob centro carga QOLG QOCUS Schneider,54.5,37,4,3.04,30
500080,Frente  sob centro carga QOLG QOCUS Schneider,46,37,4,2.74,30
7008046,Cable THHN   verde Conducen m,23.5,23.5,11.5,5.86,30
45301411,Aceite para compresor gl STAV Campbell,20,9,35,3.5,30
0570002,Pistola de impacto  espiga corta reversible torque max ftlbs TL Campbell,24.5,22.5,11,3.32,30
7009160,Cable THWN   verde  hilos m,29.5,24.5,8,5.7,30
9110099,Lijadora orbital W GEX  AG Bosch,21.5,13,17,1.72,30
7060204,Conduleta botagua EMT  UL TEC PST,20,16,13,0.46,30
0460139,Pistola para pintar  mm   cc DTGA Dyllu,17.5,11,19,0.5,30
0120070,Cinta mtrica p ingeniero m con agarradera S Stanley,32,19,6,0.86,30
0610005,Cargador V HD A GAL V ATZ Bosch,24,13,10.5,0.7,30
7054520,Regulador de voltaje VA  tomas lineR LSLM APC,23,10,13.5,1.68,30
2321025,Disco corte metal  x  x    M,18,17,9,4.38,30
6032616,Cerradura manija tubular Cannes bronce antiguo sllave  Fanal,20,18,7,0.48,30
2320057,Lija banda X  x  G paq  Abracol RTBXA,25,10,9,0.56,30
7054066,Protector A V USB  tomas TV laptopcelular SPCPTETU Avtek,20,14,8,0.22,30
1205031,Insecticida voladores y rastreros arpon  lt  Suplijardines,10,10,22,1.08,30
5240411,Sifn a la pared   metlico SC Dica,20,11.5,9.5,0.3,30
7041021,Panel LED redondo  W V K lm RLRLDW Rca,22,22,4.5,0.22,30
6036807,Cerradura pomo negra mate sllave Bolton  Fanal,18,18,6,0.48,30
1205030,Insecticida voladores y rastreros prilan  lt  Suplijardines,9,9,23,1.1,30
0140017,Tira lnea completo azul juego pzs  Stanley,21.5,15,5.5,0.26,30
7550784,Caja con conos  x  x mm B Eagle,16,12,9,0.28,30
7500709,Caja IP  conos xxmm gris Plexo  Bticino,17,12.5,8,0.28,30
7041020,Panel LED redondo  W V K lm RLRLDW Rca,19,18.5,4.5,0.16,30
2392307,Pintura anticorrosivo rojo  gl Bess  Sur,11,11,12.5,1.02,30
0190084,Cuchara de albail  DTBT Dyllu,30.5,9.5,5.2,0.16,30
9130027,Disco diamante  continuo  Skil,28,26,2,0.62,30
3352058,Protector quick interior detailer cleaner G Meguiars,10,4,29,0.56,30
7041014,Panel LED redondo  W V K lm RLRLDW Rca,16.5,15.5,4.5,0.16,30
5240400,Desage lavatorio metal  push sin rebosadero CPS Dica,19.5,7.5,7.7,0.28,30
VH901700AV,Filtro de aire carcasa de unidad de compresor de  a  gl VHAV Campbell,18,12,5,0.1,30
6100162,Diafragma ducha Maxi Lorenzetti,15,14,5,0.04,30
4535009,Mini regulador con manmetro  MPAV Campbell,20,10,5,0.32,30
2380003,Pegaforte cemento de contacto  gl  Sur,8.5,8.5,12,0.5,30
7041537,Reflector LED Floodlight W K V lm A Ilukon,13,12,5,0.22,30
0524534,Juego llaves corofijas pzs mm LA Stanley,24,8,4,0.58,30
7551001,Toma doble  puertos  tierra marfil Luzica PUM Bticino,19,10,4,0.06,30
0300725,Esptula metlica  DTPT Dyllu,23,16,2,0.12,30
7501215,Set tubo termorretrctil  pcs DTURB Dyllu,23,10,3,0.12,30
0106010,Alicate pela cables auto ajustable  Stanley,28,12,2,0.34,30
0540030,Juego llaves allen pzs mmmm  Stanley,22,10,3,0.3,30
6401028,Riel para gaveta telescpico  cm cierre lento RBDSSC Rabbit,51,5,2.5,0.3,30
2321048,Disco para sierra TPI para madera   DTTCK Dyllu,25,22.5,1,0.32,30
0230019,Desatornillador Philips punta magntica  mm x  mm DTSD Dyllu,20,7,4,0.08,30
038070017,Guante nylon c nitrilo talla XL comfort grip WX M,23,12,2,0.04,30
0526208,Desatornillador pro phillips  x  stanley,36,5,3,0.14,30
4020455,Set de tornillos de rosca  pcs DTXSBB Dyllu,15,11.5,3,0.26,30
0011169,Kit XLine brocas concreto metal madera  pzs  Bosch,16,15,2,0.3,30
0300723,Esptula metlica  DTPT Dyllu,23,10,2,0.08,30
5090098,Cedazo para desage de lavatorio inox PH Coflex,15,10,3,0.01,30
7550657,Conduleta tipo LR EMT  UL ELRC Topaz,13.5,5,6.5,0.26,30
2321040,Disco diamantado segmentado   x  mm DTDCK Dyllu,15,14,2,0.12,30
2380004,Pegaforte cemento de contacto  gl  Sur,6.6,6.5,9.5,0.24,30
7550639,Conduleta tipo C EMT  UL ECC Topaz,15.5,4.5,5.5,0.26,30
9200181,Tapn hembra sanitario campana cementada SCH  blanco  Amanco,11,11,3,0.06,30
5180404,Tubo abasto acero sanitario  FIP x  FIP  cm AI Dica,35,3,3,0.1,30
7550602,Caja octogonal EMT  UL E Topaz,8,7.5,4.5,0.2,30
0132034,Escariador metlico c hojas  Stanley,21,6,2,0.08,30
7506030,Interruptor sencillo Decor blanco A V UL W Eagle,13,4,4.5,0.06,30
0526155,Desatornillador Cushion Grip phillips  x  STMT Stanley,25,3,3,0.08,30
7551046,Placa M gris Matix Go JAJG Bticino,20,11,1,0.02,30
0134004,Formn pmadera thrifty  LA Stanley,33,6.5,1,0.2,30
92110142,Broca HSSG   unds  Bosch,11,6,3,0.12,30
7500541,Derivacin en T para canaleta  x  DXN Dexson,14,6,2,0.01,30
1195038,Semilla de chile jalapeo  Suplijardines,17,9.5,1,0.01,30
7507214,Toma doble TR Decor negro A V TRBK Eagle,13,4,3,0.06,30
1195024,Semilla de vainica  Suplijardines,17,9,1,0.02,30
7599007,Grapa trabajo pesado  caja  TRAT Stanley,13,4.5,2.5,0.14,30
0460148,Acople rpido hembra  DTQP Dyllu,9,8,2,0.08,30
6100759,Medidor de presin para llantas PAAV Campbell,27,5,1,0.02,30
4020225,Clavo empacado g ccabeza   Caiman,11,4,3,0.1,30
7500542,Tapa final para canaleta  x  DXN Dexson,14,7,1,0.01,30
0524014,Cubo esp  x mm pts  Stanley,10,4.5,2,0.06,30
7060002,Conector de presin EMT  UL S Topaz,4.5,2.5,2.5,0.04,30
6150016,Juego de acoples de  NPT a  NPT macho macho MPAV Campbell,11,7,0.01,0.04,30
5500207,Ducha Acqua Jet Ultra negro  cromo V W Lorenzetti,33.5,11,24,1.5,29
7062110,Conector  AWG azulgris  caj  M,18,12,27,1.78,29
9111576,Medidor de distancia cinta mtrica laser m GLM   Bosch,16.5,12.5,6.5,0.44,29
038070003,Lija ultrafina  x    caj  M,24,15,2,0.26,29
5240012,Extensin para desage plstica   x  EXT Fermetal,5,4,10,0.02,29
7506042,Placa doble para dos jacks SIW Eagle,19,8,1,0.04,29
7551042,Soporte M blanco Matix Go JM Bticino,10,8,1,0.02,29
7550408,Centro de carga  esp f A Nema  barra tierra incluida QOLPG Schneider,55.5,37.5,11.5,5.48,28
6150049,Pistola de impacto  espiga corta reversible torque max ftlbs TL Campbell,22.5,19.5,9,2.32,28
5120510,Llave lavamanos ABS cromada palanca BPLD Metales Aleados,15,14,4,0.12,28
7506098,Toma telfono Decor UL W Eagle,19,9,2,0.04,28
4020224,Clavo empacado g ccabeza  Caiman,14,8,2,0.1,28
7551047,Placa M blanco Matix Go JAJW Bticino,19,11,1,0.02,28
7550788,Caja con conos  x  x mm B Eagle,20,16,8,0.42,27
032440027,Lija agua Q  paq  HB M,28,23,2,0.6,27
2321038,Disco corte metal  inox  x  mm DTAC Dyllu,22,22,1,0.28,27
7501090,Interruptor doble  vias A grafito Luzica PUGR Bticino,12,10,4,0.06,27
052440050,Interruptor A V M blanco Matix AM Bticino,4.2,2.2,4,0.02,27
7551031,Interruptor sencillo A V M negro Matix Go JB Bticino,4,2,2,0.02,27
5002200,Caja plstica almacenaje L tapa doble cierre ocano AROCE Guateplast,48,31,21,0.96,26
5500208,Ducha Acqua Wave Ultra negro  cromo V W Lorenzetti,50.5,25.5,10,2.14,26
6104576,Ducha Acqua Star negro  cromo V W Lorenzetti,24,11,24,1.42,26
3265020,Chaleco de seguridad rojo tiras reflectivas XL DTRV Dyllu,25,19,2,0.14,26
038070004,Lija ultrafina  x    caj  M,25,15,1,0.26,26
4020226,Clavo empacado g ccabeza   Caiman,8,5,1,0.1,26
9200140,Codo  campana cementada CPVC  crema  Amanco,4,2,3,0.02,26
2321053,Disco corte metal  inox  x  mm DTAC Dyllu,17,17,0.01,0.1,26
5010026,Caja plstica almacenaje L uso pesado ARNG Guateplast,77.5,52,36,3.2,25
3003027,Fregadero empotrar doble tanque  cm x cm FRE Fermetal,85,47,15,3.38,25
6020430,Candado de hierro mm arco largo blister VFHBGL Fanal,46,25,28,12.26,25
7008305,Cable TGP x AWG Conducen m,42,42,15,14,25
6101518,Resistencia para Duo shower V W Lorenzetti,35,24,21,1.14,25
61500233,Manguera de goma  PSI  x  pies PAAV Campbell,26,24,15,4.12,25
5090110,Paquete para sanitario con adaptador  x  PSAA Coflex,38,24,9,0.52,25
0440371,Llaneta dentada  mm x  mm DTPE Dyllu,29,13,11,0.3,25
0440370,Llaneta lisa  mm x  mm DTPE Dyllu,29,13,10,0.3,25
0162001,Marco psegueta  pesado cromado  Stanley,58,14,4,0.7,25
1143006,Aspersor para riego plstico  funciones DTNEE Dyllu,35,14,5,0.12,25
9203006,Pasta gypsum  gl  Sur,12,12,14,1.58,25
0650001,Juego de tira lnea DTHX Dyllu,18,16,5,0.26,25
5180023,Tubo abasto acero cachera  FIP x M cm ALM Coflex,58,4.4,4.5,0.1,25
1143002,Pistola para manguera  funciones ergonmica DTNEE Dyllu,23,16,3,0.14,25
7090012,Regleta  tomas y luz piloto  Eagle,26.5,10,4,0.3,25
1143001,Pistola para manguera  funciones DTSNE Dyllu,20,12,4,0.1,25
0709047,Machete pulido guapote    PLI Imacasa,67,7,2,0.54,25
6032652,Cerrojo Annency cilindro doble acero inoxidable cllave  Fanal,13,10,7,0.54,25
035940001,Disco corte metal  x  x   M,35.5,35.5,0.7,0.66,25
3265002,Lente de seguridad claro DTSG Dyllu,22,8,5,0.02,25
6101058,Resistencia Advanced V W Lorenzetti,19,11,4,0.04,25
7040308,Tubo LED T vidrio  W K V  hr A Ilukon,60,3,4,0.1,25
9111514,Lija esponja brite negro pliego  x mm  und  Bosch,23,15.5,2,0.04,25
9200130,Adaptador limpieza sanitario SCH  gris  Amanco,10,10,7,0.14,25
7501679,Interruptor sencillo  polo A marfil Nobile AFEM Bticino,15,10,4,0.06,25
7090032,Extensin elctrica verde  x   pies  G Eagle,20,7,4,0.22,25
7041101,Lmpara veladora LED con USB DRL Eagle,13,13,3,0.06,25
6020456,Candado mm blister VFHB Fanal,15,11,3,0.46,25
9180059,Tenaza de armador   Stanley,27,9,2,0.3,25
4020210,Clavo empacado g ccabeza  Caiman,13,9,4,0.5,25
7551071,Placa M tortola Matix Go JATD  Bticino,19,12,2,0.02,25
0300721,Esptula metlica   DTPT Dyllu,22,6,3,0.06,25
6020460,Candado laminado mm blister FLM Fanal,14,8,3,0.2,25
0420146,Broca HSS para metal y madera  UDTTDK Dyllu,22,5,3,0.1,25
7506208,Placa para toma sencillo acero inoxidable  Eagle,18,9,2,0.04,25
6150011,Kit de  piezas para pistola para soplar MPAV Campbell,28,10,1,0.14,25
0230009,Desatornillador Philips punta magntica  mm x  mm DTSDB Dyllu,13,5,4,0.04,25
6100144,Resistencia  temperaturas Tradicao  Jet  V W Lorenzetti,18,7,2,0.02,25
6100123,Boquilla para inflar llantas MPAV Campbell,12,7,3,0.04,25
2330330,Cinta tapagoteras cm x m Sista Henkel,4,4,15,0.2,25
9111316,Set brocas multi construccin   Bosch,16,7,2,0.18,25
7060116,Conector tornillo EMT   UL HS PST,6,6,5.5,0.16,25
6020458,Candado de hierro mm caja FHB Fanal,9,5,4,0.44,25
0380009,Llave corofija  mm DTSA Dyllu,19,3,3,0.1,25
1195001,Semilla de girasol  Suplijardines,17,9.5,1,0.01,25
1195040,Semilla de cebolla morada  Suplijardines,17,9.5,1,0.01,25
1195014,Semilla de lechuga mantequilla  Suplijardines,17,9.5,1,0.01,25
1195015,Semilla de menta  Suplijardines,17,9.5,1,0.01,25
7060109,Unin presin EMT   UL ZCCS PST,5,5,6,0.18,25
9041818,Prensaestopas mtrica  mm M Eagle,10,7,2,0.02,25
052440044,Interruptor M marfil Magic  Bticino,10,7,2,0.02,25
9111433,Disco corte Expert metal plano    x  x mm  Bosch,11.5,11.5,1,0.06,25
6100165,Placa contactos Maxi Lorenzetti,29,4.5,1,0.04,25
0460147,Acople rpido macho  DTQP Dyllu,9,7,2,0.08,25
6104566,Resistencia ducha Duo Shower V W Lorenzetti,18,7,1,0.02,25
2392311,Pintura anticorrosivo blanco  gl Bess  Sur,11,11,1,1.04,25
7060121,Unin tornillo EMT   UL ZS PST,4,4,7.5,0.14,25
4020227,Clavo empacado g ccabeza  Caiman,6,3,3,0.04,25
7551038,Toma doble  polos  tierra A V M negro Matix Go JB Bticino,3.5,2.5,4,0.04,25
7445005128909,Unin Conduit  FC Mipsa,6,2,2,0.01,25
9041006,Adaptador hembra  CPVC presin  Tubrica,3,3,2.5,0.01,25
7551044,Modulo ciego M gris Matix Go JG Bticino,4.5,2.4,2,0.01,25
0200008,Hoja para cutter  pcs  x  mm DTMKK Dyllu,8,2.5,1,0.04,25
7551043,Modulo ciego M negro Matix Go JB Bticino,4.5,2.5,1,0.01,25
7506204,Placa metlica para lnea de tomas de seguridad  Eagle,16,7,0.1,0.04,25
0420135,Broca HSS para metal y madera  UDTTDK Dyllu,15,4.5,0.01,0.01,25
5004014,Cesta ropa Linum taupe XP Rimax,47,36,76,0.98,24
5004012,Cesta ropa Linum blanca XP Rimax,35,25,61,0.98,24
9913079,Fregadero un tanque cm x cm FRE Fermetal,52,46,20,2.42,24
7500618,Gabinete metalico  con tapa blanco ONQ EN Bticino,64.5,41.5,14,5.26,24
5100047,Basurero de pedal L negro no aprovechable Rimax XP,38,20,48,1.34,24
0998014,Backing para exhibidor DTPJA Dyllu Caja,90.5,33.5,11.5,16.86,24
0590005,Mascara para soldar electrnica profesional DTWH Dyllu,27,26,30,0.78,24
5002116,Caja de herramientas  cerradura metlica XP Rimax,39.5,19,18,0.92,24
5009153,Mesa multiusos triangular  niveles blanca XP Rimax,39,38,9,0.98,24
0610156,Rotomartillo J W UDTRHD Dyllu,41,27,12,4.84,24
5002113,Botiqun  tapa organizadora natural XP Rimax,34,17,22,0.76,24
3258014,Bota de PVC Kayman blanco talla,42,30,10,1.48,24
0610149,Llave de impacto inalmbrica V   batera Ah   cargador  maletn Nm UDTCD Dyllu,34,33,10,3,24
6032007,Cerradura Entrada Principal Cilindro Sencillo Marsella Nickel Satinado  Fanal,18.5,13.5,43.5,1.78,24
5008606,Asiento inodoro elongado confort cierre lento blanco CHA Coflex,50,36,6,1.44,24
0290023,Esmeriladora   W UDTAG Dyllu,49,18,11.5,4.88,24
0050009,Set de  piezas para pintar bandeja rodillo felpa Zasc ZPRSETTRF,35,29,9,0.44,24
5140046,Vlvula de descarga  para sanitario una pieza PB Coflex,38,22,9,0.18,24
7001992,Citronella  gl  Adarga,18,11,33,3.86,24
0610154,Taladro percutor  VVR W UDTMD Dyllu,30.5,24.5,8.5,2.4,24
7550792,Caja con conos  x  x mm B Eagle,22.5,17,13.5,0.64,24
0460138,Pistola para pintar  mm  cc DTGA Dyllu,24.5,15,12.5,0.62,24
8002012,Gaza sin fin acero inoxidable    mm      DTHU Dyllu,25,20,9,0.5,24
0365017,Router   RPM W UDTLT Dyllu,23,17,11.5,2.08,24
0570065,Serrucho mango plstico  corte rpido DTHWG Dyllu,55,20,4,0.42,24
0460140,Pistola para pintar  mm  cc DTGA Dyllu,15,11,22,0.64,24
2320088,Lija para madera en seco Sper Flex  paq   x  Abracol RPHCA,29,29,4,1.26,24
0460145,Pistola de calor inalmbrica V C  C DTKH Dyllu,22,17.5,8.5,0.72,24
0709011,Tijera para podar dos manos  mango tubular  T I Imacasa,57,18,3,0.88,24
0420150,Set p instalacin de cerradura  pcs DTKJ Dyllu,23,14,9,0.4,24
6036805,Manija negra mate cllave Cannes  Fanal,20,18,8,0.5,24
0707027,Aspersor cabeza metlica de impulso con estaca  M I Imacasa,36,12,6,0.32,24
500089,Breaker principal A kA p centro carga  y  esp QOMVH Schneider,16,13.5,11.5,1.2,24
2321992,Lija para madera en seco Sper Flex D  paq   x  Abracol RPHCA,29,23,3,1.24,24
0410001,Martillo mango fibra de vidrio  oz DTHM Dyllu,33,14,4,0.92,24
3352147,Klear restaurador de neumaticos y piezas negras   ml Sur,12,5,28,0.88,24
3018013,Linterna recargable  lm LED  mm  hr carga SJ Rayovac,25,9,7,0.18,24
0510012,Remachadora   DTHR Dyllu,30,13,4,0.6,24
7090007,Convertidor polarizado  a  en  caras  Eagle,20,12,6,0.2,24
5140033,Botn superior universal para vlvulas de descarga tradicionales PB Coflex,19,11,6,0.06,24
8352915,Aceite penetrante WD  oz  gratis  oz,7,7,25,0.48,24
2321183,Disco de corte pmetal diamantado   x mm   Bosch,26,23,2,0.52,24
3270360,Guante para cocina talla M XA M,25,14,3,0.04,24
8352922,Aceite penetrante WD  oz flexitapa,7,7,20,0.36,24
0010073,Cortadora de PVC  a  mm de corte DTPC Dyllu,26,12,3,0.26,24
0202000,Grifas  x   cm  A GMI Imacasa,55,4,4,0.94,24
7501669,Toma doble  polos  tierra A champagne Nobile AFEBCH Bticino,16,11,5,0.08,24
7506929,Interruptor sencillo TJ color champagne SCH Eagle,18,8,6,0.1,24
501529,Toma doble GF A V blanco PS CRWGF Bticino,17,10,5,0.08,24
5170028,Llave de fontanero  DTPW Dyllu,31,9,3,1.02,24
7506421,Toma sencillo  TV blanco lnea Plata DW Eagle,19,11,4,0.08,24
0570020,Serrucho profesional  Zasc ZPHS,67,12,1,0.42,24
666028,Nais bolsa  ml Henkel,20,10,4,0.24,24
052450008,Interruptor  polos  tierra A blanco Sencia AP Bticino,17,11,4,0.06,24
7002025,Esponja multiuso  Adarga,24,10,3,0.02,24
2330438,Cinta doble propsito H interior blanca  x m  M,16,11,4,0.02,24
7090643,Juego  luces LED multicolor m x cm cascada  Basic Living,13,6,9,0.18,24
4530200,Aceite para compresor  ml  Adarga,7,5,19,0.48,24
1109003,Pegamento PVC toda presin  ml Tangit Henkel,8,8,10,0.26,24
2320404,Esponja doble uso cero rayas para cocina pack BA M,10,6.3,10,0.04,24
5009031,Lustrador Orange para madera  ml  Adarga,19,8,4,0.34,24
0640006,Tijera de corte tipo aviador centro  DTAS Dyllu,20,10,3,0.4,24
2320400,Esponja doble uso anatmica pack BA M,10,6,10,0.04,24
0590007,Cautn para soldar W UDTEL Dyllu,18,8,4,0.14,24
5009033,Limpiador lustrador rojo cereza para madera  ml  Adarga,7.5,4,19,0.32,24
3300209,Cinta demarcacin amarilla  negro   x m  M,10.5,10.5,5,0.32,24
2390013,Pintura spray  negro brillante ml RBK Rainbow,5.5,5,20,0.42,24
0050004,Brocha profesional  cerdas naturales Zasc ZPPBNBWT,29,9,2,0.08,24
6140010,Escuadra para estante  x  acero blanca Rabbit RBSBX,20,13,2,0.04,24
0010068,Tenaza de armador econmico  DTPL Dyllu,30,7,2,0.4,24
7002013,Super fuego  ml Escud  Adarga,5,5,15,0.18,24
92110148,Broca HSSG   unds  Bosch,17,5,4,0.54,24
3352010,Pulidor de metales metal polish  ml G Meguiars,7.5,7.5,6,0.22,24
2385092,Sellador multiflex elastomrico cartucho  ml caf Sista Henkel,4,3.5,22,0.5,24
7506324,Apagador sencillo lnea eterna  Eagle,17,9,2,0.04,24
2330436,Cinta doble propsito H interior blanca  x   M,16,9,2,0.02,24
0010057,Alicate universal profesional  DTPLC Dyllu,23,6,2,0.3,24
2330321,Cinta tapagoteras termoencogible cm x m Sista Henkel,4.5,4.5,10.5,0.14,24
5170508,Llave paso baln   PSI C Dica,12,3,5.5,0.14,24
7002019,Aceite ceramico para bicicletas  ml  Adarga,5.5,3,12,0.08,24
1109002,Pegamento PVC toda presin  ml Tangit Henkel,4.5,4.5,9,0.16,24
2330408,Tiras medianas negras para colgar cuadros Command  M,17,10,1,0.02,24
0050010,Brocha profesional   cerdas sintticas Zasc ZPPBSBBK,24,4,1.5,0.05,24
92110224,Disco corte expert metal  xxmm,36,36,0.1,0.62,24
0050011,Brocha profesional  cerdas sintticas Zasc ZPPBSBBK,20,3,2,0.02,24
0420081,Broca HSS Point TeQ   und  Bosch,10,4,3,0.08,24
5170017,Llave control de  de vuelta  FNPT x  manilla angular IP Coflex,6.5,6,3,0.08,24
5120542,Embolo para llave lavamanos push vigo met METC Metales Aleados,9,6,2,0.06,24
9200279,Adaptador macho trampa SCH   blanco  Amanco,7,5,3,0.04,24
7001837,Aceite  en   ml  Adarga,3,3,11,0.04,24
9200148,Codo  campana cementada SCH presin  blanco  Amanco,3.3,3.3,6.5,0.02,24
8002006,Gaza sin fin acero inoxidable    mm     DTHU Dyllu,16,14,7,0.36,23
9111603,Disco de desbaste Standard metal   x  x mm  Bosch,23,23,2,0.6,23
7501748,Toma sencillo telefonico RJ H blanco Nobile AFEB Bticino,17,10,2,0.06,23
4020220,Clavo empacado g ccabeza  Caiman,15,7,2.5,0.26,23
5120421,Vlvula de bola PVC lisa  BPVP Metales Aleados,7,7,3,0.06,23
1515035,Tornillo para concreto  uds   x    uds N National,9,7,1,0.02,23
2321370,Disco lija madera lijadora orb  G    Bosch,13,13,0.01,0.01,23
5002067,Escalesilla gris XP Rimax,48,44,45,1.6,22
0709022,Pico zacho ancho  lbs  con mango   BPMI Imacasa,93,47,10,3.46,22
5002085,Caja vanity  natural azul turquesa XP Rimax,33,24,19,0.84,22
0610017,Taladro perc   W GSB  RE brocas AYZ Bosch,29.5,23,8.5,2.28,22
8002007,Gaza sin fin acero inoxidable    mm     DTHU Dyllu,17,14,6,0.4,22
7501095,Interruptor sencillo  vas A grfito Luzica PUGR Bticino,16,12,6,0.06,22
7501093,Interruptor triple S grafito Luzica PUGR Bticino,18,12,4,0.06,22
7506429,Toma doble para computo RJ lnea Plata blanco AW Eagle,16,11,4,0.06,22
7507006,Placa metalica para toma A GF PS SSGF Bticino,16,13,2,0.08,22
052450000,Placa ciega blanco Sencia AP Bticino,18,11,2,0.04,22
7507210,Interruptor triple Decor negro A V BK Eagle,13,4.5,4,0.1,22
501526,Toma doble A blanco Radiant W Bticino,11,7,3,0.06,22
7507200,Interruptor sencillo Decor negro A V BK Eagle,14,4.5,3.5,0.06,22
052440048,Interruptor sencillo  polo A M marfil Magic  Bticino,13,8,2,0.02,22
7507250,Placa sencilla Decor negra tornillo expuesto BK Eagle,19,9,1,0.02,22
7551036,Toma doble  polos  tierra A V M blanco Matix Go JW Bticino,6,5,4,0.04,22
7550370,Cubierta toma euroamericano M negro Living Now KG Bticino,8,7,1,0.01,22
7008335,Cable TGP x AWG Conducen m,43,42,17,12.88,21
0610012,Kit de  bateras V Ah  cargador  ATD Bosch,25,21.5,10.5,2.18,21
7008740,Cable ALT automotriz  AWG azul Conducen m,21.5,21.5,8,1.14,21
8002022,Gaza sin fin acero inoxidable    mm      DTHU Dyllu,25,19,7,0.2,21
3256824,Filtro cartucho vapores orgnicos   M,23,18,4,0.18,21
7505017,Enchufe angle P A V negro PS  Bticino,11,8,9,0.24,21
038070001,Lija ultrafina  x    caj  M,23,15,2,0.28,21
7500526,Derivacin T para canaleta  x  DXN Dexson,13,6,2,0.01,21
4020216,Clavo empacado g ccabeza  Caiman,13,5,2,0.5,21
9041058,Gaza para tubera  blanco  Amanco,10,7,1,0.02,21
0312185,Inodoro blanco  pz Ronco  Aqua Nuova,70,44,56,40,20
5203117,Lavamanos con pedestal bone Giona  Aqua Nuova,77,42,38,18.48,20
5009166,Estante organizador bao con puertas mocca XP Rimax,62,29.5,23,4.58,20
7550051,Centro carga c barra neutro  A stapa QOLPG Schneider,100,37.5,11,9.76,20
7008540,Cable TSJ x AWG negro Conducen m,48,46,17,25.02,20
7009002,Cable THHN   verde Conducen  m,35,34,29,35.56,20
0709230,Pala redonda Econo mango corto  E BYI Imacasa,98,21,14,1.22,20
7008545,Cable TSJ x AWG negro Conducen m,41,41,15,15.36,20
9913029,Fregadero pileta cm x cm  huecos FRE Fermetal,40,39,15,1.4,20
9914052,Kit taladro GSB LI  Llave de impacto GDR V bat JG Bosch,45,39,12,4.98,20
0140049,Nivel Lser Nivelox m con trpode y maletn XG Bosch,54,16,23,3.14,20
5500005,Calentador de paso electrnico Loretron KW V Lorenzetti,44,12.5,29,4.04,20
5002028,Organizador esquinero para bao II taupe XP Rimax,47,18,18,0.24,20
7008575,Cable TSJ x AWG negro Conducen m,38,38,9.5,10.7,20
0365022,Lijadora de banda GBS  V CG Bosch,39.5,16,19.5,4.32,20
7008022,Cable THHN   verde Conducen m,33.5,33.5,10,14.18,20
6036800,Cerradura principal Marsella cilind sencillo negro mate Marsella  Fanal,43,18,14,1.76,20
0709031,Palin espadn Classic mango largo   FBLI Imacasa,153,13,5,1.94,20
4535002,Manguera de aire resortada  x  pies MPAV Campbell,65,16,9,0.34,20
9200589,Ye sanitaria campana cementad SDR  blanco  Amanco,30,23,13,0.78,20
2385015,Sellador asfltico anti raz Densobrea  kg  Imptek,21,21,20,4.3,20
0709054,Machete pulido pchapea    PLI Imacasa,69,15,8,0.48,20
0290628,Esmeriladora inalmbrica  W M GWS VPC batbolso GEA Bosch,38,15,14.5,2.52,20
0611640,Atornillador V bat Ahcargador GSR LI GG Bosch,29.5,28,10,1.94,20
5009167,Seal de precaucin amarilla XP Rimax,63,29,4,0.58,20
5120446,Cachera fregadero monomando mezclador negra inox palanca PRI Metales Aleados,44,24,6,1.44,20
0709323,Hacha con mango de madera  lbs  M BMI Imacasa,94,22,3,2.9,20
5180062,Ventila de extraccin con rejilla tradicional  DJRVH Coflex,29,14,15,0.14,20
7008830,Cable SPT   negro V Conducen m,25.5,25,9.5,3.9,20
7090045,Extensin polarizada  pies azul  x   Eagle,34,19,9,3.06,20
7008044,Cable THHN   rojo Conducen m,24,23.5,9.5,5.68,20
7041010,Lmpara antipolvo IP cm  x T LED RLTRX Rca,67,11,7,0.7,20
7041028,Reflector LED RGB exterior IP W V RLFLRGBW Rca,27.5,24.5,7.5,1.12,20
5120444,Cachera fregadero monomando mezclador satn inox palanca PRI Metales Aleados,38.5,21,6,1.36,20
0002001,Bomba manual de aceite cromada  L min  cm DTHY Dyllu,46,13.5,7.5,1.84,20
3265001,Rodilleras protectoras DTKP Dyllu,28,23,7,0.34,20
5120410,Cachera fregadero  mezclador satn flexible cruz BMF Metales Aleados,25.5,24,7,0.76,20
7506486,Toma area v pt A IP  Eagle,29.5,12,12,0.9,20
6150018,Manguera resortada de  x  pies MPAV Campbell,34,11,11,0.2,20
7500514,Angulo externo para canaleta  x  DXN Dexson,19,16,12,0.2,20
9200583,Codo  sanitaria campana cementad SDR  blanco  Amanco,20,13,14,0.4,20
8002014,Gaza sin fin acero inoxidable    mm     DTHU Dyllu,20,18,10,0.28,20
0460101,Pistola para pintar de succin aluminio  ml  mm Zasc ZPSG,15,11,21.5,0.6,20
5140007,Vlvula de descarga dual  para WC  pieza doble descarga PB Coflex,16,8,27.5,2,20
4050003,Sonda de nylon mts largo mm ancho VYN  Eagle,33,26,4,0.24,20
7500528,Derivacin T para canaleta  x  DXN Dexson,24,21,6,0.3,20
2320078,Lija tela unimetal  x  G Abracol RTHBA,28.5,23.5,4.5,1.64,20
5120408,Cachera fregadero  mezclador ABS cromada copa BPF Metales Aleados,32,13,6.5,0.38,20
9200145,Codo  sanitario campana cementada SDR  gris  Amanco,16,15,11,0.24,20
7500500,Kit organizador de cables para TV Dexson DXN  Dexson,106,12,2,0.4,20
7041024,Panel LED parche redondo  W V K lm RLCRLDW Rca,22.5,22,5,0.3,20
7041507,Panel LED Line Echo sobreponer  W K  lm A Ilukon,122,8,2.5,0.24,20
7500519,Angulo interno para canaleta  x  DXN Dexson,17,14,10,0.16,20
2322001,Set de cepillos para taladro  pcs    DTCE Dyllu,22,18,6,0.4,20
0570063,Serrucho mango madera  DTHW Dyllu,60,13,3,0.42,20
5121058,Aspercion de ducha  fuciones europea designs RC Pfister,18,16,8,0.24,20
3349010,Cono de seguridad retrctil  cm naranja Zasc ZSCROR,20,18.5,6,0.32,20
0208100,Juego de cubos  pz espiga   mm   mm con ratchet Zasc ZSS,33.5,11,6,1.4,20
7500911,Angulo interior  x   Eagle,15,13,11,0.12,20
1143003,Pistola para manguera  funciones DTSNE Dyllu,21,16,6,0.12,20
2320022,Lija azul   HB paq  M,28,23,3,0.9,20
8002008,Gaza sin fin acero inoxidable    mm     DTHU Dyllu,19,14,7,0.4,20
0570015,Pistola de silicn mini GR Stanley,19,15,6,0.16,20
2990163,Parador   y  trasero de aluminio con grapa Rio y Selva JKTA Rali,39,6,7,0.3,20
76174060621,Engrapadora presin trabajo liviano TR Stanley,24,16,4,0.3,20
7060233,Conduleta tipo T EMT   UL T PST,21,9,8,0.44,20
7500527,Derivacin T para canaleta  x  DXN Dexson,22,13,5,0.1,20
7500513,Angulo externo para canaleta  x  DXN Dexson,14,10,10,0.08,20
5121016,Llave empotrar Lainz mezcladora PFLC Pfister,13.5,12,8.5,0.68,20
0709053,Machete pulido pchapea    PLI Imacasa,75,6,3,0.52,20
9200334,Vlvula de bola SCH   blanco  Amanco,12,8.5,13,0.48,20
7060232,Conduleta tipo T EMT   UL T PST,21,9,7,0.44,20
0011170,Kit XLine para taladrar y atornillar  pzs  Bosch,16.5,14,5.5,0.54,20
9200582,Codo  sanitaria campana cementad SDR  blanco  Amanco,15.5,8,10,0.2,20
0570062,Serrucho mango madera  DTHW Dyllu,48,12,2,0.4,20
0540113,Llave francesa cromada  LA Stanley,38,10,3,0.66,20
6032002,Cerradura portn pico lora sobreponer con rueda Rabbit RBFAR,14.5,9,8.5,0.92,20
2392309,Pintura anticorrosivo verde  gl Bess  Sur,9,9,13,1.02,20
6401014,Riel para gaveta telescpico  cm Rabbit RBDS,52,5,4,0.8,20
5140601,Empaque de cera con gua  Urrea,13.5,12.5,6,0.18,20
7500523,Angulo plano para canaleta  x  DXN Dexson,18,11,5,0.08,20
3300308,Cinta antideslizante transparente mm x m h M,15.5,10.5,6,0.22,20
2321875,Disco de sierra circular Eco    x  x mm T  Bosch,23,21,2,0.34,20
0366220,Set mototool pzs DTRR Dyllu,18,12,4,0.2,20
2990161,Parador  trasero para bicicletas JKA Rali,27,8,4,0.28,20
7090635,Regleta supresora A V  tomas  USB PSU Avtek,24,9,4,0.24,20
0230013,Desatornillador golpe plano punta magntica  mm x  mm DTQJ Dyllu,24,6,6,0.14,20
0590013,Pinza para electrodo  amp DTEHA Dyllu,22.5,8.5,4.5,0.32,20
7060226,Conduleta tipo C EMT   UL C PST,20,6.5,6.5,0.42,20
500150,Breaker falla tierra  polos A kA QOGFI Schneider,14,10,6,0.44,20
0380027,Set llaves allen  pcs punta bola  mm   mm DTHK Dyllu,24,11,3,0.36,20
7060209,Conduleta tipo LB EMT   UL LB PST,17.5,6,7.5,0.46,20
6032650,Cerrojo Annency cilindro doble bronce antiguo cllave  Fanal,13,10,6,0.52,20
7060214,Conduleta tipo LL EMT   UL LL PST,18.5,6,7,0.46,20
0230041,Desatornillador golpe plano punta magntica  mm x  mm DTQJ Dyllu,31,5,5,0.16,20
7060227,Conduleta tipo C EMT   UL C PST,20.5,5.5,6.5,0.42,20
7506449,Tomacorriente doble falla tierra Plata A V negro BK Eagle,16,11,4,0.16,20
7171348,Pulsante para timbre lnea TJ PL Eagle,18,9,4,0.08,20
7060220,Conduleta tipo LR EMT   UL LR PST,18,5.5,6.5,0.46,20
6401003,Riel para gaveta sencillo blanco  x mm Rabbit RBDS,42,5,3,0.38,20
7054002,Protector de voltaje  a  tomas con  luces piloto  Eagle,19,11,3,0.16,20
2235005,Cuerda pescar Araty mm x  m azul,8.5,8,8.5,0.16,20
6401011,Riel para gaveta telescpico  cm Rabbit RBDS,36,4,4,0.56,20
5230108,Rejilla cuadrada  cm x  cm cuerpo acero antiolor PC Coflex,10,5,11.5,0.16,20
0010078,Alicate universal profesional  DTPLC Dyllu,23,8,3,0.24,20
0004628,Polea compresor x puav campbell,17,8,4,0.62,20
2320401,Esponja Scotch Brite x verde s BA M,16,11,3,0.04,20
0010075,Alicate presin curvo  DTLP Dyllu,29,9,2,0.44,20
6401010,Riel para gaveta telescpico  cm Rabbit RBDS,32,4,4,0.46,20
0460923,Acople de rotacin  universal de  DA Campbell,14,9,4,0.08,20
9200161,Reductor sanitario campana cementada SDR  x   gris  Amanco,10,10,5,0.18,20
7041030,Reflector LED exterior IP W V K lm RLFLDW Rca,12,9,4.5,0.26,20
7501687,Interruptor doble  polo A marfil Nobile AFEM Bticino,16,10,3,0.08,20
7041105,Lmpara veladora LED con fotocelda DRL Eagle,16,10,3,0.04,20
7501737,Toma sencillo  polos A USBA marfil Nobile AFUSBEM Bticino,13,8,4.5,0.08,20
0380026,Set llaves allen  pcs  mm   mm DTHK Dyllu,23,10,2,0.36,20
7506018,Interruptor  vas Decor A V UL W Eagle,17,9,3,0.06,20
0540077,Llave corofija mm  STMT Stanley,30,5,3,0.24,20
0230031,Set desatornilladores  pcs punta magntica  mm x  mm DTSS Dyllu,16,7,4,0.1,20
0420010,Juego puntas atornillar Cubodados  pcs  Bosch,11,10,4,0.32,20
7500536,Union para canaleta  x  DXN Dexson,14,5,6,0.02,20
0200010,Cutter  x  mm de aluminio plegable   cuchillas DTSK Dyllu,23,9,2,0.14,20
7506722,Placa doble lnea TJ blanco W Eagle,20,10,2,0.04,20
9200178,Codo  campana cementada SCH presin   blanco  Amanco,9.5,7,6,0.08,20
7506738,Placa triple lnea TJ blanco W Eagle,21,9,2,0.04,20
0380011,Llave corofija  mm DTSA Dyllu,25,5,3,0.16,20
052440180,Toma triple  polos A V blanco Oval P Bticino,18,10,2,0.06,20
7506027,Interruptor doble  vas A V UL  W Eagle,17,7,3,0.1,20
7040302,Bombillo LED A Sensor E W K lm A Ilukon,5.5,5,12.5,0.04,20
500476,Breaker  polos A kA QO Schneider,8.5,8,5,0.32,20
0380014,Llave corofija  mm DTSA Dyllu,28,6,2,0.24,20
9200374,Reductor bushing SCH   x  blanco  Amanco,8,8,5.2,0.16,20
5180405,Tubo abasto vinilo sanitario  AM x  AM  cm VP Dica,36,3,3,0.06,20
1195035,Semilla de cebolla americana  Suplijardines,17,9,2,0.02,20
7500535,Union para canaleta  x  DXN Dexson,14,7,3,0.01,20
7060123,Unin tornillo EMT  UL ZS PST,6,6,8,0.22,20
0380000,Juego llaves allen  pzs mm  mm negras Zasc ZHKWS,20,13,1,0.18,20
9211233,Disco corte Standard for metalinox xx centro plano  Bosch,16,16,1,0.1,20
7506040,Placa Decor para intemperie gris UL  Eagle,14,8,2,0.2,20
7060110,Unin presin EMT   UL ZCCS PST,6,6,6,0.22,20
0380013,Llave corofija  mm DTSA Dyllu,24,4.5,2,0.2,20
7506032,Interruptor triple Decor UL W Eagle,13,4,4,0.1,20
7506522,Interruptor  vas lnea TJ blanco SW Eagle,13,8,2,0.02,20
7506524,Interruptor  vas lnea TJ champagne SCH Eagle,10,10,2,0.02,20
7506712,Placa para intemperie IP con dos tomas lnea TJ IPW Eagle,8,2,12,0.2,20
052440103,Placa M blanco Matix AMBN Bticino,19,10,1,0.02,20
0300718,Esptula metlica  DTPT Dyllu,19,5,2,0.06,20
6095210,Picaporte plateado  N National,12,7,2,0.06,20
1190001,Tijera para podar de mano  DTPAE Dyllu,22,7.5,1,0.16,20
1195039,Semilla de chile habanero  Suplijardines,17,9.5,1,0.01,20
1195023,Semilla de clavel mixto  Suplijardines,17,9.5,1,0.01,20
1195025,Semilla de zapallo zucchini  Suplijardines,17,9.5,1,0.01,20
1195011,Semilla de hierba para gatos  Suplijardines,17,9.5,1,0.01,20
1205029,Insecticida voladores y rastreros prilan  ml  Suplijardines,4,4,10,0.06,20
5180402,Tubo abasto acero fregadero  FIP x  FIP  cm AI Dica,40,2,2,0.1,20
0380012,Llave corofija  mm DTSA Dyllu,22,7,1,0.16,20
2320122,Esponja abrasiva    x   ultrafina  M,14,11,1,0.01,20
2320126,Esponja abrasiva    x   fina  M,14,11,1,0.01,20
1195007,Semilla de espinaca  Suplijardines,17,9,1,0.02,20
7500517,Angulo interno para canaleta  x  DXN Dexson,12,6,2,0.01,20
7551072,Dimmer universal M gris Matix Go JG Bticino,6,6,3,0.04,20
7500711,Regleta para cable mm  Bticino,16,2.5,2.5,0.15,20
7500515,Angulo interno para canaleta  x  DXN Dexson,14,7,1,0.01,20
2320124,Esponja abrasiva    x   superfina  M,14,11.5,0.6,0.01,20
0420003,Broca para azulejos HEX ceramic  x mm  Bosch,18,4.5,1,0.02,20
0380010,Llave corofija  mm DTSA Dyllu,20,3.5,1,0.12,20
9130240,Broca HSSG   und  Bosch,9,2.5,2.5,0.02,20
0540506,Llave corofija ratchet mm  Stanley,21,2.5,1,0.1,20
7551037,Toma sencillo  polos  tierra A V M negro Matix Go JB Bticino,5,2.5,4,0.02,20
52440426,Regleta para cable mm  Bticino,9,2,2,0.02,20
7551039,Toma sencillo  polos  tierra A V M gris Matix Go JG Bticino,4.5,2.5,1,0.01,20
5120453,Llave lavamanos cromada copa decorada MET Metales Aleados,15,13,5,0.32,19
0560019,Hoja sierra caladora  pcs bsica  mm  TPI DTJBC Dyllu,14,8,1,0.04,19
7500531,Tapa final para canaleta  x  DXN Dexson,15,7,1,0.01,19
9200127,Adaptador macho campana cementada SCH crosca   blanco  Amanco,5,4,5,0.06,19
052440043,Interruptor  vas A V M blanco Matix AM Bticino,4.5,2.5,4,0.02,19
7500534,Union para canaleta  x  DXN Dexson,10,4,1,0.01,19
5002096,Basurero para reciclaje L blanco XP Rimax,48,25,58,2.32,18
7008138,Cable THHN   azul Conducen m,27,27,28,18.16,18
7008136,Cable THHN   verde Conducen m,27,27,27,18,18
7008132,Cable THHN   negro Conducen m,27,26,28,18.28,18
3258008,Bota de PVC Kayman negro talla,49,31,12,1.78,18
7008024,Cable THHN   azul Conducen m,33.5,33,10,14.32,18
3265018,Zapatos de seguridad cuero punta metlica   DTSB Dyllu,34.5,22,14,1.36,18
3265017,Zapatos de seguridad cuero punta metlica   DTSB Dyllu,32,20.5,13,1.3,18
0709079,Escoba metlica reforzada  dientes con mango  R BMI Imacasa,160,50,1,0.9,18
0150005,Cizalla  DTBC Dyllu,78,22,3,3.72,18
3352004,Shampu para auto deep crystal car wash lt G Meguiars,12,7,26.6,2,18
5140020,Brida flexible para orinal  PB Coflex,18,17,7,0.14,18
3352152,Klear neutralizador de olores   ml Sur,12,5,29,0.92,18
45357933,Inflador de llantas con manmetro de  max  PSI MPAV Campbell,31,18,3,0.36,18
6032003,Cerradura doble paso negra izquierda VPGOI Fanal,20,20,4,0.8,18
7002006,F citronella  Lt  Adarga,8,8,24,0.76,18
0709128,Machete pulido guapote  con cruceta   PCI Imacasa,72,7,3,0.58,18
2392318,Laro Top barniz tinte  natural brillante  gl  Sur,10,10,13,0.98,18
7550650,Conduleta tipo LL EMT   UL LLCG Topaz,19.5,7.5,8,0.58,18
3352046,Restaurador de interiores ultimate protectant  oz G Meguiars,9,5,19.5,0.4,18
7550632,Conduleta tipo LB EMT   UL LBCG Topaz,17.5,7,7,0.6,18
7445005603765,Silicn RTV copper  no corrosivo alta temperatura  ml  Loctite,20,10,4,0.1,18
5240027,Desage lavatorio metal cadena y tapn PH Coflex,16,6,6,0.14,18
2320406,Esponja doble uso anatmica Scotch Brite BA M,10,7,7,0.02,18
8708001,Eliminador de olor new car scent  oz G Meguiars,6,5,15,0.12,18
7501218,Set terminales elctricas  pcs DTTTB Dyllu,14.5,11,2.5,0.1,18
9200169,Codo  campana cementada SCH presin   blanco  Amanco,7.5,6,6,0.1,18
0010074,Alicate presin curvo  DTLP Dyllu,16,7,2,0.32,18
7500520,Angulo plano para canaleta  x  DXN Dexson,14,7,1,0.01,18
7550359,Cubierta iluminable M negro Living Now KG Bticino,12,2.8,1,0.01,18
92110616,Disco lija Best metal   G   Bosch,12,12,0.01,0.02,18
5120450,Llave lavamanos cromada cruz BLU Metales Aleados,15.5,10.5,5.5,0.18,17
052450001,Interruptor sencillo  polo A blanco Sencia AP Bticino,16,9,5,0.04,17
9913014,Extensin para desage metlica   x  EXT Fermetal,20,4,4,0.08,17
052440208,Placa M blanco Matix AMBN Bticino,18,10,1,0.02,17
7060060,Conector EMT pbiex   UL  Topaz,6,5,5,0.1,17
1515036,Clavo para madera  uds  x  galvanizado N National,10,4,3,0.02,17
7551025,Toma doble V S blanco PS W Bticino,10.5,3.5,3,0.06,17
7551032,Interruptor  vias A V M negro Matix Go JB Bticino,4.5,2,4,0.02,17
92110644,Disco lija Expert madera y metal  G   Bosch,8.5,8.5,0.01,0.04,17
5203001,Inodoro blanco pz Serio  Aqua Nuova,70,38,68,37,16
0709020,Pico zacho angosto  lbs  con mango   BPMI Imacasa,93,50,6.5,3.34,16
0585007,Sierra circular   W UDTCW Dyllu,39,25,20,4.96,16
7550086,Centro de carga monofsico  esp A empotrar Nema QODF Schneider,22.5,20.5,9.5,1.18,16
1109034,Caja rectangular IP  conos xxmm gris Plexo  Bticino,23.5,18.5,10,0.44,16
5120417,Llave fregadero ABSinox monomando satn cruz BPLS Metales Aleados,43,18,5,0.16,16
5140045,Vlvula de descarga  con pera WC PB Coflex,13.5,10,28.5,0.36,16
9041044,Unin de expansin canoa colonial blanco  Amanco,17,16,14,0.26,16
7009118,Cable THWN   azul  hilos m,23.5,23.5,6.5,2.46,16
5180016,Manguera para lavadora vinilo  NH x  NH m WBA Coflex,23,20,6,0.28,16
7041032,Reflector LED exterior IP W V K lm RLFLDW Rca,21,17,4,0.66,16
0490014,Prensa tipo C  DTCP Dyllu,24,14,4,1.08,16
7090047,Extensin elctrica azul  x   pies  Eagle,27,12,3.5,0.84,16
7500518,Angulo interno para canaleta  x  DXN Dexson,16,8,7,0.06,16
6401105,Rueda acanalada para portn c soporte zinc  mm Rabbit RBGWESYZP,13,12,5,1.1,16
6101057,Resistencia Maxi T fashion V W Lorenzetti,14,12,4,0.02,16
052450007,Interruptor doble  vias A blanco Sencia AP Bticino,17,9,4,0.06,16
7501950,Toma coaxial TV RJ Cat negro Nobile AFEANG Bticino,17,9,4,0.06,16
5120418,Llave lavamanos ABS satn palanca BPLS Metales Aleados,13,3,15,0.12,16
5090099,Tapa huecos con rosca para fregadero PLA Coflex,12.5,9,5,0.06,16
0205001,Piedra de afilar  x  x    R I Imacasa,19,8,3,0.36,16
5240044,Desage lavatorio plstico blanco   con rebosadero PH Coflex,5,5,18,0.06,16
7551049,Placa  polo M gris Matix Go JAMJG Bticino,19,11,2,0.02,16
9111421,Disco desbaste Expert metal   x  x mm  Bosch,18,18,1,0.34,16
7506832,Conector lock A V p w LC Eagle,9,5.5,5.5,0.16,16
6010028,Bisagras  x  cuadrada acabado negro mate N  Uds Fanal,15,6,3,0.72,16
0162004,Marco de segueta mini plstico  Stanley,18,7,2,0.06,16
7550211,Acople superior   p base medidor unitaria A Schneider,17,12,1,0.1,16
4020221,Clavo empacado g ccabeza   Caiman,15,6,2,0.26,16
9200119,Adaptador hembra campana cementada SCH crosca   blanco  Amanco,6,6,4,0.06,16
2330441,Cinta doble propsito HST int  ext negra  tiras  x   M,14,8,1,0.02,16
7500510,Angulo externo para canaleta  x  DXN Dexson,14,7,1,0.01,16
92110634,Disco lija Expert madera y metal   G   Bosch,11,1,1,0.01,16
7551041,Modulo ciego M blanco Matix Go JW Bticino,4.5,2.3,1,0.01,16
2321439,Disco lija madera lijadora orb  G   sustituto   und Bosch,13,13,0.01,0.01,16
5002005,Armario grande rattan wengue XP Rimax,87,42.5,52.5,16.82,15
0580025,Sierra mesa  W UDTTSA Dyllu,67,63,36,24,15
9100003,Carretilla de carga plegable  kg DTWB Dyllu,93,62,14,14.86,15
5002093,Arenero para gato rojo gris UBQ XP Rimax,62,42,22,1.74,15
0365018,Lijadora orbital W  de lija GSS A cfiltro AG Bosch,44,29,40,11,15
9010002,Carretilla de carga plegable  kg DTWB Dyllu,74,49,13,7.8,15
0308372,Lavamanos de sobreponer blanco redondo Evora  Aqua Nuova,47.5,47.5,18,11.92,15
1032001,Motosierra   tiempos gasolina  CC DTGC Dyllu,48.5,26.5,29,7.3,15
5004005,Basurero pedal L blanco XP Rimax,37.5,20.5,48,1.4,15
0590027,Soldador inverter  V MMA  Amp UDTWD Dyllu,40,25,31,7.46,15
0580024,Cortadora de cermica V  RPM DTUU Dyllu,41,38,14,3.88,15
0590025,Soldador inverter  V MMA  Amp UDTWD Dyllu,28.5,23.5,29,4.66,15
0610158,Demoledor J W UDTDBD Dyllu,42,32.5,13.5,8.56,15
6200204,SOPORTE PARA TV MOVIL  KG BASIC LIVING,48.5,40.5,8,4.6,15
5002084,Caja para herramientas electrica salmon XP Rimax,35,31.5,14,0.94,15
1619BZ0100,Bolso nylon resistente Kg BZ Bosch,56,30,8,0.78,15
7008028,Cable THHN   negro Conducen m,27,27,15,9.6,15
0709049,Machete pulido guapote    PLI Imacasa,66,14,11,0.42,15
7008032,Cable THHN   verde Conducen m,26,26,15,9.72,15
500066,Centro carga  A c tapa sobreponer QOBNS Schneider,45,19,11.5,3.24,15
9100004,Carretilla de carga plegable  kg DTWBA Dyllu,69,34,4,3.5,15
8015001,Bomba de agua perifrica  Hp W UDTWPVA Dyllu,28,14,18.5,4.38,15
5002012,Papelera tapa mvil L apariencia metal XP Rimax,17,16,26,0.2,15
0585306,Esmeriladora   W M GWSmaletn G Bosch,28.5,24,9,2.52,15
7008805,CABLE SPT   BLANCO V CONDUCEN M,28.5,28.5,7.5,5.52,15
7009164,Cable THWN   rojo  hilos m,25,23.5,10,5.76,15
7008710,Cable ALT automotriz  AWG azul Conducen m,25.5,25.5,8.5,3.76,15
500064,Centro carga  A c tapa sobreponer QOLS Schneider,28.5,16.5,11.5,1.7,15
9041049,Boquilla colonial terminal rectangular blanco  Amanco,21,16,15,0.38,15
0230034,Set desatornilladores  pcs punta magntica DTSS Dyllu,28,22,8,0.42,15
0709305,Mango para azadn de   x   AZS PMI Imacasa,115,6,6,0.6,15
0366002,Set mototool  pcs V  RPM DTRYM Dyllu,27.5,16.5,9,1.12,15
1205017,Castillo de plantas  caja  Suplijardines,22,18,10,0.44,15
8002015,Gaza sin fin acero inoxidable    mm      DTHU Dyllu,23,20,8,0.28,15
0490016,Sargento con prensa  DTCP Dyllu,49,21,3,0.56,15
0709043,Machete pulido suelo    PLI Imacasa,45,13,5,0.54,15
7550083,Centro de carga monofsico  esp A sobreponer Nema QODS Schneider,18.5,16.5,9.5,0.98,15
0230033,Set desatornilladores  pcs punta magntica  mm x  mm DTSS Dyllu,29,14,6,0.34,15
6032004,Cerradura doble paso negra derecha VPGOD Fanal,20,19,6,0.8,15
6032626,Cerradura pomo cilndrico Tunnich acero inoxidable sllave   Fanal,20,18,6,0.48,15
0140048,Receptor para nivel lser LR  soporte y bolsa protectora J Bosch,18.5,14,8,0.68,15
7550780,Caja centradas  x  x mm A Eagle,21,15,6,0.06,15
2380002,Pegaforte cemento de contacto  gl  Sur,11,11,15,0.92,15
0570064,Serrucho mango plstico  corte rpido DTHWG Dyllu,48,15,2.5,0.38,15
0410018,Mazo de hule mango de fibra de vidrio  oz DTHM Dyllu,31,9,6,0.42,15
0410004,Martillo de acero  oz DTHMG Dyllu,34,12,4,0.74,15
0190083,Cuchara de albail  DTBT Dyllu,28,8,7,0.14,15
0560014,Marco segueta ajustable  a  DTHF Dyllu,47,11,3,0.54,15
2321042,Disco diamantado segmentado  x  mm DTDCK Dyllu,29,26,2,0.66,15
0140029,Nivel aluminio  gotas  cm DTSLG Dyllu,100,6,2.5,0.62,15
9041602,Curva  EMT UL,27,10,5,0.38,15
0366001,Set mototool  pcs V  RPM DTRYP Dyllu,19.5,8,8.5,0.48,15
0610053,Batera LiIon ProCORE V  Ah AGU Bosch,12.5,11,9.5,1.52,15
7060105,Conector de presin EMT  UL ZCS PST,14,13,7,0.14,15
0010059,Alicate de corte diagonal profesional  DTPLC Dyllu,24,17,3,0.22,15
6401020,Riel para gaveta telescpico  cm Push RBDSPO Rabbit,48,6,4,1.12,15
0590012,Pinza para tierra  amp DTEHA Dyllu,21,9.5,5.5,0.3,15
0709056,Machete pulido pchapea    PLI Imacasa,50,6,3,0.36,15
0300724,Esptula metlica  DTPT Dyllu,22,13,3,0.1,15
2320034,Fibro disco   x  G Abracol RFIB,11,11,7,0.62,15
6401019,Riel para gaveta telescpico  cm Push RBDSPO Rabbit,41,5,4,0.98,15
7501136,Toma datos RJ Cat blanco Luzica PU Bticino,17,12,4,0.06,15
0010050,Alicate universal industrial  DTPL Dyllu,22,7,5,0.3,15
0010070,Alicate para cerca diablillo profesional  DTPL Dyllu,34,11,2,0.62,15
7501216,Set anillos oring  pcs DTJQB Dyllu,23,10,3,0.12,15
0590011,Escuadra magntica para soldar  DTMC Dyllu,20,17,2,1.08,15
0590009,Escuadra magntica para soldar  DTMC Dyllu,16,14,3,0.58,15
6401017,Riel para gaveta telescpico  cm Push RBDSPO Rabbit,32,5,4,0.72,15
0010053,Alicate de corte diagonal industrial  DTPL Dyllu,20,8,4,0.32,15
0010058,Alicate universal profesional  DTPLC Dyllu,26,8,3,0.36,15
0380019,Llave francesa econmica  DTAW Dyllu,26,8,3,0.44,15
0640005,Tijera de corte tipo aviador izquierda  DTAS Dyllu,17,12,3,0.4,15
6401024,Riel para gaveta telescpico  cm cierre lento RBDSSC Rabbit,30,5,4,0.74,15
0010060,Alicate de corte diagonal profesional  DTPLC Dyllu,27,7,3,0.28,15
7501938,Toma coaxial TV tipo F negro Nobile AFEANG Bticino,18,10,3,0.06,15
0010069,Tenaza de armador econmico  DTPL Dyllu,35,7,2,0.56,15
0010076,Alicate presin recto  DTLP Dyllu,27,9,2,0.44,15
0010072,Alicate para terminales   DTPL Dyllu,27,9,2,0.24,15
0010054,Alicate de punta industrial  DTPL Dyllu,20,8,3,0.18,15
0590008,Escuadra magntica para soldar  DTMC Dyllu,14,11,3,0.32,15
2321905,Rueda  clean strip morado  M,15,15,2,0.08,15
9200223,Codo  conexin SCH presin  blanco  Amanco,9,6.5,7.5,0.12,15
7506506,Interruptor triple lnea TJ blanco A V SW Eagle,17,8,3,0.1,15
0010064,Alicate mini de corte diagonal profesional   DTPL Dyllu,14,8,3,0.08,15
7506844,Enchufe lock A V  V p W LP Eagle,10,5.5,6,0.16,15
0010065,Alicate mini de punta profesional   DTPL Dyllu,19,8,2,0.08,15
7060111,Unin presin EMT  UL ZCCS PST,7,6.5,6.5,0.26,15
5090097,Tapa huecos a presin   para fregadero  lavatorio PLA Coflex,12,8,3,0.02,15
0380018,Llave francesa econmica  DTAW Dyllu,19,5,3,0.24,15
9041822,Prensaestopas mtrica  mm M Eagle,11,8,3,0.02,15
7506638,Interruptor  vas lnea TJ blanco con luz LED W Eagle,12,5,4,0.02,15
0230037,Set desatornilladores precisin DTSSB Dyllu,15,8,2,0.1,15
0420082,Broca HSS Point TeQ   und  Bosch,11.5,5,4,0.1,15
7551051,Placa  M negro Matix Go JAMJB Bticino,20,11,1,0.02,15
9041820,Prensaestopas mtrica  mm M Eagle,13,8,2,0.02,15
7551052,Placa  M gris Matix Go JAMJG Bticino,20,10,1,0.02,15
7506125,Interruptor de uso comercial A V V Eagle,10.5,3.5,4.5,0.06,15
1195013,Semilla de manzanilla  Suplijardines,17,9.5,1,0.01,15
1195031,Semilla de repollo  Suplijardines,17,9.5,1,0.01,15
1195020,Semilla de chinas mixto  Suplijardines,17,9,1,0.02,15
1195002,Semilla de albahaca  Suplijardines,17,9,1,0.02,15
1195036,Semilla de remolacha  Suplijardines,17,9,1,0.01,15
0380017,Llave francesa econmica  DTAW Dyllu,14,5,2,0.12,15
7551040,Toma doble  polos  tierra A V M gris Matix Go JG Bticino,7,4,5,0.04,15
6401029,Riel para gaveta telescpico  cm cierre lento RBDSSC Rabbit,26,5,1,1.4,15
500174,Breaker atornillar  polo A kA QOB Schneider,8,8,2,0.12,15
9200195,Tapn hembra SCH crosca  blanco  Amanco,6,6,3.5,0.06,15
9112039,Hoja calar madera limpio curvo TAO und  Bosch,17,7,1,0.02,15
0180001,Cortador de vidrio chispa DTGR Dyllu,21,5,1,0.1,15
7500538,Angulo externo para canaleta  x  DXN Dexson,14,7,1,0.01,15
7500543,Union para canaleta  x  DXN Dexson,14,7,1,0.01,15
0420004,Broca para azulejos HEX ceramic  x mm  Bosch,18,4,1,0.02,15
9200132,Codo  campana cementada CPVC  crema  Amanco,5,4,2.5,0.02,15
052440039,Enchufe para extensin  polos A marfil B Bticino,6.5,3.5,2,0.02,15
7551033,Interruptor sencillo A V M gris Matix Go JG Bticino,4.5,2.5,4,0.02,15
9200139,Codo  campana cementada CPVC  crema  Amanco,3.3,3.3,1.5,0.01,15
1195019,Semilla de lavanda  Suplijardines,17,9,0.01,0.01,15
7008134,Cable THHN   rojo Conducen m,30,28,27,18,14
0611028,Llave de impacto inalmbrico  V Nm  GDS V PC K Bosch,23.5,21,10.5,2.16,14
3349112,Cono de seguridad retrctil  cm naranja Zasc ZSCROR,24.5,24.5,5,0.52,14
5120402,Cachera lavamanos  ABS cromada copa BPL BLU Metales Aleados,18,17,9,0.28,14
5240023,Sifn a la pared   metlico PB Coflex,23.5,5,14,0.32,14
033010037,Esponja Scotch Brite gris  ultrafina  pack  x  BA M,24,15,4,0.04,14
7062502,Toma sencillo RJ Cat blanco Sencia AP Bticino,19,19,3,0.04,14
0150001,Cizalla  DTBC Dyllu,35,9,3,0.76,14
4020229,Clavo empacado  kg ccabeza  Caiman,13,12,5,1,14
7501911,Interruptor sencillo  vias  polo A champagne Nobile AFEBCH Bticino,17,11,4,0.06,14
052440138,Placa nuva doble madera Magic NUI Bticino,14,12,3,0.02,14
7500504,Caja plstica para toma  mm blanca DXNS Dexson,13,8,4.5,0.06,14
0420268,Brocas para cajas de bisagras mm    Bosch,7,6,11,0.22,14
4020211,Clavo empacado g ccabeza   Caiman,11,8,5,0.5,14
92110645,Disco lija Expert madera y metal  G   Bosch,18,18,1,0.04,14
7501772,Interruptor sencillo  polos A  toma A blanco Nobile AFEB Bticino,15,9,2,0.08,14
0011160,Cubo HEX impacto para techo mm   Bosch,15,7,2,0.04,14
7551050,Placa  polo M blanco Matix Go JAMJW Bticino,19,11,1,0.02,14
501541,Placa toma doble metalica G GF gris PS SSGF Bticino,17,10,1,0.04,14
61001819,Vlvula check para compresor gl HX HLAV Campbell reemp,11,5,2,0.08,14
0011161,Puntas Phillips Impact Control PH mm  Bosch,12,5,1,0.01,14
7551029,Interruptor sencillo A V M blanco Matix Go JW Bticino,4,3,3,0.02,14
5009173,Cama asoleadora Baru mocca XP Rimax,95.5,60,15,10.84,13
0709231,Azadn forjado centroamericano  lbs con mango   BPMI Imacasa,113,25,21,2.12,13
5120533,Cachera fregadero  ABS mezclador cromada palanca BPF Metales Aleados,34,21.5,6.5,0.48,13
7008840,CABLE SPT   NEGRO V CONDUCEN M,21.5,21.5,7,1.92,13
2385106,Sellador poliuretano  blanco ml  sustituto  M,35,6,6,0.68,13
7041531,Panel LED Evo cuadrado sobreponer  W K lm A Ilukon,13,13,5.4,0.18,13
7501146,Interruptor simple A marfil Luzica PUM Bticino,16,10,4,0.04,13
7501691,Interruptor doble  vas  polo A blanco Nobile AFEB Bticino,16,10,4,0.08,13
7501143,Pulsador timbre A blanco Luzica PU Bticino,17,9,4,0.04,13
7501913,Interruptor doble  polo A champagne Nobile AFEBCH Bticino,17,9,4,0.08,13
7506918,Interruptor doble lnea TJ A V con luz LED BK Eagle,17,9,4,0.1,13
7551048,Placa  polo M negro Matix Go JAMJB Bticino,18,11,2,0.02,13
6020410,Candado laminado mm blister FLM Fanal,13,9,3,0.1,13
7507240,Tomacorriente GFCI Decor negro A con indicador de vida TSTBK Eagle,11.5,7.5,4,0.16,13
7501675,Placa ciega marfil Nobile AFSEM Bticino,17,10,2,0.04,13
9041601,Curva  EMT UL,17,6,3,0.12,13
052440045,Interruptor sencillo  vas luz piloto marfil Magic LG Bticino,11,8,3,0.04,13
1515034,Tornillo para gypsummadera  uds   x   N National,12,7,3,0.08,13
4020222,Clavo empacado g ccabeza  Caiman,14,8,2,0.26,13
501557,Placa doble G GF blanco PS TPWGF Bticino,17,10,1,0.02,13
9111504,Lija esponja contorno fino  Bosch,12,12,1,0.01,13
9112027,Disco flap Expert metal   G  curvo  Bosch,11.5,11.5,1,0.06,13
4020215,Clavo empacado g ccabeza  Caiman,14,3,3,0.5,13
7551026,Placa toma doble G blanco PS TPW Bticino,12,8,1,0.02,13
7500521,Angulo plano para canaleta  x  DXN Dexson,13,7,1,0.01,13
0126025,Repuesto pcutter triangular pzs  Stanley,15,5,1,0.02,13
92110154,Broca HSSG  blster  Bosch,14.5,4.5,1,0.01,13
7551034,Interruptor  vias A V M gris Matix Go JG Bticino,4.5,4,2.5,0.01,13
6095216,Anclaje perno de anillo con tuerca  x   N National,7,2.5,1,0.02,13
92110627,Disco lija Best metal  G   Bosch,18,18,0.01,0.04,13
1032002,Soplador  tiempos  CC DTYQA Dyllu,44,40,48,8.8,12
500401,Modulo  medidores fijo MP A barras A MP Schneider,98,32,22.5,18.68,12
2385019,Membrana asfltica Imperpol app rollo m x m gris  Imptek,101,26,26,52,12
3070605,Caja de herramientas  profesional negra  Rimax,62,31,29,3.6,12
2385018,Membrana asfltica Super K anti raiz rollo m x m  Imptek,102,25,21,54,12
2385017,Membrana asfltica Super K APP  mm rollo m x m  Imptek,102,23,18,54,12
0610014,Rotomartillo GBH V C  Joules BiTurbo V baretool cmaletn  Bosch,60.5,40,14.5,11.54,12
7054527,UPS de respaldo VA V AVR BVXLLM APC,49.5,23,30.5,9.24,12
0709093,Bieldo para heno forjado  dientes mango largo  P UMLI Imacasa,154,21,10,2,12
5009171,Maceta ovalada rafia cm terracota XP Rimax,61,25,21,0.68,12
7008568,Cable TSJ x AWG negro Conducen m,43,43,16,20.44,12
61500234,Manguera PVC  PSI de  x  pies con carrete manual PAAV Campbell,29,28.5,35.5,5.26,12
3258006,Bota de PVC Kayman negro talla,54,37,14,1.7,12
3258028,Bota de PVC Sper Hrcules talla,53,32,15,1.82,12
9100077,Escoba plstica curva  dientes con mango   PMI Imacasa,80,57,5,0.66,12
7550291,Base medidor Nema R c prevista p breaker s acople CRB Schneider,37,36,15,6.58,12
0585233,Sierra circular   W GKS  BG Bosch,34.5,22,26,4.98,12
3258010,Bota de PVC Kayman negro talla,48,33,12,1.78,12
1019131,Hidrolavadora ergonmica  PSI W UDTHPA Dyllu,23.5,23,34,4.12,12
5002106,Caja para herramientas electrica negra XP Rimax,35.5,31.5,14,0.94,12
0611632,Taladro reversible   W GBM  RE BG Bosch,39,30,12,4.16,12
9130702,Pulidora  W RPM GPO  CE G Bosch,49,19,14,4.12,12
5009157,Papelera fique L menta XP Rimax,23,21,24,0.22,12
0290024,Pulidora VV W UDTAE Dyllu,41.5,17,14.5,3.4,12
7550417,Centro carga  A c tapa emp proyecto QOBNF Schneider,39.5,20.5,11.5,2.64,12
3070001,Bolso porta herramientas polister   kg DTTG Dyllu,45,29,7,0.7,12
5006005,Hielera Polar pequea L rojo ARRPO Guateplast,24.5,19.5,19,0.7,12
5003461,Kit accesorios de bao  piezas blanco Attic Quadra Lorenzetti,51,22,8,0.54,12
1130113,Escoba plstica recta econmica  dientes con mango   PMI Imacasa,53,42,4,0.22,12
3265014,Zapatos de seguridad cuero punta metlica   DTSB Dyllu,32.5,20.5,13,1.16,12
500081,Frente  emp centro carga QOLG QOCUF Schneider,49.5,40,4,3.02,12
5004018,Caja organizadora mm doble plegable negro XP Rimax,36,22.5,9,0.92,12
0709265,Escoba plstica  dientes con mango   PMI Imacasa,56,42,3,0.3,12
0585248,Caladora W VV GST  BG Bosch,26.5,22.5,11,2.32,12
2330355,Cinta Tapagoteras Ocre mm cm x m  Imptek,17,17,21,4.6,12
9141051,Esquinero colonial interno blanco  Amanco,20,20,14,0.28,12
5120451,Cachera fregadero monomando mezclador cromada palanca BLU Metales Aleados,37,21,7,1.24,12
9200580,Codo  sanitaria campana cementad SDR  blanco  Amanco,26,14,14,0.52,12
0365204,Router V  baretool GKF V BL Bosch,26,16,12,1.44,12
0709199,Tijera para podar dos manos  mango ergonmico  G I Imacasa,57,21,4,0.84,12
5120455,Aspersin anti calcrea  inox redonda ultra delgada MET Metales Aleados,25.5,25.5,6,0.66,12
5090101,Desage fregadero   plsticoinox satn coleta plstica PH Coflex,20,15,12,0.28,12
7090049,Extensin elctrica azul  x   pies  Eagle,30,15,8,1.56,12
0585008,Caladora W UDTJS Dyllu,23,7,22,1.76,12
7008060,Cable THHN   blanco Conducen m,23.5,23.5,6,2.44,12
7550695,Supresor sobre voltaje kA  hilos HEPD Schneider,21,16,9,0.44,12
1205016,Fungicida ecolgico  it  Suplijardines,10,10,27,1.08,12
92110197,Disco sierra madera Optiline   x  x mm T  Bosch,30,29,3,0.82,12
0585305,Medidor laser mts bluetooth lnea verde GLM  CG U Bosch,18,17,8.5,0.56,12
0570069,Rabo de zorro  DTHWG Dyllu,46,14,4,0.18,12
5120439,Cachera lavamanos inox monomando mezclador satn MET Metales Aleados,18.5,15,9,1.06,12
6095270,Soporte de e te plegable   x  metlico N National,61.5,8,5,2.3,12
6032009,Cerradura Manija sin llave Rennes Nickel Satinado  Fanal,19,18,7,0.64,12
0709030,Palin espadn Classic mango corto   FBYI Imacasa,111,3,7,1.42,12
8352211,Aluminol  ml  Adarga,10,8,28,1.06,12
7500524,Angulo plano para canaleta  x  DXN Dexson,23,16,6,0.24,12
7171302,Timbre tradicional din don V STD Eagle,21,16,6,0.4,12
7002014,Limpia hogar biodegradable con citronela L Adarga,11,6,27,1.04,12
3018014,Linterna recargable  lm  LED  mm  hr carga RLED Rayovac,22,11,7,0.22,12
8002019,Gaza sin fin acero inoxidable    mm      DTHU Dyllu,23,18,4,0.18,12
17093218,Pistola plstica recubierta con hule  funciones  P I Imacasa,19,14,6,0.16,12
5240015,Desage fregadero   metal coleta metal PH Coflex,15.5,12,8.5,0.38,12
1700138,Inflador inalmbrico  Lmin con  vlvulas  Bestway,12,10,13,0.42,12
5009034,Limpia vidrios y superficies  ml Adarga,10,6,26,0.62,12
5140600,Flapper sapo o pera para inodoro  S Dica,20,13,6,0.04,12
9700000,Preservante para madera exterior L  Adarga,8,8,23,1.12,12
3352012,Limpiador de vidrios perfect clarity cleaner spray  ml g Meguiars,10,5,28,0.78,12
9700002,Preservante para madera interior L  Adarga,8,8,21,1,12
7002018,Quita manchas y olores de mascotas  ml  Adarga,11,4.5,27,0.54,12
7002017,Limpiador antigrasa  ml  Adarga,9,5,28,0.48,12
3352008,Spray para llantas hot shine tire spray trigger  ml G Meguiars,11,4,28,0.66,12
7002015,Limpiador y abrillantador de granito  Adarga,10,4.5,27,0.54,12
9201319,Corrostop  primario minio rojo  gl  Sur,10,9,13,1.44,12
0522002,Corta PVC    Stanley,26,14,3,0.38,12
0410007,Piqueta mango de fibra de vidrio  g DTHM Dyllu,30,12,3,0.48,12
9200221,Te sanitaria campana cementada SDR  gris  Amanco,13,11,7,0.12,12
1525011,Escuadra para estante  x  N National,19,13,4,0.06,12
3300305,Cinta antideslizante color negro mm x m h M,16,11,5.5,0.22,12
2320025,Lija azul   HB paq  M,28,23,1.5,0.56,12
1109036,Caja rectangular lisa xxmm gris Plexo  Bticino,11.5,11,7.5,0.14,12
7002016,Removedor de calcio manchas y moho  Adarga,11,3,27,0.6,12
8705000,Aceite dos tiempos  ml  Adarga,8.5,5.5,19,0.48,12
7506816,Interruptor doble tecla demi lisa TJ color blanco semiarmado a V SW Eagle,20,11,4,0.08,12
2385003,Sellador acrlico blanco Sista  ml Henkel,5,5,33,0.5,12
7001367,Limpiador vitroceramicas vitro plus  ml  Adarga,7,5,23,0.58,12
7506968,Toma RJ lnea TJ PL Eagle,16,7,7,0.08,12
7002001,Acido muriatico  ml Escud  Adarga,6,6,21,0.54,12
7441050500257,Agua destilada  ml  Adarga,6,6,21,0.46,12
7001800,Desatorador  ml Escud  Adarga,6,6,21,0.78,12
0050006,Brocha profesional  cerdas naturales Zasc ZPPBNBWT,26,14,2,0.12,12
7501952,Interruptor sencillo  polos A negro Nobile AFEANG Bticino,16,10,4.5,0.08,12
021070004,Limpiador contacto   l  M,6,6,20,0.42,12
7090010,Convertidor polarizado de  a  tomas  Eagle,18,13,3,0.12,12
7002022,Limpiador parrillas y hornos  ml  Adarga,9,3,25,0.66,12
0050005,Brocha profesional  cerdas naturales Zasc ZPPBNBWT,27,12,2,0.1,12
052450017,Interruptor triple  vias  polo A blanco Sencia AP Bticino,16,10,4,0.06,12
7506880,Interruptor triple lnea TJ blanco A V con luz LED W Eagle,16,10,4,0.12,12
7506926,Interruptor sencillo  vas lnea TJ A V con luz LED PL Eagle,16,10,4,0.08,12
7041069,Lmpara veladora blanca W Eagle,16,10,4,0.04,12
7501124,Interruptor triple  vas luz piloto blanco Luzica PUL Bticino,16,10,4,0.06,12
7001994,Grasa blanca spray gr  Adarga,6,5,20,0.34,12
878629,Sellador silicn F plstico madera mampostera  ml transparente Sista Henkel,5,5,23,0.36,12
7506974,Toma telefnico lnea TJ PL Eagle,18,10,3,0.06,12
4020214,Clavo empacado g ccabeza  Caiman,15,9,4,0.5,12
7501926,Toma sencillo  polos  tierra negro Nobile AFEANG Bticino,15,9,4,0.06,12
7550736,Caja pesada   huecos FSB Eagle,12,7.5,6,0.22,12
7054006,Protector de voltaje de  tomas y  luces piloto CP Eagle,12,12,3.5,0.08,12
3018015,Linterna recargable  lm  LED  mm  hr carga  Rayovac,13.5,5.5,6.5,0.22,12
0050014,Brocha profesional  cerdas sintticas Zasc ZPPBSBBK,16,10,3,0.08,12
7041068,Lmpara veladora marfil V Eagle,16,9.5,3,0.04,12
7041070,Lmpara veladora celeste C Eagle,16,9.5,3,0.04,12
04200014,Juego de puntas de atornillar pzs  Bosch,10,9,5,0.26,12
7041073,Lmpara veladora rosada R Eagle,16,9,3,0.04,12
3018018,Linterna sumergible  lm LED  mm  hr carga  Rayovac,5,5,17,0.12,12
7441050500059,Eliminador gotas gr  Adarga,5.5,5.5,13,0.24,12
501504,Toma doble GF V A marfil PS IGF Bticino,16,8,3,0.04,12
5140028,Cubre tornillos blancos para sanitario TBA Coflex,17,11,2,0.01,12
7040306,Bombillo LED A E K W  lm  Ledvance,5.5,5,13.5,0.04,12
0005502,Batera LiIon V Ah AD Bosch,12,5.5,5,0.2,12
7507254,Luz LED gua con fotocelda A V Hz W Eagle,13,5,5,0.1,12
2321022,Disco corte metal  x  x    M,18,18,1,0.1,12
0560004,Sierra copa diamantada  mm    Bosch,16,6,3,0.08,12
2375004,Pegaforte cemento PVC azul  gl  Sur,5.5,5.5,9,0.18,12
9111116,Mandril sierra copa trad de  mm  uso de  a  bosch,18,7.5,2,0.16,12
9200174,Reductor bushing SCH  x  blanco  Amanco,8,8,4,0.06,12
0011168,Kit XLine mini metal drill bit set  pzs  Bosch,15,8.5,2,0.18,12
5501135,Resistencia Maxi calentador Ultra V W Lorenzetti,21,6,2,0.01,12
7001838,Aceite  en   ml  Adarga,4,4,14.5,0.1,12
7500694,Conector RJ blanco Magic CE Bticino,12,9.5,2,0.01,12
7501041,Interruptor A V GF marfil PS CSACIGF Bticino,11,5,4,0.06,12
7551053,Placa  M blanco Matix Go JAMJW Bticino,20,11,1,0.02,12
15005001,Encendedor BBQ largo vd VOX,31,7,1,0.06,12
501554,Placa G blanco PS TPW Bticino,13,8,2,0.02,12
6150029,Clavos de   cal  para clavadora neumtica  pzs AA Campbell,17,6,2,0.28,12
7506582,Placa tipo madera roble lnea TJ M Eagle,20,10,1,0.04,12
7501072,Caja redonda xmm  conos blanco Plexo  Bticino,7,7,4,0.04,12
7506888,Toma para TV lnea TJ blanco W Eagle,19,10,1,0.06,12
2392379,Esmalte  rojo vivo  g  Sur,5.5,5.5,6,0.1,12
052440104,Placa M blanco Matix AMBN Bticino,18,10,1,0.02,12
501556,Placa doble G GF marfil PS TPIGF Bticino,17,10,1,0.02,12
7500512,Angulo externo para canaleta  x  DXN Dexson,12,7,2,0.01,12
0524042,Cubo esp  x mm pts  Stanley,8.5,8.5,2,0.02,12
0420084,Broca HSS Point TeQ   und  Bosch,12,4,3,0.2,12
501514,Interruptor sencillo GF  vias  V marfil PS IGGF Bticino,11,3,4,0.06,12
5501132,Resistencia Maxi calentador V W Lorenzetti,21,6,1,0.01,12
9111499,Lija esponja contorno medio  Bosch,12,10,1,0.02,12
9130247,Broca HSSG   und  Bosch,10,4,3,0.12,12
0524121,Extensin para cubo  x   Stanley,13,4.5,2,0.04,12
501555,Placa G marfil PS TPI Bticino,14,8,1,0.02,12
7506284,Toma grado hospital A V marfil HV Eagle,9,3.5,3.5,0.1,12
0540117,Llave francesa negra  LA Stanley,27,7,0.5,0.24,12
0524012,Cubo esp  x  pts  Stanley,10,4.5,2,0.06,12
7506694,Toma TV lnea t champagne CH Eagle,10,9,1,0.01,12
9111349,Hoja calar madera recto extra limpio ub  und  Bosch,17,5,1,0.02,12
6032001,Cerradura para gaveta zinc cromo Rabbit RBC,6,4.5,2.5,0.06,12
7060006,Conector de presin EMT   UL S Topaz,7,4,2,0.18,12
0420080,Broca HSS Point TeQ   und  Bosch,9,3,2,0.04,12
0524040,Cubo esp  x mm pts  Stanley,8,4.5,1,0.02,12
7550362,Cubierta ciega M negro Living Now KG Bticino,11.5,3,1,0.01,12
2392375,Esmalte  amarillo internacional  gl   Sur,5,4,1,0.1,12
7060029,Unin presin EMT  UL ES Topaz,4.5,2.5,1,0.04,12
7008120,Cable THHN   blanco Conducen m,27,26,37,28.28,11
5120535,Llave fregadero ABSinox monomando cromada cruz BPF Metales Aleados,39,21,6,0.16,11
8002025,Gaza sin fin acero inoxidable    mm     DTHU Dyllu,29,28,6,0.24,11
7008744,Cable ALT automotriz  AWG negro Conducen m,21.5,21,8.5,1.26,11
7500710,Caja IP  conos xxmm gris Plexo  Bticino,19.5,15.5,9.5,0.34,11
2352022,Kit pegacem kit A  B      Sur,11,11,22,2.1,11
3003003,Cachera para lavatorio  econmica plstica GRI Fermetal,14,14,12,0.22,11
1700069,Flotador cama color m x  cm  Bestway,25,20,4,0.42,11
1525013,Escuadra para estante  x  N National,25,19,4,0.08,11
7502482,Socket y base metlico para intemperie blanco F W Eagle,14,7,12,0.22,11
9200584,Te sanitaria campana cementad SDR  blanco  Amanco,14,11,7,0.1,11
1109031,Caja IP  conos xxmm gris Plexo  Bticino,12,12,6,0.14,11
7550623,Conduleta botagua EMT   UL  Topaz,10,7.5,5,0.16,11
9041810,Prensaestopas  mm PG Eagle,15,9.2,2,0.02,11
7551000,Caja cuadrada xxmm blanco Plexo  Bticino,7,7,5.5,0.04,11
1195016,Semilla de rbano grande  Suplijardines,17,9.5,1,0.01,11
4020223,Clavo empacado g ccabeza  Caiman,12,4,3,0.26,11
9200163,Adaptador hembra campana cementada SCH crosca  blanco  Amanco,7,6,3,0.08,11
7500532,Tapa final para canaleta  x  DXN Dexson,12,5,2,0.02,11
1210100,Atomizador grande  oz   ml natural ARNAT Guateplast,11,8,1,0.08,11
1515037,Clavos para concreto  uds  x  acero inoxidable N National,7,4,3,0.04,11
0420137,Broca HSS para metal y madera  UDTTDK Dyllu,14,5,1,0.02,11
92110152,Broca HSSG   und blster  Bosch,15,4.5,1,0.01,11
9041524,Unin Conduit tipo A  Mipsa,4,2.5,4.5,0.02,11
3070020,Caja plstica almacenaje L DTTBB Dyllu,76.5,51,34.5,2.92,10
2040505,Escalera multifuncional aluminio m kg LCGQ Tezza,33.5,25,94,13.28,10
3070021,Caja plstica almacenaje L DTTB Dyllu,58.5,38,27,1.5,10
7550087,Centro de carga monofsico  esp A sobreponer Nema  QODS Schneider,48,36,29,9.06,10
7550085,Centro de carga monofsico  esp A sobreponer Nema QODS Schneider,48.5,36.5,24.5,10,10
5100033,Maceta redonda rafia cm verde musgo XP Rimax,35,35,27.5,0.36,10
3029127,Aspiradora de  litros W UDTVRA Dyllu,29.5,29,38,2.98,10
7550413,Centro de carga  esp A Nema  ctapa combinada QOLPGC Schneider,51.5,40.5,15,8.22,10
0590026,Soldador inverter  V MMA  Amp UDTWD Dyllu,40.5,24.5,31,6.24,10
7008010,Cable THHN   rojo Conducen m,41,41,14,22.4,10
50014012,Centro de carga  A stapa QOLPG Schneider,56,37.5,11,5.98,10
7009136,Cable THWN   blanco  hilos m,27,27,27,18.16,10
7008063,Cable THHN   negro Conducen m,27,27,27,12.3,10
0590006,Mascara para soldar electrnica industrial DTWH Dyllu,27,23.5,30.5,0.82,10
1019132,Hidrolavadora  PSI W UDTHPA Dyllu,23.5,22,35.5,4.2,10
500087,Frente  emp centro carga QOLG QOCUF Schneider,100,40,4,6.22,10
9130302,Caladora W VV GST  BCE G Bosch,38.5,34.5,12,4.54,10
8015002,Bomba de agua perifrica   Hp W UDTWPVA Dyllu,34,19,23.5,7.54,10
500085,Frente  emp centro carga QOLG QOCUF Schneider,80,41,4,5.04,10
5240414,Sifn a la pared   doble flexible PVC con trampa  Urrea,43,23,12,0.4,10
3265019,Zapatos de seguridad cuero punta metlica   DTSB Dyllu,34.5,22,13.5,1.3,10
1500505,Cocina de gas butano portatil VOX VXG,34.5,28,10.5,1.92,10
5120452,Set accesorios bao metal  vidrio  pzs cromado DAM Metales Aleados,61,19,8.5,1.2,10
3265012,Zapatos de seguridad cuero  textil punta metlica   DTSB Dyllu,33.5,21,13,1.2,10
5006004,Hielera Polar pequea L azul ARAPO Guateplast,25,19,19,0.72,10
5240417,Sifn a la pared   doble flex con desages fregadero inox  Urrea,46,27,7,0.82,10
2990187,Casco MTB GF L cm rosablanco WTLG Rali,27,23,13,0.2,10
5140605,Vlvula de admisin clsica tanque de sanitario con boya P Dica,40,20,10,0.18,10
9041024,Curva  tipo A conduit doble campana UL  gris  Amanco,54,21,7,0.48,10
5240415,Sifn flexible   con desage fregadero PVC con trampa  Urrea,40,22,9,0.22,10
0570067,Serrucho con inglete  mm x  mm x  mm DTHW Dyllu,47,15,11,0.68,10
7041539,Reflector LED Solaris Streelight W K  lm A Ilukon,49,22,7,1.74,10
8352040,Limpiador de ladrillo y fachaleta gl l  Sur,19,12,33,4.18,10
5121068,Cabeza de ducha  funciones satin  gpm restore pfister wsrskk,25,23,12,0.42,10
5240408,Sifn flexible   con desage lavatorio  Urrea,44,22,7,0.16,10
5203653,Herraje para tanque de  con manija para inodoro Tulipn Cato,32,19,11,0.66,10
8002016,Gaza sin fin acero inoxidable    mm      DTHU Dyllu,27,24,10,0.3,10
5140003,Paquete inodoro flanger flexible PSVD Coflex,33,28,7,1.84,10
9200551,Ye sanitaria campana cementada SCH  blanco  Amanco,25,23,11,0.8,10
4050002,Sonda de nylon mts largo mm ancho VYN  Eagle,42,30,5,0.14,10
5140603,Kit clsico reparacin  completo tanque WC KEP Dica,39,23,7,0.38,10
0230035,Set desatornilladores  pcs punta magntica DTSS Dyllu,31,23,8,0.78,10
5240409,Sifn flexible   con desage lavatorio rejilla inox  Urrea,41,23,6,0.16,10
3080000,Capa dos piezas impermeable reforzada amarilla talla M Zasc ZRCYM,43,32,4,1.5,10
0570007,Pistola para pintar uso general  qt DHAV Campbell,17,11.5,27.5,0.96,10
1190002,Tijera para podar  DTPR Dyllu,56,19,5,0.8,10
0611100,Atornillador inalmbrico v   bits Bosch GO cestucheHE Bosch,27.5,27.5,7,0.8,10
0585307,Esmeriladora  W VV M GWS  S G Bosch,36.5,11.5,12.5,2.4,10
9200256,Ye sanitaria campana cementada SDR  gris  Amanco,25,19,11,0.42,10
0230044,Set desatornilladores  pcs punta magntica DTSS Dyllu,37,34,4,0.56,10
0290102,Esmeriladora  W VV  GWS  S G Bosch,36.5,10.5,13,2.42,10
5240410,Sifn flexible   con desage largo trampa y rejilla inox  Urrea,37,19,7,0.2,10
0004627,Polea unidad pusj campbell,28,25,7,2.72,10
1205001,Abono   kg  Suplijardines,29,20,8,2.02,10
0460134,Pistola de calor W UDTHG Dyllu,23.5,22.5,8.5,0.8,10
5240416,Sifn flexible   con desage fregadero inox con trampa CB Dica,36,20,6,0.34,10
1205010,Abono   kg  Suplijardines,30,24,6,2,10
0524096,Juego cubos esp  pzs mm  Stanley,29,19.5,7.5,2.38,10
5120459,Cachera fregadero monomando agua fra negra palanca BLU Metales Aleados,35,18.5,6.5,0.44,10
0460133,Compresor de aire inalmbrico V  PSI DTLN Dyllu,22.5,19.5,9,0.9,10
1205013,Abono   kg  Suplijardines,29,19,7,2,10
ECAM001,Exhibidor E GU  V RLST RCA,40,16,6,0.42,10
7008748,Cable ALT automotriz  AWG verde Conducen m,21.5,21,8.5,1.2,10
7008746,Cable ALT automotriz  AWG rojo Conducen m,21.5,21,8.5,1.16,10
0560016,Marco segueta industrial  DTHF Dyllu,47,16,5,0.52,10
0460100,Pistola para pintar de gravedad aluminio  ml  mm Zasc ZGFSG,11,15,21,0.54,10
160701417101,Bo rp juego de carbones,43,16,5,0.76,10
3349111,Cono de seguridad retrctil  cm naranja Zasc ZSCROR,25,25,5.5,0.48,10
7090011,Kit regleta convertidor y extensin elctrica blanco K Eagle,33,17,6,0.62,10
5240413,Sifn a la pared   doble PVC DTP Dica,36,18,5,0.22,10
9200222,Te sanitaria campana cementada sdr  gris,20,16,10,0.34,10
9200585,Te sanitaria campana cementad SDR  blanco  Amanco,20,16,10,0.34,10
7041022,Panel LED redondo  W V K lm RLRLDW Rca,28.5,28,4,0.38,10
5240407,Sifn flexible   x  cm para fregadero cromado  Urrea,38,14,6,0.12,10
7060234,Conduleta tipo T EMT  UL T PST,26,11,11,0.82,10
5240412,Sifn a la pared   plstico con trampa RP Urrea,30,19,5,0.2,10
0010056,Set de alicates industrial punta  corte  universal  DTPS Dyllu,27,26,4,0.84,10
7060222,Conduleta tipo LR EMT  UL LR PST,25,11,10,0.9,10
0230039,Set desatornilladores electricista  pcs V DTSS Dyllu,34,20,4,0.6,10
7060210,Conduleta tipo LB EMT  UL LB PST,25,8,13,0.8,10
5240406,Sifn flexible   x  cm para fregadero gris G Urrea,37,11,6,0.12,10
7060216,Conduleta tipo LL EMT  UL LL PST,24,10,10,0.88,10
5010019,Plato plastico antideslizante,19,18,7,0.16,10
7500910,Angulo exterior  x   Eagle,16,16,9,0.12,10
2320054,Lija banda X  x  G paq Abracol RTBXA,24,10,9.5,0.52,10
0611024,Atornillador inalmbrico V   RPM DTCV Dyllu,20,19,6,0.52,10
0410009,Mazo mango de fibra de vidrio  lb DTHM Dyllu,35,13,5,1.12,10
5120419,Llave fregadero ABSinox monomando satn copa BPLLS Metales Aleados,33,17,4,0.14,10
5120411,Cachera lavamanos  cromada cruz BML Metales Aleados,19,9,13,0.52,10
0030002,Set ratchet  cubos  pcs   mm   mm CrV DTST Dyllu,36,10,6,1.38,10
3040524,Niple ducha cromado Lorenzetti,36,10,6,0.12,10
9200175,Codo  campana cementada SCH presin  blanco  Amanco,14,14,10.5,0.5,10
0410010,Mazo mango de fibra de vidrio  lb DTHM Dyllu,38,12,4.5,1.64,10
7041027,Reflector LED RGB exterior IP W V RLFLRGBW Rca,20.5,16.5,6,0.76,10
0570066,Serrucho mango plstico  corte rpido DTHWG Dyllu,59,17,2,0.46,10
9041945,Unin  drenaje  Tubrica,14,13,11,0.18,10
5120467,Llave chorro dual para lavadora  x  ABS cromo cruz BPW Metales Aleados,20,10,10,0.12,10
2321873,Disco de sierra circular eco  d bosch,34,29,2,0.86,10
0410003,Mazo de hule mango fibra de vidrio  oz DTHM Dyllu,32,10,6,0.66,10
7551004,Caja cuadrada xxmm blanco Cajas  Bticino,14.5,14.5,9,0.24,10
7060228,Conduleta tipo C EMT  UL C PST,26,8,9,0.82,10
9111267,Disco sierra multimaterial  mm x  x mm T  Bosch,31,30,2,1.1,10
1260001,Hacha mango de fibra de vidrio gr DTHM Dyllu,38,16,3,1,10
5120414,Vlvula de descarga  para inodoro de  piezas BPKM Metales Aleados,28,9,7,0.12,10
5170513,Llave paso baln   PSI C Dica,22,10,8,1.2,10
2320708,Lija agua  Abracol RPHLC paq,29,24,2.5,0.86,10
5120420,Llave lavamanos ABS cromada copa BPLL Metales Aleados,23,15,5,0.08,10
5170512,Llave paso baln    PSI C Dica,22,11,7,0.92,10
0410006,Pata chancho  x  DTQB Dyllu,46,12,3,0.84,10
4020230,Clavo empacado kg ccabeza   Caiman,19,14,6,1.08,10
7500912,Angulo plano  x   Eagle,15.5,15.5,6,0.16,10
2321993,Lija agua  Abracol RPHLC paq,30,24,2,0.88,10
0208001,Juego de cubos  pcs   mm  mm CrV DTST Dyllu,31,9,5,0.72,10
0140031,Multmetro tipo pinza  amp DTDM Dyllu,22,11.5,5.5,0.46,10
7550668,Conduleta tipo T EMT   UL ETC Topaz,20.5,8,8,0.5,10
5240420,Canasta para desage de fregadero inox R Urrea,13,12,8,0.06,10
0460136,Pistola de silicone  gmin W UDTGL Dyllu,19,13,5,0.16,10
0030001,Ratchet  x  mm CrV DTRW Dyllu,25,8,6,0.52,10
0140028,Nivel aluminio  gotas  cm DTSLG Dyllu,80,6,2.5,0.48,10
9041021,Curva  tipo A conduit doble campana UL  gris  Amanco,29,10,4,0.1,10
5140002,Manija metlica frontal contempornea PB Coflex,33,10,3.5,0.1,10
5240419,Desage fregadero   metalinox coleta plstica M Dica,12,12,8,0.28,10
3270403,Guante de carnaza lona combat solapa corta   C I Imacasa,27,14,3,0.24,10
7550794,Caja con conos  x  x mm B Eagle,15,12,6,0.06,10
0140027,Nivel aluminio  gotas  cm DTSLG Dyllu,60,6,3,0.4,10
5170511,Llave paso baln    PSI C Dica,16,11,6,0.56,10
5240401,Desage lavatorio metal   push con rebosadero CP Dica,20,6.5,8,0.28,10
9200120,Adaptador limpieza sanitario SCH  gris  Amanco,12,12,7,0.18,10
0010051,Alicate universal industrial  DTPL Dyllu,25,8,5,0.4,10
0460132,Compresor de aire inalmbrico  pcs V  Lmin DTAAM Dyllu,17.5,8,7,0.54,10
961944,Silicn lubricante en spray lubricante  Loctite,20,7,7,0.5,10
0640007,Tijera de corte tipo aviador derecha  DTAS Dyllu,31,10.5,3,0.4,10
7550631,Conduleta tipo LB EMT   UL ELBC Topaz,18.5,7.5,7,0.62,10
0380029,Set llaves corofijas  pcs  mm   mm DTSP Dyllu,19,17,3,0.72,10
7025300,Fuente de poder VDC W negro ONQ PW Bticino,16,10,6,0.22,10
0140030,Multmetro tipo pinza  amp DTDM Dyllu,20,9.5,5,0.24,10
5170510,Llave paso baln   PSI C Dica,21,9,5,0.34,10
0380032,Set llaves corofijas flexible  pcs  mm   mm DTSP Dyllu,26,12,3,1.04,10
0510011,Engrapadora industrial  en  DTGU Dyllu,22,14,3,0.56,10
961942,Grasa sinttica viper lube  ml  Loctite,6,6,24.5,0.44,10
7550804,Caja estanca entradas marcadas  x  x mm A Eagle,12,9,8,0.26,10
7025208,Juego de bases para fluorescente  piezas  Eagle,17,10,5,0.1,10
5240402,Desage lavatorio metal cadena y tapn con rebosadero CC Dica,19.5,6,7,0.16,10
052440204,Toma doble TR  polos  tierra M blanco Matix SAMD Bticino,18,10,4.5,0.06,10
0366144,Micro kit para madera modelo  sku  ab marca dremel,15,9,6,0.1,10
0590004,Lentes para soldar electrnicos DTWA Dyllu,17,7.5,6,0.14,10
3352162,Ultimate restaurador de partes negras G Meguiars,8,5,19,0.38,10
7501937,Toma coaxial TV tipo F champagne Nobile AFEBCH Bticino,17,11,4,0.06,10
9041530,Unin Conduit tipo A  Mipsa,13,7.5,7.5,0.1,10
0380015,Set llaves corofijas  pcs  mm   mm DTSP Dyllu,27,9,3,0.5,10
5170509,Llave paso baln   PSI C Dica,22,11,3,0.2,10
5240403,Desage lavatorio metal con rebosadero sin rejilla  Urrea,18.5,6,6.5,0.14,10
052440202,Interruptor sencillo A soporte blanco Matix SAMH Bticino,18,10,4,0.04,10
5140602,Manija plstico cromado P Dica,26,9,3,0.02,10
7506087,Toma e interruptor A V W Eagle,19,9,4,0.1,10
5170507,Llave control doble  NPT x  M x  M angular D Urrea,15,9,5,0.12,10
7501915,Interruptor doble  vias  polo A champagne Nobile AFEBCH Bticino,15,11,4,0.08,10
6150013,Llave bola  p conect filtro regulador y manguera compresor  gl PAAV Campbell,17,9.5,4,0.22,10
7507054,Placa para intemperie Decor plstica color negra P Eagle,16,10,4,0.08,10
2390016,Pintura spray negro mate ml RMK Rainbow,5.5,5.5,20.5,0.4,10
7506132,Interruptor sencillo A V V Eagle,17,9,4,0.04,10
0610151,Batera Liion V Ah DTLBP Dyllu,11.5,7.5,7,0.42,10
7041074,Lmpara veladora LED con USB y toma DR Eagle,16,10,3.7,0.14,10
5170025,Llave de fontanero  DTPW Dyllu,24,8,3,0.36,10
7506078,Toma doble comercial con TR A V TRW Eagle,18,8,4,0.08,10
1700143,Kit tapones nariz y oidos para piscina  Bestway,13,11,4,0.02,10
0709048,Machete pulido guapote    PLI Imacasa,64,4.2,2.1,0.5,10
0126043,Cutter Snapoff Fatmax mm  Stanley,22,8.5,3,0.18,10
0526091,Punta phillips  de  und  Stanley,21,6.5,4,1.22,10
7507031,Interruptor doble TJ color champagne tecla lisa SCH Eagle,15,9,4,0.1,10
7550687,Breaker  polos A kA QO Schneider,10,9,6,0.48,10
0380020,Llave francesa econmica  DTAW Dyllu,30,9,2,0.66,10
5170021,Llave de chorro dual para lavadora  NPT x  NH cromo IPP Coflex,18,6,5,0.28,10
5180040,Tubo abasto acero para calentador  FIP x  FIP cm ABD Coflex,60,3,3,0.26,10
7507106,Tomacorriente TR con USB A V A TJ blanco W Eagle,13,8,5,0.18,10
52440217,Placa ciega blanco Nobile AFSEB Bticino,17,10,3,0.04,10
5180403,Tubo abasto vinilo fregadero  AM x  AM  cm VP Dica,41,3.5,3.5,0.06,10
0570068,Rabo de zorro  DTHWG Dyllu,31,4,4,0.1,10
9200556,Codo  sanitaria campana cementada SCH   blanco  Amanco,10,8,6,0.1,10
5121172,Empaque resorte ducha pemb bola S Pfister,12,8.5,4.5,0.02,10
9200262,Te campana cementada SCH crosca   blanco  Amanco,10,9,5,0.12,10
7054064,Supervisor  trifsico A  VAC STI Avtek,11,9,4,0.08,10
0540074,Llave corofija mm  STMT Stanley,26,5,3,0.16,10
5170516,Llave compuerta   PSI con rosca  Dica,10,6,6.5,0.34,10
5180044,Tubo abasto acero para calentador  FIP x  FIP cm ABA Coflex,60,2.5,2.5,0.28,10
4050001,Sonda de acero mts largo mm ancho VYA  Eagle,16,11,2,0.02,10
0526223,Desatornillador pro ptuercas  x  pta mm stanley b,23,5,3,0.1,10
5180400,Tubo abasto acero fregadero  FIP x  FIP  cm AI Dica,55,2.5,2.5,0.1,10
5230109,Vlvula antioloresinsectos para coladera gris PCB Coflex,13,6.5,4,0.02,10
7503602,Breaker atornillar  polos A kA QOB Schneider,8,7,6,0.38,10
7501083,Toma coaxial grafito Luzica PUGR Bticino,15,11,2,0.04,10
7506100,Toma TV Decor UL W Eagle,18,9,2,0.04,10
7506073,Toma con falla a tierra A V marfil GFV Eagle,11.5,7,4,0.16,10
5170525,Llave chorro de palanca   Dica,13.4,8,3,0.14,10
500304,Breaker atornillar  poloS A kA QOB Schneider,9,7,5,0.24,10
7506056,Placa sencilla tornillo expuesto W Eagle,17,9,2,0.02,10
9200251,Vlvula de bola SCH  blanco  Amanco,8,4.5,8.5,0.12,10
0010062,Alicate mini universal profesional   DTPL Dyllu,19,8,2,0.08,10
1205014,Helmoato  ec   Suplijardines,5,5,12,0.14,10
7090521,Regleta de conexin  salidas cable mm Legrand  Bticino,11,9,3,0.26,10
9111183,Sierra copa bimetlica Eco    Bosch,5.5,5,10,0.08,10
5170514,Llave compuerta   PSI con rosca  Dica,8,5.5,6,0.18,10
0526360,Juego puntas  phillips   Stanley,16,8,2,0.06,10
7503059,Breaker atornillar  poloS A kA QOB Schneider,8,8,4,0.26,10
9041030,Unin conduit tipo A UL   gris  Amanco,5,5,10,0.04,10
9180020,Desatornillador Cushion Grip phillips x sust  STMT Stanley,27,3,3,0.08,10
7500712,Regleta para cable mm Legrand  Bticino,22,3,3.5,0.18,10
9200230,Unin campana cementada SCH presin   blanco  Amanco,5.5,5.5,7.5,0.08,10
0174004,Nivel de cuerda aluminio  Stanley,9,8,3,0.02,10
7551060,Interruptor conectado V M blanco Matix Go JWC Bticino,6,6,6,0.04,10
9200238,Unin campana cementada SCH   blanco  Amanco,5.2,5.2,7.5,0.08,10
2321825,Disco flap T   x  G  Abracol RDAAZ,10,10,2,0.06,10
9100083,Conector metlico para manguera hembra   H MI Imacasa,12,4.5,3.5,0.06,10
7506268,Toma sencillo A V marfil V Eagle,13,3.5,4,0.06,10
7507058,Tomacorriente doble comercial A V V Eagle,13,4.5,3,0.1,10
5170023,Llave de control para gas  FNPT x  flare angular IP Coflex,7,5,5,0.16,10
9111513,Lija esponja brite rojo pliego  x mm  und  Bosch,23,15,0.5,0.02,10
9112030,Hoja calar madera metal rpido recto TDF und  Bosch,17,5,2,0.02,10
501537,Placa metalica para interruptor SS GF gris PS SSGF Bticino,17,10,1,0.06,10
023690004,Libreta letras y nmeros SPB  M,17,10,1,0.04,10
7506044,Placa doble tornillo expuesto W Eagle,13,13,1,0.01,10
2395406,Tape elctrico  pies blanco W Eagle,8,7,3,0.06,10
0526041,Probador de corriente tipo desatornillador LA Stanley,19,4,2,0.02,10
0420139,Broca HSS para metal y madera  UDTTDK Dyllu,15,5,2,0.02,10
7445005128923,Unin Conduit  FC Mipsa,9,4,4,0.02,10
92110687,Disco lija madera  C G   Bosch,12,12,1,0.02,10
9112024,Disco flap Expert metal   G  curvo  Bosch,12,12,1,0.06,10
5170524,Llave chorro  metal  Dica,8,3,6,0.12,10
9200714,Vlvula MIP PCP    gris  Amanco,7,4,5,0.08,10
5170505,Llave control  NPT x  H angular SCE Dica,6,9,2.5,0.06,10
0524054,Cubo largo esp  x mm pts  Stanley,11,4,3,0.12,10
0526196,Desatornillador torx t  stanley,23.5,2.5,2,0.06,10
2321010,Disco de Corte Standard concreto    x  x mm   Bosch,10,10,1,0.06,10
01757931,Picaporte bronce satinado  S sust N National,14,7,1,0.08,10
9112034,Hoja calar laminados limpio recto TBIF  und  Bosch,17,5,1,0.02,10
7506991,Modulo RJ cat  lnea Decor W Eagle,11,7.5,1,0.01,10
0420124,Broca de concreto  x  UDTMJK Dyllu,15,5,1,0.01,10
9130206,Broca concreto Impact CYL  x  blster  Bosch,18,4,1,0.06,10
9130205,Broca concreto Impact CYL  x  blster  Bosch,18,4,1,0.02,10
5170506,Llave control  NPT x  H angular  vuelta CV Dica,6,3,4,0.06,10
0709324,Cuchillo seleccionador para banano  mango rojo  RIP Imacasa,13,4,1,0.04,10
7551058,Conector datos RJ Cat M blanco Matix Go JWC Bticino,4.5,2.5,4,0.01,10
0524123,Extensin para cubo  x   Stanley,20,4,0.5,0.6,10
9041920,Reduccin PVC  x  SCH presin  Tubrica,4.1,3,3,0.02,10
7551035,Toma sencillo  polos  tierra A V M blanco Matix Go JW Bticino,4.5,4,2,0.02,10
0540075,Llave corofija mm  STMT Stanley,28,2,0.5,0.2,10
052440042,Modulo ciego M blanco Matix AM Bticino,4.5,2.5,1,0.01,10
92110688,Disco lija madera  C G   Bosch,13.5,13.5,0.01,0.01,10
1019134,Hidrolavadora  PSI W UDTHPA Dyllu,49,29.5,38.5,7.42,9
5004017,Canasta mvil rectangular blanco XP Rimax,46,32,17,1.16,9
1030002,Motoguadaa ergonmica  tiempos  CC DTGMA Dyllu,141,11,12,3.36,9
5002083,Caja organizadora mm negro XP Rimax,43.5,29,8.5,1.2,9
5320077,Carrito de compras con accesorios a ww,45,33.5,6.5,0.6,9
262605,Flapper sapo o pera para sanitario  Bruder,35,23,10,0.48,9
0998019,Gorra promocional DTHAY Dyllu,24,18,13,0.08,9
7550806,Caja estanca entradas marcadas  x  x mm A Eagle,22,17.5,14,0.58,9
8002023,Gaza sin fin acero inoxidable    mm     DTHU Dyllu,26,23,6,0.22,9
5120529,Cachera lavamanos  satn palanca BMF Metales Aleados,18,9,15,0.82,9
7550798,Caja con entradas  x  x mm A Eagle,15.5,11.5,9.5,0.24,9
7550810,Caja lisa  x  x  L Eagle,15.5,12,8,0.24,9
7550052,Soporte M negro Living Light K Bticino,20,9,7.5,0.28,9
5035001,Filtro agua para ice maker PFA Coflex,5.5,5.5,30,0.34,9
7501147,Interruptor sencillo  vas A luz piloto marfil Luzica PUM Bticino,16,11,5,0.06,9
9200543,Codo  sanitaria campana cementada SCH  blanco  Amanco,14,7,8,0.16,9
0120095,Cinta mtrica global plus  x m  Stanley,14.5,9,5.5,0.4,9
052450012,Toma doble GFCI  polos  tierra blanco Sencia APGF Bticino,16,10,4,0.14,9
7501148,Interruptor doble A marfil Luzica PUM Bticino,16,10,4,0.06,9
7501909,Interruptor sencillo P A champagne Nobile AFEBCH Bticino,14,10,4,0.06,9
0230023,Desatornillador Philips punta magntica CrV  mm x  mm DTSD Dyllu,36,5,3,0.18,9
0230006,Desatornillador plano punta magntica  mm x  mm DTSDA Dyllu,26,4,5,0.1,9
501500,Toma  polos A nema R V negro PS  Bticino,11,6,7.5,0.48,9
2320130,Esponja Scotch Brite verde sb  x  BA M,16,10,3,0.02,9
9100090,Lima triangular regular    T I Imacasa,21.5,4,4,0.52,9
500157,Breaker  polos A kA QO Schneider,9.5,9,4,0.32,9
052440107,Placa Idrobox M gris Idrobox  Bticino,12,9,3,0.08,9
0709061,Lima para motosierra  x   R I Imacasa,26,4,3,0.38,9
0011167,Kit XLine mini para taladrar y atornillar  pzs  Bosch,16,6,3,0.24,9
7550388,Dimmer universal LED M negro Living Now K Bticino,8,5.5,6,0.08,9
501501,Toma empotrar industrial  vias  polos A V negro PS  Bticino,10.5,5,5,0.08,9
7507202,Interruptor  vas Decor negro A V BK Eagle,13,4,4.5,0.06,9
7550008,Tapa ciega pbase de medidor proyectos HBCP Schneider,13,9,2,0.14,9
7506270,Toma sencillo A V blanco W Eagle,13,4,4,0.06,9
7506272,Toma sencillo de A V blanco W Eagle,13,4.5,3,0.06,9
5120422,Vlvula de bola PVC lisa  BPVP Metales Aleados,8,3.5,6,0.88,9
92110615,Disco lija Best metal   G   Bosch,12,12,1,0.02,9
9200143,Codo  sanitario campana cementada SDR   gris  Amanco,9.5,2.5,5.5,0.06,9
0707016,Llave chorro bronce para jardn pesada   B I Imacasa,10,6,2,0.16,9
0420142,Broca HSS para metal y madera  UDTTDK Dyllu,19,5,1,0.02,9
9041526,Unin Conduit tipo A   Mipsa,8,2,5,0.04,9
0420134,Set de brocas HSS  pcs punta metal y madera  UDTTDK Dyllu,15,5,1,0.01,9
92110156,Broca HSSG  blster  Bosch,18,4.1,1,0.01,9
92110158,Broca HSSG  blster  Bosch,18,4,1,0.04,9
92110150,Broca HSSG   und blster  Bosch,15,4.5,1,0.01,9
0611704,Punta Phillips extra dura PH  bli   Bosch,12,5,1,0.04,9
0420035,Broca HSS Cobalto   Bosch,8,4,1,0.02,9
7551030,Interruptor  vias A V M blanco Matix Go JW Bticino,4.5,2.1,3,0.02,9
9200122,Adaptador macho campana cementada CPVC crosca  blanco  Amanco,2.5,2.5,4.2,0.01,9
9200121,Adaptador macho campana cementada CPVC crosca  blanco  Amanco,2.5,2.5,4,0.01,9
9200180,Tapn hembra liso campana cementada CPVC  crema  Amanco,2.4,2.4,2.6,0.01,9
92110633,Disco lija Expert madera y metal   G   Bosch,11.5,1,1,0.01,9
9111395,Disco lija Expert madera y metal   G   Bosch,12,12,0.01,0.02,9
1220001,Generador elctrico a disel W UDTDGA Dyllu,74,52,67,107,8
5002203,Caja plstica almacenaje L con ruedas grafito ARGRA Guateplast,64,49,48,2.94,8
500408,Modulo  medidores modular EZM A barras A EZM Schneider,172,38,22,50,8
0580004,Sierra mesa  TCTS  U W classic Einhell,71,56,34,21.4,8
9130603,Demoledor W  Joules Kg GSH  VC AG Bosch,81,78,21,34.42,8
5002065,Gabinete mediano Baru taupe XP Rimax,81,31,35,1.04,8
9914060,Trpode de contruccin BT  HD B Bosch,108,20.5,21,5.76,8
92110733,Vibrador de concreto W  VPM manguera m HD GVC  EX G Bosch,82.5,49,11.5,12.8,8
7008112,Cable THHN   negro Conducen m,35,35,34,46.9,8
3525160,Calentador a gas GLP L LBP Lorenzetti,51.5,34,20.5,6.16,8
0610160,Taladro de banco  W UDTDP Dyllu,45,36,22,13.24,8
7008005,Cable THHN   azul Conducen m,35,34,29,35.82,8
0998013,Precinta para exhibidor incluye ganchos DTPJA Dyllu,89.5,33,11.5,6.32,8
0611553,Demoledor W  Joules  Kg   acc HD GSH  E G Bosch,59,37,15.5,17.38,8
7008128,Cable THHN   azul Conducen m,30,29,34,29.06,8
0611555,Rotomartillo V  Joules VV SDS plus Brushless   bateras Ah y cargador GBH LI G Bosch,47,42,14,5.94,8
5009115,Procesador de comida  L inalmbrico  V DFPK Dyllu,36,20,36,2.06,8
7550070,Centro carga trifsico  circuitos A f  h stapa QOLG Schneider,56.5,38,11.5,5.86,8
7500617,Gabinete metalico  con tapa blanco ONQ EN Bticino,41.5,41.5,14,3.8,8
5004003,Basurero pedal delgado L blanco XP Rimax,31,19,39,1.18,8
7008012,Cable THHN   verde Conducen m,41,40,14,22.48,8
1210210,Bomba para fumigar  lt  BOMFUMLI Imacasa,43,26,20,1.26,8
7008061,Cable THHN   blanco Conducen m,29,27,27,12.14,8
7008065,Cable THHN   rojo Conducen m,27,27,27,12.44,8
3258036,Bota de PVC Sper Hrcules talla,47,32,13,2.18,8
0601072U00,Nivel de  lneas laser verde m GLL  CG  placa reflectora  maletn Y  Bosch,45,27.5,15.5,2.96,8
9130599,Sierra sable W  RPM GSA  BG Bosch,56,24,12.5,4.94,8
5100039,Canasta fique L gris hielo XP Rimax,37,26,17,0.44,8
0610036,Kit taladro GSB   esmeriladora GWS    bateras y cargador HG Bosch,41.5,37.5,10.5,5.06,8
0709025,Pala dplex Classic   x   x  mango madera   BLI Imacasa,150,12,9,4.74,8
3525061,Ducha relax Ultra aspercion cromada Lorenzetti V W,36,30,15,0.56,8
2320712,Lija agua  Abracol RPHLC paq,28.5,24,23,0.7,8
3258002,Bota de PVC Kayman negro talla,39,31,13,1.52,8
2320914,Rollo lija tela  x  m   RTRXA Abracol,24,19,32,7.32,8
7008420,Cable NMB x AWG blanco Conducen m,38.5,37.5,10,10.12,8
0410013,Mazo mango de fibra de vidrio  lb DTHM Dyllu,88,18,8,5.64,8
2320900,Rollo lija tela  x  m   RTRXA Abracol,24,24,21,7.34,8
0410012,Mazo mango de fibra de vidrio  lb DTHM Dyllu,88,18,7,3.76,8
0611802,Llave de impacto inalmbrico  y HEX V Nm VV bat GDX LI GG Bosch,33.5,31,10.5,2.86,8
0610020,Taladro perc   W GSB  RE AG Bosch,36,28,10,3.28,8
STHT28044LA,Mezclador de gypsum para taladro mm STHTLA Stanley,63,15,10,0.66,8
9111512,Lija esponja brite rojo rollo mm x m  Bosch,28,28,12,0.7,8
5121024,Cachera bao  mani palanca con lavapie classic CSLC Pfister,32,27.5,10.5,2.38,8
3265022,Zapatos de seguridad cuerotextil punta metlica   DTSB Dyllu,33,21.5,13,1.28,8
0365005,Atornillador V bat  Ah  cargador GSR  LI  GG Bosch,29.5,29,10.5,2.18,8
17093221,Aspersor plstico oscilatorio  boquillas  P I Imacasa,48,16,11,0.58,8
2320904,Rollo lija tela  x  m   RTRXA Abracol,20,19,22,4.96,8
0611029,Llave de impacto inalmbrico  V Nm GDS V HC  BITURBO ME Bosch,29,25,11,3.84,8
0208002,Set de cubos  pcs  ratchet  accesorios CrV DTSTD Dyllu,35.5,24.5,9,4.04,8
7090046,Extensin polarizada naranja pies m A  Eagle,33,25,9,3.02,8
2990188,Casco GF MTB negro L cm WTLN Rali,27,22,12,0.2,8
0140702,Trpode para equipos de medicin BT  B Bosch,58,10,12,1.44,8
5007000,Toalla microfibra bristol basics  x   pcs pack PM,40,19.5,8.5,0.58,8
0365004,Router W   VV GKF  AG Bosch,24,23,12,2.28,8
5121056,Aspercion de ducha  fuciones europea designs RC Pfister,28,26,9,0.44,8
5320184,Mini vehiculos set de  a wwh,32,23.5,8,0.42,8
6150002,Remachadora neumtica  lbs presin TL Campbell,29.5,20,10,1.76,8
500480,Centro carga  A Nema R intemperie QOLRB Schneider,28,15,13,2.3,8
0611710,Taladro perc   W GSB  RE BG Bosch,28,23,8,1.66,8
5121052,Aspercion de ducha redonda  mm plast cromo europea designs RC Pfister,28,26,7,0.54,8
1260002,Hacha mango de fibra de vidrio gr DTHM Dyllu,71,20,3.5,2.04,8
7008720,Cable ALT automotriz  AWG azul Conducen m,23.5,23,9,2.4,8
2352010,Plasterfast listo para uso  gl  Sur,17,13,20,4.38,8
0709258,Corta ramas capacidad   hoja   D OI Imacasa,43,25,4,0.78,8
6032006,Cerrojo digital cilindro sencillo nickel satinado  Fanal,15,13,20,0.88,8
6150020,Regulador y manmetro para conectar mltiples mangueras PAAV Campbell,25,17,9,0.68,8
033010027,Lija madera  paq p  M,29,23.5,5.5,2.24,8
91307023,Cargador V HD A GAL V AKY Bosch,23.5,14.5,10.5,0.56,8
0998007,Camisa S DTPHW Dyllu,38,30,3,0.16,8
5170030,Llave de fontanero  DTPW Dyllu,55,13,4.5,2.52,8
2320020,Lija azul  HB paq  M,28,27,4,1.32,8
0610013,Cargador V HD A GAL V ABS Bosch,24,12.5,10,0.62,8
0130024,Cincel puo de plstico  x  x  DTCC Dyllu,29,11,9,0.84,8
1205007,Fertilizante multivitamnico forte  lt  Suplijardines,10,10,27,1.1,8
1205005,Protector triple accin  lt  Suplijardines,10,10,27,1.08,8
1205008,Insecticida anti hormigas  lt  Suplijardines,10,10,27,1.08,8
1195049,Semilla zacate bermuda fancy grass  gr  Suplijardines,22,16,7.5,1.02,8
0460141,Set cubos de impacto  pcs     mm DTMSD Dyllu,32,12.5,6.5,2.26,8
1205009,Protector abrillantador de hojas  lt  Suplijardines,10,10,26,1.08,8
2320706,Lija agua  Abracol RPHLC paq,28,23,4,1.16,8
0340001,Set de formones  pcs   DTWC Dyllu,35,18,4,0.82,8
500458,Breaker principal A kA p centro carga  y  esp Qom QOMVH Schneider,16,13.5,11.5,1.2,8
0012001,Juego herramientas manuales pzs DTHSM Dyllu,26,19,5,1.24,8
0130027,Cincel de punta puo plstico  x  x  DTCC Dyllu,30,9,9,0.82,8
500457,Breaker principal A kA p centro carga  y  esp Qom QOMVH Schneider,15.5,13,12,1.2,8
92110195,Disco sierra madera Optiline    x  x mm T  Bosch,28,28,3,0.74,8
3018016,Linterna recargable  lm  LED  mm  hr carga RLED Rayovac,18,13,10,0.32,8
3525203,Cierre automtico para orinal  c Lorenzetti,26,12.5,7,0.58,8
76174060553,Engrapadora presin ptrabajo pesado TR Stanley,28,18,4.5,0.82,8
1205032,Fertilizante orgnico  en  soil power   kg  Suplijardines,29,19,4,1,8
1205006,Fertilizante orqudeas  lt  Suplijardines,9,9,27,1.06,8
0114012,Cepillo liso   Stanley,26,14,6,1.6,8
0010067,Set de alicates de electricista punta  corte  universal  V DTPS Dyllu,23,18,5,0.76,8
3003026,Sifn a la pared   metlico SIF Fermetal,26,14,5.5,0.38,8
2320714,Lija agua  Abracol RPHLC paq,29,23,3,0.76,8
0410017,Martillo de bola mango de fibra de vidrio  oz DTHM Dyllu,38,13,4,1.2,8
5140051,Manija lateral metlica cromada PB Coflex,32,10,6,0.14,8
3300301,Cinta antideslizante  transparente mm x pies m  M,18,17,6,0.92,8
0150003,Cizalla  DTBC Dyllu,47,13,3,1.46,8
3352082,Cera en pasta ultimate wax paste G Meguiars,13,8,17,0.44,8
2320709,Lija agua  Abracol RPHLC paq,29,24,2.5,0.8,8
9111197,Lija banda  x  G  paquete und  Bosch,34,10,5,0.18,8
0186010,Serrucho luctador   Stanley,47,12,3,0.36,8
9111198,Lija banda  x  G  paquete und  Bosch,30,11,5,0.16,8
500192,Breaker principal A kA p centro carga    esp QOMVH Schneider,14,10,11.5,0.62,8
2320750,Lija agua  Abracol RPHLC paq,32,25,2,0.54,8
7054531,UPS DC pinternet W A V routersmodems UPSDCPUP Avtek,17.5,17,5,0.5,8
2320711,Lija agua  Abracol RPHLC paq,30,23.5,2,0.76,8
2320752,Lija agua  Abracol RPHLC paq,29,24,2,0.3,8
9200282,Trampa sanitaria campana cementada SCH presin  blanco  Amanco,19,10,7,0.24,8
1500508,Cocina plegable  VOX trip,11,10.5,11.5,0.44,8
7550846,Caja para intemperie plstica IUC Eagle,15,11,8,0.24,8
2320751,Lija agua  Abracol RPHLC paq,28,23,2,0.52,8
2320023,Lija azul   HB paq  M,28,23,2,0.8,8
2320024,Lija azul   HB paq  M,28,23,2,0.72,8
0150002,Cizalla  DTBC Dyllu,37,11,3,0.9,8
5120462,Llave lavamanos ABS negra mate  vuelta cruz BPLN Metales Aleados,17,14,5,0.08,8
3352074,Hybrid ceramic liquid wax oz G Meguiars,7,7,23,0.5,8
5170029,Llave de fontanero  DTPW Dyllu,40,9,3,1.56,8
92110187,Disco sierra Multi Material   x  x mm T  Bosch,32,31,1,0.92,8
0164004,Martillo cabo madera  oz  Stanley,30,11,3,0.5,8
0164000,Martillo cabo acero  oz  Stanley,37,13,2,0.68,8
0010776,Batera LiIon ProCORE V Ah AGB Bosch,12.5,9,8,0.66,8
500125,Acople superior   p base medidor unitaria A Schneider,18,12,4,0.1,8
0230036,Set desatornillador   puntas magntica DTSS Dyllu,29,9.5,3,0.2,8
1205004,Abono lquidos suculentas y cactus  ml  Suplijardines,7.5,5,22,0.54,8
7599001,Engrapadora presin trab liviano TR Stanley,18,15,3,0.44,8
500199,Barra tierra para  circuitos PKGTA Schneider,27,10,3,0.12,8
0506042,Alicate presin recto   Stanley,30,9,3,0.56,8
7500537,Caja simple para canaleta  x  DXNS Dexson,20,10,4,0.04,8
0010061,Set de alicates profesional punta  corte  universal  DTPS Dyllu,22,18,2,0.72,8
17093215,Tijera para podar  de paso forjada   FI Imacasa,27,14,2,0.38,8
2390021,Pintura spray  blanco brillante ml RWT Rainbow,6,6,20,0.4,8
7501917,Interruptor triple  polo A champagne Nobile AFEBCH Bticino,18,10,4,0.08,8
500146,Breaker falla tierra  polos A kA QOGFI Schneider,13,5.5,10,0.44,8
0506126,Alicate universal Basic negro  LA Stanley,26,9,3,0.34,8
038070002,Lija ultrafina  x    caj  M,23,15,2,0.28,8
0230012,Desatornillador Philips punta magntica  mm x  mm DTSDB Dyllu,34,4,5,0.18,8
052440164,Toma nuva duplex marfil Magic NU Bticino,17,8,5,0.06,8
7501153,Toma GFCI marfil Luzica PUGFM Bticino,18,9,4,0.14,8
2320026,Lija azul   HB paq  M,28,23,1,0.56,8
9200581,Codo  sanitaria campana cementad SDR  blanco  Amanco,9,6,11,0.08,8
7506140,Interruptor tres vas de palanca A V marfil V Eagle,14,7,6,0.08,8
0540112,Llave francesa cromada  LA Stanley,32,9,2,0.4,8
7501920,Interruptor triple  vias  negro Nobile AFEANG Bticino,16,9,4,0.08,8
7501156,Interruptor sencillo A  toma  polos  tierra marfil Luzica PUM Bticino,14,10,4,0.06,8
3352040,Perfect clarity glass polishing compound  oz G Meguiars,9,4,15,0.3,8
0560002,Copa diamantada Expert turbo universal  x  x mm   Bosch,14,9,4,0.3,8
0560001,Copa diamantada Expert segmentada para concreto  x  x mm   Bosch,14,12,3,0.42,8
0420111,Brocas SDS Plus X  x  x   Bosch,55,3,3,0.28,8
7500699,Caja rectangular M xmm blanco ED Bticino,12.5,5.5,7,0.08,8
7506106,Tomacorriente GFCI A con indicador de vida blanco TSTW Eagle,8,4.5,13,0.16,8
3352108,Perfect clarity glass sealant G Meguiars,15,6.5,4.5,0.12,8
9111226,Cincel SDS Plus pala   x    Bosch,36,4,3,0.32,8
0011201,Disco diamantado Expert para metal   x mm XLock   Bosch,22,19,1,0.32,8
0106098,Hoja de segueta bimetal  dientes  Stanley,34,12,1,0.18,8
5120415,Flapper sapo o pera para inodoro  negra BPK Metales Aleados,10,10,4,0.04,8
9111005,Cincel SDS Max punta  autoafilable RTec  Bosch,49,4,2,0.72,8
2375003,Pegaforte cemento PVC azul  gl  Sur,6.5,6.5,9,0.28,8
9111243,Chuck  x   Bosch,13.5,5,5.5,0.4,8
9200557,Codo  sanitaria campana cementada SCH  blanco  Amanco,9.5,5.5,7,0.14,8
92110626,Disco lija Best metal  G   Bosch,19,19,1,0.04,8
0560005,Sierra copa diamantada  mm     Bosch,17,7,3,0.08,8
6100260,Resistencia calentador Versatil V W Lorenzetti,16,11,2,0.06,8
0420086,Broca HSS Point TeQ   und  Bosch,14,5,5,0.48,8
7501158,Placa ciega marfil Luzica PUM Bticino,17,10,2,0.04,8
2320021,Lija azul   HB paq  M,28,23,0.5,0.02,8
7506090,Toma falla tierra TR A V TRGFW Eagle,11,6.5,4.5,0.14,8
7500697,Breaker  polos A FNCEW Bticino,9,7,4.5,0.22,8
7501943,Toma sencillo RJ Cat H champagne Nobile AFEBCH Bticino,16,8.5,2,0.06,8
92110147,Broca HSSG   unds  Bosch,17,4,4,0.42,8
9111078,Adaptador SDS Plus con chuck  Bosch,10,4.5,6,0.44,8
6010024,Bisagras  x  cuadrada acabado bronce pulido N par Fanal,19,7,2,0.46,8
961918,Eliminador de juntas sellador flexible   ml  Loctite,15,5,3.5,0.06,8
92110149,Broca HSSG   unds  Bosch,16.5,3.5,4.5,0.74,8
7503342,Breaker  polos A FNCEW Bticino,8.5,7.5,4,0.22,8
0420085,Broca HSS Point TeQ   und  Bosch,15,4,4,0.32,8
9111498,Lija esponja taco sper fino  Bosch,10,8,3,0.02,8
7500696,Breaker  polos A FNCEW Bticino,9,7,3.6,0.18,8
9111070,Fresa router  media caa   Bosch,10,4.5,5,0.1,8
0420096,Brocas SDS Plus X  x  x   Bosch,36,3,2,0.08,8
9130200,Broca concreto Impact CYL  x   blster  Bosch,15,14,1,0.01,8
92110128,Chuck mandril sierra copa  mm para  a    Bosch,15,7,2,0.1,8
4530145,Fitting para manguera  MPAV Campbell,19,11,1,0.08,8
0611706,Punta Phillips extra dura PH  cja   Bosch,13,4,4,0.62,8
5170404,Llave chorro de palanca   vuelta MET Metales Aleados,14,7,2,0.16,8
92110143,Broca HSSG   unds  Bosch,12,4,4,0.16,8
0524050,Cubo esp  x mm pts  Stanley,10,4.5,4,0.1,8
7506258,Toma doble polarizado uso industrial marfil A V V Eagle,11,4,4,0.08,8
7506138,Interruptor tres vas de palanca A V blanco W Eagle,10,3.5,5,0.06,8
9111500,Lija esponja taco medio  Bosch,10,7,2.5,0.02,8
7507232,Modulo ciego lnea Decor negro BK Eagle,19,9,1,0.02,8
2321372,Disco lija madera lijadora orb  G   Bosch,13,13,1,0.01,8
7506862,Toma lock A VV p W LR Eagle,9.5,5,3.5,0.12,8
92110144,Broca HSSG   unds  Bosch,13,5,2.5,0.2,8
9130248,Broca HSSG   und  Bosch,12,4.5,3,0.16,8
7506856,Toma lock A V p W LR Eagle,9,4.5,4,0.12,8
023450003,Tape elctrico  mm x m amarillo Scotch   M,10,8,2,0.1,8
7506860,Toma lock A V pw LR Eagle,10,4.5,3.5,0.1,8
2321030,Broca diamantada en hmedo  mm   Bosch,13,6,2,0.04,8
9130246,Broca HSSG   und  Bosch,11,4.5,3,0.1,8
0011153,Sierra copa bimetlica Eco    Bosch,7,6,3.5,0.08,8
9112025,Disco flap Expert metal   G  curvo  Bosch,11,11,1,0.06,8
92110145,Broca HSSG   unds  Bosch,8.5,4,3.5,0.38,8
9111248,Fresa router  media caa   Bosch,7,4,4,0.04,8
0420127,Broca de concreto  x  UDTMJK Dyllu,22,5,1,0.04,8
9100084,Conector metlico para manguera  macho  M MI Imacasa,12,4.1,2,0.06,8
7500516,Angulo interno para canaleta  x  DXN Dexson,14,7,1,0.01,8
0420143,Broca HSS para metal y madera  UDTTDK Dyllu,19,5,1,0.02,8
0420108,Brocas SDS Plus X  x  x   Bosch,31,3,1,0.1,8
0524724,Repuesto pcutter mm und  Stanley,17,5,1,0.02,8
9130211,Broca concreto Impact CYL  x   und  Bosch,16,5,1,0.14,8
5170403,Llave chorro tipo salvador  bronce MET Metales Aleados,8,5,2,0.14,8
0420121,Broca HSS Cobalto   Bosch,15,5,1,0.01,8
9130209,Broca concreto Impact CYL  x   und  Bosch,11,5,1,0.04,8
9130245,Broca HSSG   und  Bosch,9,3,2,0.05,8
9130241,Broca HSSG   und  Bosch,9,2.5,1.5,0.02,8
7551064,Conector coaxial tipo F M blanco Matix Go JWF Bticino,4.5,2.5,2.5,0.01,8
9111235,Cincel SDS Plus punta  mm  Bosch,4.5,3,2,0.24,8
9130242,Broca HSSG   und  Bosch,9,3,1,0.02,8
7550911,Conector barril   Topaz,4,2.5,2.5,0.06,8
7550355,Interruptor  polo A V M iluminable Living Now K Bticino,4,3,2,0.02,8
92110139,Broca HSSG   unds  Bosch,9,2.5,1,0.02,8
9130244,Broca HSSG   und  Bosch,8,2,1,0.04,8
0420044,Broca HSS Point TeQ   und  Bosch,7,2,1,0.02,8
1030005,Motoguadaa V sin batera Brushless VV  cuchilla GFR V D Bosch,162,23,15,6.52,7
7008116,Cable THHN   verde Conducen m,35,35,33,46.6,7
0611557,Taladro perc Inalmbrico  brushlessBat Ah GSB V HG Bosch,45,39,12.5,4,7
7501077,Caja rectangular xxmm  conos blanco Plexo  Bticino,33,26,14,1.22,7
5004028,Canasta Deco l taupe XP Rimax,33.5,21,14,0.2,7
6020414,Candado mm arco largo caja FHBGL Fanal,29,14,16,7.2,7
7008728,Cable ALT automotriz  AWG verde Conducen m,23.5,23.5,9,2.48,7
5120438,Cachera fregadero monomando cromada cruz cuello cuadrado MET Metales Aleados,35.5,23,6,0.56,7
7008742,Cable ALT automotriz  AWG blanco Conducen m,22,21.5,8.5,1.12,7
7008732,Cable ALT automotriz  AWG blanco Conducen m,21.5,21,8.5,1.64,7
6032602,Cerradura manija tubular Lyon nquel satinado cllave  Fanal,19,17,8,0.66,7
6032008,Cerradura Manija con llave Rennes Nickel Satinado  Fanal,20,18,7,0.68,7
0998010,Camisa XL DTPHW Dyllu,36,28,2,0.2,7
5240021,Sifn a la pared   metlico con desage metlico PB Coflex,23.5,12,6.5,0.36,7
5170031,Set llaves ajustables    mm     mm  pcs DTUW Dyllu,33,12,3,0.66,7
9200159,Reductor sanitario campana cementada SDR  x  gris  Amanco,12,12,8,0.16,7
0709040,Machete pulido rula    PLI Imacasa,80,5,2.5,0.5,7
500573,Barra tierra para  circuitos PKGTA Schneider,27,12,3,0.06,7
7506504,Interruptor sencillo lnea TJ blanco A V SW Eagle,17,10,5,0.08,7
3018019,Linterna LED recargable  mAH doble funcin EML Premier,21,8,5,0.12,7
7501074,Caja cuadrada xxmm  conos blanco Plexo  Bticino,11,11,6.5,0.12,7
7501087,Toma  polos  tierra USBA grafito Luzica PUGR Bticino,14,11,5,0.1,7
7501712,Pulsador  polo A blanco Nobile AFEB Bticino,17,11,4,0.06,7
9180109,Cutter Snap off STHT Stanley,22,8,4,0.1,7
7501084,Conector sencillo RJ Cat PU grafito Luzica PUGR Bticino,16,11,4,0.04,7
7501928,Toma triple  polos  tierra negro Nobile AFEANG Bticino,16,9,4.5,0.1,7
052450003,Pulsador timbre A blanco Sencia AP Bticino,18,9,4,0.04,7
3003023,Llave de bola  LLA Fermetal,16,10,4,0.24,7
1141056,Conector plstico para manguera macho   CONSCL ACI Imacasa,15,10,4,0.04,7
7002043,Amarra plstica  x  mm  negra  unds B Coninca,45,13,1,0.24,7
2385126,Sellador parabrisas Teroson bond  negro  ml  Loctite,5,5,21,0.46,7
1700099,Flotador para brazos Fruitastic cm x cm  Bestway,29,18,1,0.08,7
7501749,Toma coaxial TV tipo F marfil Nobile AFEM Bticino,17,10,3,0.06,7
3525159,Resistencia lava cabezas T V W Lorenzetti,17,10,3,0.06,7
7501916,Interruptor doble  vias  polo A negro Nobile AFEANG Bticino,18,9,3,0.08,7
052450009,Toma sencillo  polos  tierra blanco Sencia AP Bticino,16,9,3,0.04,7
2352032,Pegaforte adhesivo D  oz  Sur,4.5,4.5,20,0.3,7
9200244,Unin transicin o reparacin SCH  blanco  Amanco,13,4.5,6.5,0.22,7
7501907,Placa ciega champagne Nobile AFSCH Bticino,18,10,2,0.04,7
9100091,Pitn para manguera de latn    B I Imacasa,14,8.4,3,0.08,7
2352034,Pegaforte adhesivo D  oz  Sur,4.5,4.5,16,0.16,7
052440162,Toma  polos  tierra M marfil Magic N Bticino,11,9,3,0.02,7
1700090,Parche de reparacin cm  Bestway,17,17,1,0.02,7
7507100,Interruptor sencillo negro tecla lisa TJ SBK Eagle,17,8,2,0.08,7
6010027,Bisagras   x   cuadrada acabado negro mate N  Uds Fanal,15,8,2,0.54,7
0126001,Cutter pcartn uso general  Stanley,20,5.5,2,0.1,7
9180039,Lima  lima triangular  Stanley,36,5,1,0.08,7
501553,Placa toggle G GF blanco PS TPWGF Bticino,17,10,1,0.02,7
0132001,Esptula  econmica S Stanley,21,4,2,0.06,7
2321536,Disco diamantado Eco segmentado    x  x  x mm  Bosch,13.5,12,1,0,7
7506293,Toma grado hospital A V rojo RD Eagle,13,4,3,0.1,7
92110614,Disco lija Best metal   G   Bosch,12,12,1,0.02,7
0560020,Hoja sierra caladora  pcs corte rpido  mm  TPI DTJBD Dyllu,16,8,1,0.04,7
0420152,Broca SDS plus concreto  x   UDTHD Dyllu,22,5.5,1,0.04,7
0230010,Desatornillador Philips punta magntica  mm x  mm DTSDB Dyllu,23,5,1,0.1,7
0709108,Lima cuchillo bastarda    CUI Imacasa,31,3,1,0.22,7
01759480,Anclaje perno de anillo con rosca  x  N National,15,5,1,0.18,7
0420133,Set de brocas HSS  pcs punta metal y madera  UDTTDK Dyllu,15,5,1,0.01,7
9130237,Broca HHSG  Blster  Bosch,15,4.5,1,0.01,7
1525010,Escuadra de refuerzo  x  dorado N National,11,6,1,0.04,7
0420140,Broca HSS para metal y madera  UDTTDK Dyllu,12,5,1,0.02,7
5170517,Check lineal  mm N Dica,5,3,3,0.1,7
0524046,Cubo esp  x mm pts  Stanley,8,4.5,1,0.02,7
6101512,Diafragma Maxi ducha T fashion Lorenzetti,6,6,1,0.01,7
1195030,Semilla de mostaza crespa  Suplijardines,17,9,0.01,0.01,7
7062921,Libreta marcadora nmeros  SPB  M,16,9,0.01,0.1,7
9211025,Combo  discos de corte standar metalinox plano    esmeril Skil  Bosch,12,12,0.01,0.02,7
9914059,Ingleteadora W GCM  D BG Bosch,78.5,57,47,22.32,6
500183,Caja para  medidor n  pmedicin indirecta CNFLC Schneider,70,45,33,19.82,6
0290622,Tronzadora  W GCO   BG Bosch,55,33,49,17.62,6
7096112,Ventilador de techo  aspas retractil W luz LED  Designers,53,53,28,7.66,6
5006003,Hielera Polar mediana L rojo ARRPO Guateplast,47,33,43,3.44,6
5002099,Arenero para gato azul gris UBQ XP Rimax,62,38,25,1.68,6
0709319,Pala cuadrada profunda Classic mango corto   BYI Imacasa,100,24,20,1.64,6
1210424,Equipo atomizar Torino  lt  Suplijardines,57.5,39.5,19.5,3.5,6
7008002,Cable THHN   negro Conducen m,35,35,29,35.58,6
7008031,Cable THHN   rojo Conducen m,33,27,38,28.12,6
7002023,Antorchas de bambu de  cm  Adarga,150,15,15,1,6
7008124,Cable THHN   rojo Conducen m,31,29,34,28.92,6
3258024,Bota de PVC Kayman blanco talla,55,35,10,1.88,6
5009170,Maceta ovalada rafia cm terracota XP Rimax,41,23,19,0.28,6
0012002,Juego herramientas manuales pzs DTHSB Dyllu,39.5,20.5,21,3.02,6
0709152,Pala redonda Combat mango largo  C BLI Imacasa,144,23,5,1.52,6
5004022,Canasta Shia alta apariencia rattan taupe L XP Rimax,34,25,18,0.42,6
5004020,Canasta Shia alta apariencia rattan blanco nieve L XP Rimax,33,25,18,0.4,6
0365902,Cepillo W GHO  AG Bosch,34,17.5,20.5,3.52,6
5500405,Ducha Acqua Duo Ultra blanco  oro rosa V W Lorenzetti,53,22,10,2.14,6
5500199,Ducha Acqua Duo negro mate V W Lorenzetti,52.5,9,22.5,2.1,6
5100026,Maceta redonda rafia cm gris hielo XP Rimax,24,22,20,0.2,6
5500406,Ducha Acqua Duo Ultra negro  oro rosa V W Lorenzetti,22.5,8.5,54.5,2.12,6
3265005,Casco de seguridad amarillo ajustable DTSH Dyllu,29,22,15,0.24,6
5004027,Canasta Deco l wengue XP Rimax,32.5,20.5,13.5,0.22,6
9111494,Lija esponja brite caf rollo mm x m  Bosch,28,27,11,1.32,6
2320415,Cinta adhesiva cristal en dispensador  mtrs  M,42,16,12,1.34,6
0140713,Detector materiales Dtect C G Bosch,17,15,27.5,1.38,6
5140044,Vlvula de descarga  con pera WC PB Coflex,37,16,11,0.2,6
0365021,Lijadora orbital inalmbrica baretool GSS V D Bosch,23,16.5,15.5,1.46,6
7550812,Caja lisa  x  x  L Eagle,22,17.5,14,0.58,6
3270002,Guante para soldador kevlar para uso rudo  de piel vacuno RF Lincoln,37,27,5,0.4,6
5120413,Kit clsico reparacin  completo tanque WC BPK Metales Aleados,36,19,7,0.42,6
9200559,Codo  sanitaria campana cementada SCH  blanco  Amanco,23,16,13,0.74,6
1525014,Escuadra para estante  x  N National,34,28,4.5,0.1,6
0570017,Pistola impacto   lbs torque TLAV Campbell,22.5,19.5,9,2.44,6
0380030,Set llaves corofijas  pcs  mm   mm DTSPM Dyllu,45,10,8,2.88,6
2330356,Cinta Tapagoteras Ocre mm cm x m  Imptek,13,13,21,2.2,6
0190051,Cuchara albail centroamericana  soldada  D SMI Imacasa,34,13,8,0.36,6
7054513,Regleta supresora blanca  tomas   USB   puerto tipo C de A  pies PEUW APC,14,12,18.5,0.78,6
7550800,Caja con entradas  x  x mm A Eagle,19.5,15.5,9,0.36,6
2352322,Imperfast tapagoteras rojo doy pack  gl  Sur,14,7,27,1.06,6
6036806,Manija negra mate sllave Cannes  Fanal,19,16,8,0.5,6
3018011,Linterna batera  lm LED  mm c baterias  Rayovac,27,15,6,0.3,6
9041320,Curva  Conduit tipo A   Mipsa,44,10,5.5,0.2,6
2352324,Imperfast tapagoteras negro doy pack  gl  Sur,14,6,26,1.04,6
470530,Cuerda de polip BGV centro hueco  x mt amarilla madeja Kingcord,35.5,7.5,8,0.64,6
032440020,Lija agua Q  paq  HB M,29,24,3,0.76,6
2352323,Imperfast tapagoteras blanco doy pack  gl  Sur,15,5,27,1.04,6
9200587,Ye sanitaria campana cementad SDR  blanco  Amanco,18,15,7,0.12,6
2392351,Laro Top barniz tinte  wengue oscuro  gl  Sur,12,12,13,1,6
6032622,Cerradura pomo cilndrico Tunnich bronce antiguo sllave   Fanal,20,15,6,0.48,6
1700127,Flotador  cm Mud Master tipo llanta  Bestway,25,17,4,0.26,6
0164012,Martillo cabo madera  oz octagonal  Stanley,32,13,4,0.7,6
2352018,Imperfast tapagoteras negro  gl  Sur,12,11.5,12,1.1,6
2392321,Laro Top barniz tinte  natural mate  gl  Sur,11,11,13,1,6
2392345,Laro Top barniz tinte  caobilla  gl,11,11,13,1.02,6
0239001,Pegaforte adhesivo de poliuretano para madera ml  Sur,7.5,7.5,27,0.8,6
3352014,Protectorabrillantador de interiores supreme shine protectant  ml G Meguiars,27.5,11,5,0.48,6
2392327,Laro Top barniz tinte  caoba  gl  Sur,11,11,12.5,1,6
2392339,Laro Top barniz tinte  miel  gl  Sur,11,11,12.5,0.98,6
2392393,Esmalte  negro  g  Sur,11,11,12.5,0.96,6
2352325,Imperfast tapagoteras verde doy pack  gl  Sur,10,7,21,1.04,6
0401011,Martillo mango de acero tubular  oz ergonmico Zasc Z,34,14,3,0.76,6
7550820,Cajas estanca con paredes lisas  x  x mm L Eagle,18,11,7,0.26,6
2392342,Laro Top barniz tinte  teca oscuro  gl  Sur,10,10,13,1,6
2392324,Laro Top barniz tinte  secoya  gl  Sur,10,10,12.5,0.96,6
2392330,Laro Top barniz tinte  nogal claro  gl  Sur,10,10,12,0.96,6
2352011,Plasterfast listo para uso  gl  Sur,10,6,20,1.1,6
2392348,Laro Top barniz tinte  wengue  gl  Sur,9.5,9.5,13,1,6
2392355,Pintura latex Tradicional color blanco  gl  Sur,9.5,9,13.5,1.44,6
5120401,Cachera bao monomando acrlica aspersin senc ABS BAK Metales Aleados,17,8,8,0.42,6
7002036,Amarra plstica  x  mm  blanca  unds N Coninca,23,11,4,0.06,6
2330168,Cinta ducto DT  mm x yd m gris uso general UU M,14,12,6,0.52,6
2390002,Pintura spray  alta temperatura negro ml RB Rainbow,8,6,20,0.4,6
5120412,Niple ducha acero inox  cm x  BMRT Metales Aleados,48,10,2,0.2,6
7501777,Interruptor sencillo  toma  polos  tierra marfil Nobile AFEM Bticino,18,10,5,0.08,6
7550758,Caja lisa  x  x  IP JL Eagle,11.5,11,7,0.14,6
2352326,Imperfast tapagoteras rojo cartucho  ml  Sur,8,5,22,0.38,6
1700097,Anteojos para piscina Aquapals  Bestway,20.5,9.5,4.5,0.06,6
0132004,Esptula  econmica S Stanley,22,13,3,0.1,6
3018012,Linterna batera peq  lm LED  mm c bateras  Rayovac,21,10,4,0.08,6
2352329,Imperfast tapagoteras verde cartucho  ml  Sur,9,4,23,0.38,6
7550627,Caja rectangular doble fondo intemperie  WB Topaz,11.5,11,6.5,0.4,6
3352042,Cera para auto hybrid ceramic wax  oz G Meguiars,10,2.5,30,0.84,6
92110189,Disco sierra madera Optiline    x  x mm T  Bosch,21,21,1.7,0.22,6
7501919,Interruptor triple  vias  champagne Nobile AFEBCH Bticino,17,11,4,0.08,6
2392349,Laro Top barniz tinte  wengue  gl  Sur,9,9,9,9,6
7506399,Apagador triple  en  vas   sencillo blanco lnea Plata DW Eagle,17,10.5,4,0.1,6
7501151,Interruptor doble  interruptor  vas A luz piloto marfil Luzica PUM Bticino,16,11,4,0.06,6
7550851,Caja para intemperie armada IP lnea TJ incluye dos tomas W PAR Eagle,9.5,9.5,7.7,0.22,6
8708005,Eliminador de olor black chrome  oz G Meguiars,7,7,14,0.12,6
7506920,Interruptor doble lnea TJ A V con luz LED PL Eagle,17,10,4,0.1,6
7507005,Toma doble TR USBC blanco Nobile AFUSBACEB Bticino,15,9,5,0.14,6
9041071,Tapa canoa lisa blanco  Amanco,16,14,3,0.16,6
7506108,Tomacorriente TR con USB color blanco DWRW Eagle,8,6,14,0.18,6
1130106,Escurridor vidrio cm acero inox mango resina,30,11,2,0.16,6
7501150,Interruptor triple A marfil Luzica PUM Bticino,18,9,4,0.06,6
1210101,Atomizador pequeo  oz   ml natural ARNAT Guateplast,9,9,8,0.06,6
7506878,Interruptor sencillo lnea TJ blanco A V con luz LED W Eagle,18,9,4,0.08,6
7501935,Toma doble GFCI TR  polos  tierra A champagne Nobile AFEBCH Bticino,17,9,4,0.14,6
0524540,Jgo extractor de tornillos pzs  Stanley,20,10,3,0.14,6
7501612,Interruptor  vas  toma  polos  tierra blanco Sencia AP Bticino,16,9,4,0.06,6
7501157,Toma coaxial TV marfil Luzica PUM Bticino,16,9,4,0.04,6
0230011,Desatornillador Philips punta magntica  mm x  mm DTSDB Dyllu,28,4,5,0.12,6
0230008,Desatornillador Philips punta magntica  mm x  mm DTSDB Dyllu,25,5.5,4,0.08,6
52440427,Regleta  salidas cable mm  Bticino,14,11,3.5,0.44,6
8352909,Limpiador de contactos NOVEC plus oz  M,5.5,5,19.5,0.42,6
9200340,Llave de chorro crosca  gris  Amanco,15,10,3.5,0.06,6
052450011,Interruptor triple  polo A blanco Sencia AP Bticino,16,8,4,0.06,6
5121248,Llave compuerta   VD Pfister,14,6,6,1.12,6
7501954,Interruptor sencillo  vas A  polos  toma S negro Nobile AFEANG Bticino,14,9,4,0.08,6
2392398,Esmalte  plateado  g  Sur,8,8,7.7,0.28,6
9200321,Pegamento PVC todo propsito ml gl transparente  Amanco,7,7,10,0.28,6
052440021,Caja idrobox IP M gris Idrobox  Bticino,10,7.5,6.5,0.1,6
2392378,Esmalte  rojo vivo  g  Sur,8,8,7.5,0.28,6
7501947,Toma coaxial TV  toma telefonico RJ champagne Nobile AFEBCH Bticino,16,10,3,0.06,6
7506088,Toma e interruptor A V V Eagle,15,8,4,0.1,6
2390018,Pintura spray  fresh green ml RRN Rainbow,5,4.5,21,0.4,6
5320167,Sombras para ojos escarchadas lilalimonmentarosado a  aat,22,10,2,0.06,6
7501922,Pulsador  polo A negro Nobile AFEANG Bticino,16,9,3,0.06,6
2392346,Laro Top barniz tinte  caobilla  gl  Sur,7.5,7.5,7.5,0.28,6
2392328,Laro Top barniz tinte  caoba  gl  Sur,7.5,7.5,7.5,0.28,6
2392374,Esmalte  amarillo internacional  gl   Sur,7.5,7.5,7.5,0.28,6
2392352,Laro Top barniz tinte  wengue oscuro  gl  Sur,7.5,7.5,7.5,0.28,6
2392402,Esmalte  dorado   g  Sur,7.5,7.5,7.5,0.3,6
2392382,Esmalte  tabaco  g  Sur,7.5,7.5,7.5,0.26,6
2392340,Laro Top barniz tinte  miel  gl  Sur,7.5,7.5,7.5,0.26,6
0709067,Lima cuchillo lisa   L CUI Imacasa,27,5,3,1.2,6
2352327,Imperfast tapagoteras blanco cartucho  ml  Sur,4.5,4,22.5,0.4,6
9200158,Reductor sanitario campana cementada SDR  x  gris  Amanco,10,10,4,0.16,6
7506958,Toma para TV lnea TJ CH Eagle,18,11,2,0.06,6
2392343,Laro Top barniz tinte  teca oscuro  gl  Sur,7.5,7.5,7,0.28,6
2392331,Laro Top barniz tinte  nogal claro  gl  Sur,7,7.5,7.5,0.28,6
2392319,Laro Top barniz tinte  natural brillante  gl  Sur,7.5,7.5,7,0.28,6
2392390,Esmalte  verde bosque  g  Sur,7,7,8,0.28,6
7506980,Tomacorriente dplex TR A V con luz LED PL Eagle,16,8,3,0.08,6
7506500,Interruptor doble lnea TJ blanco A V SW Eagle,16,8,3,0.1,6
8708003,Eliminador de olor sumer breeze scent  oz G Meguiars,5,5,15,0.12,6
052450004,Toma sencillo coaxial TV OHMS blanco Sencia AP Bticino,17,11,2,0.04,6
052450005,Toma sencillo telefonico RJ H blanco Sencia AP Bticino,18,10,2,0.04,6
7506304,Toma tierra aislada A V marfil IGV Eagle,17,7,3,0.08,6
2380001,Pegaforte cemento de contacto  gl  Sur,19,18,1,3.48,6
9111432,Disco corte Expert metal plano   x  x mm  Bosch,18,18,1,0.16,6
5121254,Llave chorro  VD Pfister,12,9,3,0.3,6
7506071,Toma con falla a tierra marfil A V GFV Eagle,7,3.5,13,0.16,6
2392325,Laro Top barniz tinte  secoya  gl  Sur,7,6,7.5,0.28,6
7550621,Conduleta botagua EMT  UL  Topaz,8,6,6.5,0.08,6
961946,Retenedor cilndrico   ml  Loctite,17,9,2,0.02,6
501420,Barra tierra para  circuitos PKGTA Schneider,24,12,1,0.08,6
6010025,Bisagras  x  cuadrada acabado bronce antiguo N par Fanal,20,7,2,0.46,6
0460146,Set acople rpido  pcs macho  DTQP Dyllu,11.2,8.3,3,0.04,6
052440150,Dimmer V blanco Magic V Bticino,12,7,3,0.04,6
2392391,Esmalte  verde bosque gl  Sur,5,5,10,0.1,6
2392341,Laro Top barniz tinte  miel  gl  Sur,5.5,5.5,8,0.1,6
0132000,Esptula   econmica S Stanley,22,3.5,3,0.06,6
92110581,Disco lija madera lijadora orb  grano  bosch,15,15,1,0.01,6
9130207,Broca concreto Impact CYL  x  blster  Bosch,21,5,2,0.1,6
7507206,Interruptor doble Decor negro A V BK Eagle,13,4,4,0.1,6
0524301,Cubo largo allen  x mm  Stanley,15,4.5,3,0.12,6
2392323,Laro Top barniz tinte  natural mate  gl  Sur,5.5,5.5,6.5,0.1,6
2392386,Esmalte  azul  g  Sur,5.5,5.5,6,0.1,6
2392332,Laro Top barniz tinte  nogal claro  gl  Sur,6,5.5,5.5,0.1,6
2392403,Esmalte  dorado    Sur,5.5,5.5,6,0.12,6
2392399,Esmalte  plateado  g  Sur,5.5,5.5,6,0.1,6
2392338,Laro Top barniz tinte  teca  gl  Sur,5.5,5.5,6,0.1,6
5240043,Extensin desage plstico   x cm PH Coflex,20,3,3,0.02,6
2392335,Laro Top barniz tinte  nogal oscuro  gl  Sur,5.5,5.5,5.8,0.1,6
0118079,Cincel acero templado  x   Stanley,19,4.5,2,0.02,6
2392320,Laro Top barniz tinte  natural brillante  gl  Sur,5.5,5.5,5.5,0.1,6
7506062,Placa sencilla tornillo oculto roja UL STRD Eagle,18,9,1,0.04,6
1195026,Semilla de zinnia gigante mixto  Suplijardines,17,9.5,1,0.01,6
1195017,Semilla de lechuga americana  Suplijardines,17,9,1,0.02,6
0640001,Tijera  mm DTSX Dyllu,17,9,1,0.04,6
7060033,Unin presin EMT   UL SSUB Topaz,6,5,5,0.2,6
2392347,Laro Top barniz tinte  caobilla  gl  Sur,5,5,6,0.1,6
0709132,Cuchillo seleccionador para banano  mango madera   IGI Imacasa,25,3,2,0.06,6
3300210,Cinta reflectiva und x mm x mm para bicicletas y moto blanca XA M,18,8,1,0.02,6
92110617,Disco lija Best metal   G   Bosch,12,12,1,0.02,6
2392401,Esmalte  dorado   g  Sur,13,11,1,1.08,6
1205020,Insecticida moscas mulan  gr  Suplijardines,15,9,1,0.04,6
7500695,Breaker  polo A FNCEW Bticino,8,8,2,0.12,6
15005003,Encendedor life multiproposito VOX,17,6,1,0.02,6
7500511,Angulo externo para canaleta  x  DXN Dexson,13,7,1,0.01,6
0420130,Set de brocas HSS  pcs punta metal y madera  UDTTDK Dyllu,15,5,1,0.01,6
0420131,Set de brocas HSS  pcs punta metal y madera  UDTTDK Dyllu,15,5,1,0.01,6
0420132,Set de brocas HSS  pcs punta metal y madera  UDTTDK Dyllu,15,5,1,0.01,6
7500085,Angulo interior para  x  AIB Eagle,10,7,1,0.01,6
9130201,Broca concreto Impact CYL  x  blster  Bosch,15,4.5,1,0.01,6
2392395,Esmalte  negro  g  Sur,4,3,5.5,0.1,6
2392370,Esmalte  blanco  g Sur,9,7,1,0.32,6
2392337,Laro Top barniz tinte  teca  gl  Sur,7,6,1,0.28,6
2392371,Esmalte  blanco  g  Sur,5,4,2,0.12,6
7551063,Pulsador A V M blanco Matix JW Bticino,4.5,2,4,0.01,6
7550356,Interruptor  vias  polo A V M iluminable Living Now K Bticino,4.5,2.3,3.4,0.02,6
0540503,Llave corofija ratchet mm  Stanley,17,2,1,0.06,6
2392383,Esmalte  tabaco  g  Sur,5,5,1,0.1,6
92110589,Disco lija metal lijadora orb  G  H  Bosch,15,15,0.01,0.01,6
92110630,Disco lija Expert madera y metal   G   Bosch,12,12,0.01,0.02,6
1030001,Motoguadaa  tiempos  Hp  CC DTGM Dyllu,188,30,30,5.1,5
5005101,Mesa fuerte chocolate premium  x  x  cm ARPCH Guateplast,117,74,16,6.72,5
5009172,Estantera ventilada   niveles negro  Rimax,91,46,31,11.02,5
5006010,Hielera Polar L azul ARAPO Guateplast,61,40,37,4.52,5
0585303,Combo tronzadora GCO   esmeriladora   GWS   BG Bosch,56,36,44,16.34,5
3525161,Calentador a gas GLP L LZN Lorenzetti,42,25.5,71.5,11.72,5
5002015,Papelera EVO L apariencia metal XP Rimax,34,34,56,1.26,5
0610159,Demoledor J W UDTDBD Dyllu,74,20,36,20.68,5
1601016,Carbon premium XL bolsa  lb  kg Jealous Devil JD,56,37,19,4.88,5
7008300,Cable TGP x AWG Conducen m,49,49,16,20.18,5
1205019,Abono urea   kg  Suplijardines,56,38,16,15.06,5
7008000,Cable THHN   blanco Conducen m,34,34,29,35.56,5
17093242,Pala redonda recta Classic mango largo  R BLI Imacasa,146,22,10,1.96,5
7008505,Cable TSJ x AWG negro Conducen m,46,45,15,19,5
7008027,Cable THHN   blanco Conducen m,30,27,37,28.46,5
1205018,Abono  saco  kg  Suplijardines,55,37,14,15.12,5
7008122,Cable THHN   negro Conducen m,29,29,33,29.28,5
3070004,Mochila para herramientas DTTG Dyllu,46,42,14,0.96,5
7008006,Cable THHN   blanco Conducen m,40,40,13,22.16,5
7008029,Cable THHN   negro Conducen m,27,27,28,28.54,5
0610157,Rotomartillo J W UDTRHD Dyllu,41,33,13,7.22,5
5100041,Canasta fique L mocca XP Rimax,36.5,26.5,17.5,0.42,5
3265026,Careta para soldar de fibra de vidrio color negro RF Lincoln,32,20,26,0.6,5
3258022,Bota de PVC Kayman blanco talla,41,33,12,1.76,5
5002027,Organizador esquinero para bao II blanco XP Rimax,41,24,15,0.24,5
7096202,Ventilador inalmbrico  V DTLF Dyllu,27.5,17,30.5,1.22,5
1601017,Briquetas premium XL caja  lb  kg JD Jealous Devil,25,18.5,30,5.1,5
5500155,Ducha Advanced blindada V W Lorenzetti,43,25,12,1.18,5
1601011,Briquetas de carbon vegetal Bricapar,39,23,14,2.14,5
7500063,Gabinete MDU  con tapa blanco ONQ EN Bticino,40,24,13,1.44,5
7062201,Neutro solido pinterruptores m de a schneider alsn,52,20,12,2.6,5
1210422,Equipo atomizar Torino  lt  Suplijardines,19,18,36,1.04,5
5500154,Ducha Advanced blindada V W Lorenzetti,42.5,24,12,1.18,5
7008525,Cable TSJ x AWG negro Conducen m,34.5,34,10,5.52,5
5120447,Cachera bao monomando mezclador negra aspersin redonda  anticalcarea MET Metales Aleados,43,34,8,1.46,5
9111493,Lija esponja brite negro rollo mm x m  Bosch,32,32,11,1.06,5
5502187,Cernidor Acqua Wave Ultra negro  cromo Lorenzetti,51,27,8,0.94,5
5203111,Rejilla cuadrada exteriores  x cm descarga  acero inox PC Coflex,29.5,28.5,13,3.96,5
8352902,Dispensador manual para toallas de papel mltiples xxcm PLAB Metales Aleados,27,12,33,0.94,5
9200552,Ye sanitaria campana cementada SCH  blanco  Amanco,30,24,14,1.36,5
9913028,Set de accesorios para bajo cromo acc Fermetal,61.5,8,19,1.26,5
5003462,Kit accesorios de bao  piezas cromado Attic Quadra Lorenzetti,50,20,9,0.6,5
2320902,Rollo lija tela  x  m   RTRXA Abracol,21,20,21,5.38,5
7506492,Toma sobreponer v pt A IP  Eagle,30,18,15,0.94,5
7503509,Powerpact bd p A AB Iline BDA Schneider,29.5,19.5,14,1.3,5
5035002,Paquete para instalacin de refrigerador cm JVRIM Coflex,31,28,9,0.6,5
7503411,Breaker  polos A V kA QDPTM Schneider,27,15,19,1.5,5
9180113,Juego cubos esp  pzs   Stanley,43.5,22,8,2.62,5
5502189,Cernidor ducha Acqua duo blanco oro rosa Lorenzetti,52,21,7,0.92,5
9180114,Juego cubos esp  pzs mmmm  Stanley,43,22,8,2.62,5
7062300,Interruptor termomagnetico idustrial para tablero iline a schn faac,31.5,19,12.5,1.98,5
5203113,Rejilla rectangular  x cm descarga  acero inox PC Coflex,64,11.5,10,2.3,5
5003460,Kit accesorios de bao  piezas oro rosa Attic Quadra Lorenzetti,20.5,7,51,0.58,5
7005434,Pantalla video  sin auricurar blanco  Bticino,31.5,23,9.5,0.82,5
5035003,Paquete para instalacin de refrigerador cm JVRIM Coflex,35,28,7,0.74,5
0590019,Paquete de cables para soldar  AWGMM RG Lincoln,33.5,29,7,1.76,5
7501081,Caja rectangular xxmm blanco Plexo  Bticino,23,18,16,0.64,5
9200586,Te sanitaria campana cementad SDR  blanco  Amanco,25,20,13,0.64,5
0585009,Sierra Caladora inalmbrica baretool GST LI SB BE Bosch,29,21,10.5,2,5
17093214,Tijera para ramas de paso mango madera ergonmico   I Imacasa,55,29,4,0.8,5
7503213,Breaker industrial  polos A V kA QBL Schneider,25,15,17,2.14,5
2352059,Cepillo para inodoro con base XA M,13,11,42,0.18,5
8352041,Limpiador de fragua gl  Sur,19,14,22,4.28,5
5009156,Papelera fique L gris hielo XP Rimax,15.5,15,24.5,0.22,5
1600134,Set de  panos de cocina  x cm nieve y luna,21,16.5,15.5,0.92,5
9200142,Codo  sanitario campana cementada SDR  gris  Amanco,20,19,14,0.52,5
7503402,Breaker industrial A  polos kA V q QDL Schneider,24.5,15.5,13.5,1.54,5
961948,Coolant refrigerante galn  Loctite,16,11,29,3.96,5
5120445,Cachera lavamanos bowl inox monomando mezclador negra PRI Metales Aleados,36.5,21.5,6.5,1.26,5
0524104,Juego cubos esp  pzs mmmm   Stanley,34,20,7.5,3.24,5
5120460,Cachera bao monomando mezclador aspersin senc palanca BMK Metales Aleados,19.5,18,14.5,1.76,5
5140203,Vlvula de salida para inodoro centro con pera VAL Fermetal,35,16,9,0.16,5
033010026,Lija madera  paq   M,29,23,7.5,2.52,5
7550402,Breaker  polos A pmodulo de medidores clase  kA QDPTM Schneider,24.5,15.5,13,1.46,5
61001096,Disco separador pMaxi Lorenzetti,22,20,11,0.14,5
7501076,Caja rectangular xxmm  conos blanco Plexo  Bticino,24,19,10.5,0.42,5
5120457,Aspersin anti calcrea  inox cuadrada ultra delgada MET Metales Aleados,25.5,24,7,0.74,5
7041936,Lampara emergencia  Led  Lm  Segurimax,30.5,14,10,0.62,5
7500623,Kit conexin panel TV flat blanco ONQ HTWHV Bticino,24,18.5,9,0.44,5
0556781,Cizalla  LA Stanley,62,14,4.5,3.02,5
9913015,Sifn a la pared   PVC con trampa cromado SIF Fermetal,34,16,7,0.12,5
8002024,Gaza sin fin acero inoxidable    mm      DTHU Dyllu,27,23,6,0.24,5
1143004,Pistola para manguera  funciones ergonmica DTNEE Dyllu,36,17,6,0.18,5
7550642,Conduleta tipo C EMT  UL ECC Topaz,27.5,12,11,0.94,5
5140604,Vlvula de descarga  con pera WC VDT Urrea,32.5,8.5,13,0.26,5
7550750,Caja con conos  x  x mm IP JB Eagle,21,16,10.5,0.36,5
9200537,Te sanitaria campana cementada SCH  blanco  Amanco,20,16,11,0.64,5
7550660,Conduleta tipo LR EMT  UL ELRC Topaz,27,10,13,0.98,5
5203110,Rejilla cuadrada exteriores  x cm descarga  acero inox PC Coflex,19,16.5,11,1.86,5
9041970,Tee  drenaje  Tubrica,20,17,10,0.66,5
9200133,Codo  sanitario campana cementada SDR  gris  Amanco,20,12,14,0.4,5
7550061,Soporte para principal subalimentado QO A A PKMBLA Schneider,28,24,5,0.06,5
9200544,Codo  sanitaria campana cementada SCH  blanco  Amanco,17,15,12,0.46,5
0160026,Llaneta lisa  x    Stanley,30,12,8,0.34,5
5203112,Rejilla rectangular  x cm descarga  acero inox PC Coflex,25,12,9.5,0.84,5
033010018,Lija banda madera  x    paq  M,27,10.5,10,0.58,5
5120436,Cachera lavamanos ABSinox monomando mezclador cromada MET MET Metales Aleados,21.5,17.5,7.5,1.08,5
2320703,Lija agua  Abracol RPHLC paq,29,24,4,1.4,5
2321029,Disco diamantado Best for asphalt segmentado   x  x  x mm   Bosch,38,36,2,2.02,5
6036804,Manija negra mate sllave Rennes  Fanal,19,16,9,0.64,5
7550790,Caja con conos  x  x mm L Eagle,19.5,15.5,9,0.36,5
5120465,Cachera lavamanos  satn flexible cruz BML Metales Aleados,17.5,16,9.5,0.32,5
5120526,Llave para lavamanos individual LLA Fermetal,23,19,6,0.52,5
STHT05867LA,Bandeja de mezclado para gypsum en acero inox  STHTLA Stanley,33,7.5,10.5,0.54,5
7005011,Modulo switch  puertos ONQ DA Bticino,18,16,9,0.46,5
0006001,Cargador PTZ V   V carga rapida PXC Einhell,19,17.5,7.5,0.54,5
5120531,Cachera lavamanos  satn palanca BMF Metales Aleados,24.5,14.5,7,0.8,5
0186005,Serrucho luctador   Stanley,62,13,3,0.44,5
8002020,Gaza sin fin acero inoxidable    mm      DTHU Dyllu,22,18,6,0.18,5
8352908,Dispensador jabn con sensor autom ml xxcm  bat aa PLA Metales Aleados,13,10,18,0.42,5
6101522,Repuesto filtro Acqua due RD Lorenzetti,22,15,7,0.2,5
5170407,Sifn flexible con desage lavamanos inox push   SIF Metales Aleados,41,7,8,0.24,5
9180119,Marco psegueta  profesional  Stanley,44,13,4,0.5,5
9180043,Esptula pgypsum   Stanley,27,21,4,0.22,5
7506430,Toma para computo RJ lnea Plata marfil V Eagle,18,10,12,0.06,5
2352014,Imperfast tapagoteras rojo  gl  Sur,13,13,12.5,1.1,5
3080500,Chaleco reflectivo  M,22,16,6,0.1,5
0526092,Juego desatornilladores Basic  pzs STMTLA Stanley,30,14,5,0.34,5
0162000,Marco psegueta  liviano cromado  Stanley,48,14,3,0.54,5
9130605,Detector de materiales GMS   Bosch,20.5,11.5,8.5,0.64,5
7501075,Caja rectangular xxmm  conos blanco Plexo  Bticino,17,13,9,0.24,5
3003038,Grifera cuello de cisne manilla cruz GRI Fermetal,25.5,12,6.5,0.48,5
0410016,Martillo de bola mango de fibra de vidrio  oz DTHM Dyllu,33,15,4,0.86,5
5035116,Filtro versatille para grifo Lorenzetti,19,17,6,0.3,5
7500628,Modulo multiplexor coaxial x GHZ ONQ VM Bticino,18.5,11,9.5,0.38,5
3018020,Linterna LED recargable  mAH EML Premier,27,10,7,0.16,5
2352016,Imperfast tapagoteras blanco  gl  Sur,12,12,13,1.02,5
7507050,Tomacorriente WiFi inteligente TR A V blanco WFRW Eagle,14,9,14.5,0.24,5
6104569,Cernidor Duo shower d  Lorenzetti,34,25,2,0.46,5
5700300,Goma liquida Pritt kg,20,13,6.5,1.08,5
7507048,Toma doble TR de empotrar con placa  a V blanco TRW Eagle,20,14,6,0.08,5
2352056,Lubricante penetrante  way  oz  M,8,8,25.5,0.64,5
92110205,Disco sierra construwood   mm t bosch,31,26,2,0.74,5
7507262,Tomacorriente P  T GFCI SB Schneider,18,12.5,7,0.18,5
5170406,Desage para fregadero   plstico bmd BMD Metales Aleados,13,11,11,0.1,5
0522001,Corta tubos  a    Stanley,23,11,6,0.32,5
7506901,Dimmer LED  wts placa incluida BK Eagle,20,12,6,0.1,5
5170027,Llave de fontanero  DTPW Dyllu,26.5,27,2,0.78,5
2352009,Plasterfast concentrado  gl  Sur,11,6,21,1.1,5
7550655,Conduleta tipo LR EMT  UL LRCG Topaz,115,3,4,0.14,5
032440021,Lija agua Q  paq  HB M,29,23.5,2,0.7,5
7550838,Caja de piso con toma doble A V placa plateada FBAP Eagle,14,12,8,0.78,5
2320753,Lija agua  Abracol RPHLC paq,28,24,2,0.24,5
0324400250,Lija agua Q  paq  HB M,28,24,2,0.64,5
8707100,Pao absorbente pack XA M,20.5,18.5,3.5,0.1,5
2352028,Pegaforte adhesivo D  gl  Sur,7,7,27,1.14,5
7550752,Caja con conos  x  x mm IP JB Eagle,16,11,7.5,0.2,5
7500708,Caja rectangular M xxmm blanco ED Bticino,14,13,7,0.16,5
2352054,Limpiador industrial y eliminador adhesivos  oz  M,7,7,26,0.68,5
052440089,Interruptor vias    mplus btic  mab modus plus bticino mab und,16,13,6,0.06,5
2392369,Esmalte  blanco  g Sur,10,9,13.5,1.16,5
2392385,Esmalte  azul  g  Sur,10,9,13,1.04,5
9041203,Codo  conexin rpida  CRE Coflex,15,13,6,0.06,5
500144,Breaker falla tierra  polo A kA QOGFI Schneider,15,7,11,0.24,5
5700311,Goma Pritt caja gravitacional,32,9,4,0.28,5
2392389,Esmalte  verde bosque  g  Sur,10,8.5,13.5,1,5
2330103,Toalla para cocina microfibra mc M,22,17,3,0.06,5
7506766,Toma sencillo AUSB color Plata PL Eagle,17,11,6,0.1,5
2390007,Pintura spray  metlico verde escarchado ml RSN Rainbow,7,7,22,0.4,5
0006002,Bateria LiIon PTZ  V  Ah PXC Einhell,16,8.5,7.5,0.7,5
7062200,Barra tierra A para I line PKDGTA Schneider,23,8,5.5,0.46,5
0410015,Martillo de bola mango de fibra de vidrio  oz DTHM Dyllu,28,9,4,0.54,5
7550393,Kit gatway conectado M Living Now KC Bticino,11,10,9,0.1,5
500497,Acople superior serie AL  pmodulo medidores fijo MP AL Schneider,19,13,4,0.26,5
3300307,Cinta antideslizante color neon mm x m h M,15.5,10.5,6,0.22,5
7500650,Toma pop out A M grafito Adorne ARPTRGM Bticino,15.5,9,7,0.3,5
9041204,Acople reduccin conexin rpida  x  CRCOR Coflex,15,13,5,0.04,5
7501730,Toma tandem  polos  tierra R A marfil Nobile AFEM Bticino,16,15,4,0.06,5
961935,Limpiador de carburadores SF auto  descarbonizante  ml  Loctite,21,7,6.5,0.28,5
61001811,Acople enganche rpido calentador versatil Lorenzetti,17,14,4,0.04,5
7550060,Soporte para centro de carga QO A A PKMBHA Schneider,26,18,2,0.06,5
7501923,Dimmer giratorio universal champagne Nobile AFEBCH Bticino,18,8.5,6,0.08,5
9200170,Codo  campana cementada SCH  blanco  Amanco,13,10,7,0.14,5
3300208,Cinta demarcacin amarilla   x m HB M,11,11,7.5,0.47,5
7550720,Caja cuadrada de aluminio  huecos  DTB Eagle,11,11,7.5,0.38,5
7506397,Interruptor triple  sencillos   de  vas blanco lnea Plata CW Eagle,18,10,5,0.1,5
92110601,Lija banda x g  paquete und bosch,25,9,4,0.08,5
0010071,Set alicates para seguros profesional  pcs DTPS Dyllu,30,15,2,0.74,5
3270302,Guante anti corte talla M comfort grip WX M,23,13,3,0.08,5
92110611,Lija banda  x  G  paquete und  Bosch,28,8,4,0.1,5
7501154,Pulsador unipolar marfil Luzica PUM Bticino,16,11,5,0.04,5
5120527,Llave para lavamanos individual LLA Fermetal,8,22,5,0.58,5
2375006,Pegaforte cemento PVC transparente  gl  Sur,8.5,8.5,12,0.52,5
9913026,Desage de bajo  cuadrada Premium REJ Fermetal,18,10.5,4.5,0.34,5
0130015,Escuadra de transportador  Stanley,21,20,2,0.28,5
0130005,Escuadra combinacin   Stanley,30,14,2,0.16,5
9041201,Acople unin conexin rpida  CRC Coflex,16,13,4,0.06,5
52440216,Interruptor triple  polo A luz piloto blanco Nobile AFEML Bticino,15,11,5,0.1,5
7501128,Interruptor doble  vas luz piloto A blanco Luzica PUL Bticino,17,8,6,0.06,5
7501780,Interruptor sencillo  toma  polos  tierra  vias marfil Nobile AFEM Bticino,17,12,4,0.08,5
7062408,Conector de seguridad A p W V  Eagle,18,9,5,0.12,5
0230018,Desatornillador Philips punta magntica  mm x  mm DTSD Dyllu,20,8,5,0.08,5
1700095,Bola de playa cm  Bestway,25,16,2,0.1,5
7500647,Toma doble TR A V M blanco Adorne ARTRW Bticino,16,10,5,0.08,5
52440492,Tapa final xmm blanco DLPS  Bticino,19,14,3,0.02,5
0140039,Cinta mtrica Tough Case m x mm STHT Stanley,14.5,9,6,0.4,5
6100163,Placa contactos Maxi bellobanho Lorenzetti,26,20,1.5,0.18,5
5170521,Check pascn   mm PE Urrea,13,12,5,0.3,5
9100089,Tijera para podar forjada    FI Imacasa,30,13,2,0.52,5
7500640,Placa G M blanco gloss Adorne AWPGWH Bticino,15,13,4,0.2,5
7501934,Toma triple  polos  tierra  toma USBA negro Nobile AFEANG Bticino,14,11,5,0.1,5
7506632,Dimmer wtts lnea TJ champagne CH Eagle,14,11,5,0.04,5
7501094,Interruptor doble  interruptor  vias A grafito Luzica PUGR Bticino,19,10,4,0.06,5
2320405,Rodillo quita pelusa  hojas  M,23,6,5.5,0.1,5
9200382,Reductor bushing SCH  x   blanco  Amanco,10.5,8,9,0.24,5
0560008,Sierra copa diamantada mm     Bosch,14,9,6,0.22,5
9180151,Alicate universal  LA Stanley,28,9,3,0.48,5
5700301,Goma liquida Pritt gr,21.5,10,3.5,0.56,5
7500648,Toma doble TR A V M magnesio Adorne ARTRM Bticino,15,10,5,0.08,5
7501741,Toma triple  polos  tierra S USBA marfil Nobile AFEM Bticino,15,10,5,0.1,5
9200275,Unin transicin o reparacin SCH   blanco  Amanco,15.5,6,8,0.36,5
0506124,Alicate pico lora bsico negro   Stanley,33,11,2,0.4,5
52440484,Angulo plano xmm blanco DLPS  Bticino,17,14,3,0.02,5
7505302,Interruptor sencillo  toma  polos terra mink Modus AEEGTI Bticino,16,11,4,0.08,5
61003014,Resistencia calentador Versatil V W Lorenzetti,16,11,4,0.06,5
2608601052,Plato gex,18,13,3,0.14,5
0506233,Alicate universal Maxsteel V   Stanley,25,7,4,0.34,5
1700103,Bola para playa personajes Disney  cm  Bestway,19,12,3,0.1,5
6020626,Candado marino arco estandar mm s stanley,19,9,4,0.18,5
7501939,Toma sencillo telefono RJ H champagne Nobile AFEBCH Bticino,19,12,3,0.06,5
7501761,Toma sencillo RJ Cat H marfil Nobile AFEM Bticino,17,10,4,0.06,5
2330412,Gancho jumbo blanco Command   sustituto  M,17,10,4,0.04,5
7550369,Toma doble GFCI TR A M negro Living Now KGGFG Bticino,12.5,9,6,0.14,5
7507052,Interruptor WiFi inteligente  vas A V blanco WFS W Eagle,14,8,6,0.26,5
7551070,Toma doble  polos  tierra A  USB blanco Matix Go JWAC  Bticino,13,8.5,6,0.14,5
0190026,Tijera hojalatero Maxsteel forrada   Stanley,30,11,2,0.54,5
0132003,Esptula  econmica S Stanley,22,10,3,0.08,5
7550754,Caja con conos  x  x mm IP JB Eagle,10,10,6.5,0.08,5
052440171,Toma doble pt a naranja tierra aislada  mod amigr matix bticino,12,9,6,0.12,5
7501652,Toma tandem pt a nema r marfil style aeem bticino,16,10,4,0.06,5
7040004,Bombillo LED A E luz clida W V  hr RLAWW RCA,14,6,7.5,0.04,5
0186022,Serrucho gypsum   Stanley,35,6,3,0.16,5
7501940,Toma sencillo telefono RJ H negro Nobile AFEANG Bticino,19,11,3,0.06,5
52440483,Angulo externo xmm blanco DLPS  Bticino,16,13,3,0.01,5
9041200,Acople unin conexin rpida  CRC Coflex,16,13,3,0.04,5
7506109,Tomacorriente TR con USBUSBC color blanco DWRW Eagle,13,8,6,0.18,5
52440485,Tee canaleta xmm blanco DLPS  Bticino,17,12,3,0.02,5
52440213,Interruptor triple s de  vias aeeb modus style bticino,17,9,4,0.08,5
7501953,Interruptor sencillo  vas A  polos  toma S champagne Nobile AFEBCH Bticino,17,9,4,0.08,5
7506025,Interruptor doble Decor marfil A V UL V Eagle,15,9,4.5,0.08,5
3300306,Cinta antideslizante para baos mm x m HB M,11,11,5,0.24,5
0506103,Alicate corte diagonal pro  LA Stanley,25,12,2,0.34,5
7501725,Toma sencillo  polos  tierra A marfil Nobile AFEM Bticino,15,10,4,0.06,5
7507249,Placa doble Decor almond tornillo oculto STLA Eagle,20,15,2,0.06,5
7501126,Interruptor sencillo luz piloto  toma  polos  tierra Luzica PUL Bticino,15,10,4,0.06,5
0120094,Cinta mtrica global plus  x m  Stanley,14,8.5,5,0.22,5
052440011,Base canaleta xmm blanco Oval P Bticino,18,11,3,0.02,5
0574023,Ratch cromado de   Stanley,29,4.5,4.5,0.6,5
52440486,Tapa final xmm blanco DLPS  Bticino,15,13,3,0.02,5
7550364,Toma doble GFCI TR A M blanco Living Now KWGFG Bticino,9,5,13,0.14,5
052450014,Zumbador V blanco Sencia APV Bticino,13,9,5,0.06,5
0540118,Llave francesa negra  LA Stanley,32,9,2,0.4,5
52440450,Interruptor  vias a csoporte samh matix bticino,16,9,4,0.04,5
7501921,Pulsador  polo A champagne Nobile AFEBCH Bticino,12,12,4,0.06,5
8707104,Pao sper limpin BB M,24,12,2,0.04,5
9041033,Unin conduit tipo A UL  gris  Amanco,6.6,6.6,13,0.12,5
0140823,Cinta metrica profesional  metros  imacasa,14,8,5,0.18,5
0506018,Alicate corte diagonal pro  LA Stanley,23,12,2,0.22,5
2352332,Pega flex blanco cartucho  ml  Sur,5,5,22,0.42,5
7500635,Placa G M titanio Adorne AWPGTM Bticino,15,9,4,0.14,5
8707102,Pao mgico toque final BB M,18,15,2,0.02,5
2330414,Prensas Command  M,18,10,3,0.01,5
5700302,Goma liquida Pritt gr,19,7,4,0.26,5
0140824,Cinta metrica profesional  metros  imacasa,14,9.5,4,0.24,5
2321019,Disco desbaste metal  x  x silver   M,23,23,1,0.7,5
0585304,Batera LiIon V Ah MC Bosch,16,11,3,0.14,5
7501720,Toma sencillo  polos  tierra A blanco Nobile AFEB Bticino,16,11,3,0.06,5
7550811,Interruptor termomagntico de atornillar kA UL V P A QOBVH Schneider,9.5,5.5,10,0.5,5
7506606,Control de abanico W V  Hz lnea TJ blanco W Eagle,13,10,4,0.06,5
7506928,Interruptor sencillo lnea TJ A V con luz LED CH Eagle,13,10,4,0.08,5
7507049,Luz LED gua con fotocelda lnea Plata blanco W Eagle,16,8,4,0.12,5
7506938,Interruptor triple lnea TJ A V con luz LED PL Eagle,16,8,4,0.1,5
5700310,Goma en barra Pritt lpiz adhesivo blster gr,14,9,4,0.04,5
7501000,Breaker  polos A kA QO Schneider,9,8.5,6.5,0.48,5
7550626,Caja rectangular intemperie  UL WB Topaz,11,7.5,6,0.24,5
7550048,Toma empotrar  vias  polos A V negro PS  Bticino,11,6,7.5,0.16,5
7505300,int cpiloto de  vias toma p universal terra mink aeegtil bticino,18,9,3,0.08,5
501521,Toma extension a v h ss ps bticino,11.5,6,7,0.16,5
7550229,Caja idrobox M gris  Bticino,10,8,6,0.12,5
7550473,Toma doble GFCI TR A M arena Living Now KMGFG Bticino,7,5,13.5,0.14,5
501520,Enchufe  vias A V negro PS SS Bticino,6,6,13,0.14,5
7550042,Breaker atornillar  polos A kA QOB Schneider,9,6,8.5,6,5
1700081,Flotador infantil figuras safari circular  Bestway,27,17,1,0.1,5
7501006,Dimmer  vias W blanco Radiant RHPW Bticino,11.5,7.5,5.3,0.14,5
7506790,Interruptor sencillo tecla ancha TJ duco  vas A V negro BK Eagle,19,8,3,0.08,5
6101521,Cartucho cermico  vuelta agua fra para griferia flatt Lorenzetti,19,12,2,0.04,5
5700309,Goma en barra Pritt lpiz adhesivo blster gr und,16,8,3.5,0.08,5
7417000508239,Piedra de afilar  x  x    R I Imacasa,20,5.5,4,0.44,5
0230047,Desatornillador plano punta magntica  mm x  mm DTSD Dyllu,29,5,3,0.08,5
7503067,Breaker atornillar  polos A kA QOB Schneider,8,9,6,0.38,5
0574016,Maneral espiga  articulado  Stanley,48,3,3,0.78,5
7505081,Toma GFCI TR  polos A B blanco Radiant TRW Bticino,12,8,4.5,0.14,5
7500630,Placa G M blanco gloss Adorne AWPGWH Bticino,16,9,3,0.14,5
052440116,Placa M acero Matix AMMIR Bticino,12,9,4,0.02,5
7501776,Interruptor sencillo  vias A  toma A blanco Nobile AFEB Bticino,12,8,4.5,0.08,5
7503153,Breaker atornillar falla tierra  polo A kA QOBGFI Schneider,14,10,3,0.24,5
2608605070,Disco de velcro C Best  mm G  huecos  Bosch,15,14,2,0.04,5
0132002,Esptula  econmica S Stanley,20,7,3,0.08,5
2320413,Esponja doble uso extrema  pack BA M,10,7,6,0.02,5
7550470,Placa M blanco Living Now KAKW Bticino,13,8,4,0.06,5
7550467,Cubierta coaxial TV Tipo F M blanco Living Now KW Bticino,11.5,5.5,6.5,0.06,5
7507053,Interruptor con luz LED gua lnea Plata blanco W Eagle,17,8,3,0.12,5
2321546,Disco diamantado Expert turbo porcelanato para sierra mrmol  x  x  x mm  Bosch,17,12,2,0.1,5
9111157,Atornillador para caladora bosch acc,34,6,2,0.04,5
9200541,Codo  sanitaria campana cementada SCH   blanco  Amanco,9,9,5,0.08,5
0366142,Micro kit para lijado y pulido modelo  sku  ab marca dremel,10.5,7,5.5,0.12,5
0010009,Carbonbrush set x,11,9,4,0.02,5
7062215,Terminal horquilla MVUf para cable cal  AWG paq   M,11,9,4,0.12,5
3003017,Llave chorro metal tipo baln c palanca LLA Fermetal,14,14,2,0.16,5
0010063,Alicate mini de corte frontal profesional   DTPL Dyllu,16,8,3,0.08,5
9041923,Reduccin PVC  x  SCH presin  Tubrica,8,8,6,0.06,5
3003077,Embolo BAS para llave push botn LLA Fermetal,16,8,3,0.14,5
0230004,Desatornillador plano punta magntica  mm x  mm DTSDA Dyllu,19,4,5,0.08,5
0526169,Juego desatornilladores  pzs relojero  Stanley,19,10,2,0.08,5
7500632,Placa G M capuccino Adorne AWPGCP Bticino,16,9.3,2.5,0.12,5
9111572,Broca sds plus b xx pconcreto bosch acc,55,2.6,2.6,0.14,5
7550228,Caja IP M gris Idrobox  Bticino,7,7,7.5,0.1,5
3018005,Linterna V W DTFLLI Dyllu,16,4.5,5,0.08,5
0118085,Centro punto  mm  Stanley,18,4,5,0.24,5
501511,Placa dobe externa gris PS SC Bticino,12,7.5,4,0.12,5
7501941,Toma doble telefono RJ H champagne Nobile AFEBCH Bticino,18,10,2,0.06,5
7506094,Toma mixto telfono y TV Decor UL W Eagle,20,9,2,0.02,5
7506724,Placa doble lnea TJ champagne CH Eagle,18,10,2,0.04,5
17093216,Navaja electricista   PI Imacasa,7.8,2,23,0.64,5
052440130,Placa nuva H marfil Magic NUI Bticino,16,11,2,0.02,5
052440135,Placa nuva ciega marfil Magic NUI Bticino,16,11,2,0.04,5
7506962,Toma para TV lnea TJ PL Eagle,16,11,2,0.06,5
7503344,Breaker  polos A FNCEW Bticino,8.5,7.5,5.5,0.3,5
501550,Interruptor  vias A V marfil Radiant TMI Bticino,17,10,2,0.04,5
7550950,Placa G negro Radiant RWPBK Bticino,17,10,2,0.02,5
052440131,Placa nuva  polo beige Magic NUB Bticino,17,10,2,0.04,5
052440137,Placa nuva doble madera Magic NURN Bticino,17,10,2,0.02,5
052440133,Placa nuva ciega beige Magic NUB Bticino,17,10,2,0.04,5
052440136,Placa nuva doble beige Magic NUB Bticino,17,10,2,0.02,5
0174012,Nivel torpedo  magntico S Stanley,24,7,2,0.06,5
92110648,Plato hule   con tuerca  Bosch,15,11,2,0.1,5
052440128,Placa nuva H beige Magic NUB Bticino,15,11,2,0.02,5
9200373,Reductor bushing SCH   x  blanco  Amanco,8,8,5.1,0.16,5
7507258,Interruptor con luz LED gua A V Hz W Eagle,13,5,5,0.1,5
9112023,Disco flap expert metal  grano  ondulado  Bosch,18,18,1,0.16,5
92110628,Disco lija Best metal  G   Bosch,18,18,1,0.04,5
052440122,Placa M verde Matix AMCVC Bticino,18,9,2,0.02,5
7506103,Toma TV Decor light almond UL LA Eagle,18,9,2,0.04,5
052440134,Placa nuva ciega madera Magic NURN Bticino,16,10,2,0.04,5
2320135,Esponja fibra extrema Scotch Brite BA pack BA M,16,10,2,0.04,5
7550664,Conduleta tipo T EMT  UL ETC Topaz,13,6,4,0.16,5
2352331,Pega all cartucho  ml  Sur,4,3.5,22,0.52,5
501404,Breaker atornillar  poloS A kA QOB Schneider,8.5,8,4.5,0.28,5
6010023,Bisagras  x  cuadrada acabado acero N par Fanal,17,9,2,0.46,5
0506149,Alicate corte mini diagonal Basic  LA Stanley,19,8,2,0.08,5
501522,Toma doble hospitalario supresor A V marfil PS ISP Bticino,11,5.5,5,0.14,5
052440139,Placa nuva  polo madera Magic NURN Bticino,15,10,2,0.04,5
7506886,Toma mixto TV y telfono TJ blanco W Eagle,15,10,2,0.08,5
7550666,Conduleta tipo T EMT  UL ETC Topaz,17,5,3.5,0.3,5
501531,Interruptor A V marfil PS PSACI Bticino,10.5,5,5.5,0.08,5
1109035,Caja cuadrada xxmm  conos gris Plexo  Bticino,8,8,4.5,0.06,5
052440047,Interruptor sencillo  va luz piloto marfil Magic LG Bticino,12,6,4,0.02,5
10250002,Trampa pega ratones charola caja  pcs Cazafacil CF,13,11,2,0.04,5
7500652,Toma TR GFCI S M blanco Adorne AGFTRW Bticino,8.5,6,5.5,0.14,5
7445005128855,Curva  Conduit  FC Mipsa,11,11,2.3,0.02,5
9200261,Te campana cementada SCH crosca  blanco  Amanco,9.7,6.8,4.2,0.08,5
7501005,Toma doble USB blanco Radiant TMUSBW Bticino,5,5,11,0.12,5
052440023,Caja empotrar M gris Cajas MS Bticino,10,5.5,5,0.04,5
5700303,Goma liquida Pritt gr,15.2,6,3,0.12,5
7060034,Unin presin EMT  UL S Topaz,7,6.5,6,0.28,5
7550465,Toma coaxial TV tipo F M negro Living Now KF Bticino,13,7,3,0.02,5
052440146,Pulsador  polo A luz piloto marfil Magic LG Bticino,13,7,3,0.02,5
7501055,Interruptor  toma V GF marfil PS IGF Bticino,11,5.5,4.5,0.08,5
7445005603758,Retenedor de piezas cilndricas  ml  quick metal  Loctite,15,6,3,0.08,5
2375008,Pegaforte cemento PVC transparente  gl  Sur,5.5,5.5,8.5,0.14,5
2320410,Esponja celulosa cero rayas   M,16,8,2,0.02,5
7506244,Control remoto de STCR Eagle,16,8,2,0.02,5
9130266,Disco diamante  tur prof plus bosch,17,15,1,0.16,5
7506023,Interruptor doble Decor light almond A V UL LA Eagle,14,4.5,4,0.1,5
9111325,Sierra copa tradic  mm  bosch,7.5,5.5,6,0.16,5
7551059,Gatway control inteligente interiores M blanco Matix Go JWC Bticino,5.5,5,9,0.08,5
7551014,Interruptor doble  polo   interruptor  polo blanco Radiant RCDW Bticino,4.5,4.5,12,0.12,5
2321900,Rueda  clean strip  M,11,11,2,0.06,5
0506168,Alicate corte diagonal bsico  LA Stanley,15,8,2,0.14,5
2320407,Esponja celulosa multiusos  trabajo pesado  M,15,8,2,0.02,5
5170515,Llave compuerta   PSI con rosca  Dica,8,6,5,0.22,5
0420267,Brocas para cajas de bisagras mm   Bosch,10.5,5,4.5,0.14,5
52440433,Conector HDMI M blanco Matix AM Bticino,6,6,6.5,0.04,5
0230043,Desatornillador plano punta magntica  mm x  mm DTSD Dyllu,23,5,2,0.08,5
7507204,Interruptor  vas Decor negro A V BK Eagle,13,4.4,4,0.1,5
7500627,Modulo ciego M magnesio Adorne AABKM Bticino,19,6,2,0.02,5
2320184,Disco de lija respaldo velcro CUBITRON G  L  M,15,15,1,0.01,5
7507056,Placa sencilla Decor con tornillo oculta color marfil STV Eagle,16,14,1,0.02,5
7501956,Interuptor doble  vas  polo A V blanco Radiant RCDW Bticino,4.5,4.5,11,0.12,5
7507256,Toma doble TR con luz gua A V Hz W Eagle,4.5,4.5,11,0.12,5
3256821,Mascarilla tela reutilizable dos capas caja x  und M,22,10,1,0.02,5
7500186,Marco simple INS Eagle,18,8,1.5,0.02,5
7503185,Breaker atornillar  polo A kA QOB Schneider,9,8,3,0.14,5
080596028688,Multimax hoja p quita fragua   dremel mm  mac,12,9,2,0.06,5
052440012,Base superficial xmm blanco Oval P Bticino,12,9,2,0.02,5
7550999,Toma doble A V marfil PS I Bticino,10.5,4.5,4.5,0.08,5
5170026,Llave de fontanero  DTPW Dyllu,21,5,2,0.52,5
0707013,Pitn para manguera de plstico    P I Imacasa,13,8,2,0.04,5
9111311,Hoja calar madera aluminio plstico und  Bosch,17,12,1,0.1,5
7060055,Unin tornillo EMT   UL ES Topaz,8,5,5,0.18,5
0540054,Llave corofija  LA Stanley,25,4,2,0.24,5
7501200,Toma sencillo universal  polos A blanco Oval P Bticino,11,6,3,0.02,5
52440432,Placa  modulo color blanco natural ambbn matix bticino,15,13,1,0.02,5
500172,Breaker atornillar  polos A kA QOB Schneider,8,8,3,0.14,5
0126028,St liq cuter cuchilla hoja fija industrial,16,6,2,0.12,5
052440113,Placa  modulo color cobalto amcbu matix bticino,12,8,2,0.02,5
052440119,Placa plata de  modulos ammsl matix bticino,19,10,1,0.02,5
052440145,Pulsador  polo A marfil Magic  Bticino,13,7,2,0.02,5
2392326,Laro Top barniz tinte  secoya  gl  Sur,5.5,5.5,6,0.1,5
7550466,Toma USBA M A negro Living Now KC Bticino,6,5.5,5.5,0.06,5
7501120,Placa nuva H madera Magic NURN Bticino,18,10,1,0.02,5
052440099,Placa titanio de  modulos ammta matix bticino,18,10,1,0.01,5
7550464,Interruptor  vias M Living Now KC Bticino,6,5,6,0.06,5
7550939,Modulo datos MDU  puertos Cat Centro de voz y datos AC Bticino,15,4,3,0.08,5
9200192,Tapn hembra liso campana cementada SCH   blanco  Amanco,6,6,5,0.06,5
7506294,Toma tierra aislada A V blanco IGW Eagle,13,4.5,3,0.1,5
501564,Conector TV tipo F blanco OnQ WPWH Bticino,17.5,10,1,0.01,5
7501043,Interruptor A V GF blanco PS CSACWGF Bticino,11,3.5,4.5,0.06,5
7507230,Placa  modulo para Jack Decor negra tornillo oculto SIBK Eagle,19,9,1,0.04,5
0640002,Tijera  mm DTSX Dyllu,17,10,1,0.04,5
7551009,Conector RJ C keystone blanco OnQ WPWH Bticino,17,10,1,0.02,5
2320164,Disco de lija respaldo velcro CUBITRON G  L  M,13,13,1,0.01,5
7500539,Angulo interno para canaleta  x  DXN Dexson,7,6,4,0.01,5
3033010,Llave bola lisa  PVC VAL Fermetal,8,7,3,0.08,5
5700304,Goma liquida Pritt gr,13,5,2.5,0.06,5
0540484,Cubo espiga p taladro  x mm  Stanley,12,4.5,3,0.2,5
9913023,Llave de control recta  x  Premium LLA Fermetal,9,6,3,0.12,5
3033011,Desage de bajo  cromada REJ Fermetal,9,9,2,0.06,5
1195028,Semilla de perejil crespo  Suplijardines,17,9.5,1,0.01,5
1195032,Semilla de zapallo redondo  Suplijardines,17,9.5,1,0.01,5
1195027,Semilla de ayote  Suplijardines,17,9.5,1,0.01,5
1195012,Semilla de tomillo  Suplijardines,17,9.5,1,0.01,5
0524072,Cubo esp  x mm pts  Stanley,8,4,5,0.18,5
0506026,Alicate pseguro curvo pabrir  LA Stanley,20,8,1,0.18,5
3300211,Cinta reflectiva und x mm x mm para bicicletas y motos amarilla XA M,20,8,1,0.02,5
7506648,Interruptor  vas lnea TJ plateado con luz LED PL Eagle,10,8,2,0.02,5
9130250,Broca HSSG   und  Bosch,13,4,3,0.28,5
7550391,Cubierta RJ M blanco Living Now KW Bticino,12,13,1,0.01,5
501512,Interruptor sencillo GF A V marfil PS IGGF Bticino,11,3.5,4,0.04,5
7550947,Int way av decor tmbk,11,3.5,4,0.06,5
501548,Interruptor sencillo A V marfil Radiant TMI Bticino,11,3.5,4,0.06,5
6020412,Candado mm arco largo blister VFHBGL Fanal,11,7,2,0.1,5
1195034,Semilla de zanahoria  Suplijardines,17,9,1,0.02,5
052440115,Placa  modulo color hielo amcbn matix bticino,17,9,1,0.02,5
0524022,Cubo pbuja esp  x  pts  Stanley,11,4.5,3,0.16,5
7551021,Placa metlica para toma G gris PS SS Bticino,12,12,1,0.08,5
500171,Breaker atornillar  polo A kA QOB Schneider,9,8,2,0.14,5
7551056,Toma USBA W M gris Matix Go JGA Bticino,6,6,4,0.04,5
1700065,Kit reparacin para piscina  Bestway,14,10,1,0.02,5
9112040,Hoja calar madera limpio recto TB und  Bosch,17,8,1,0.04,5
052440211,Placa  modulos color coral amcrd matix bticino,17,8,1,0.02,5
080596005009,Disco esmeril  oxido alum p meta inox dremel,7.5,4,4.5,0.02,5
052440098,Placa  modulos color blanco cal amtbc matix bticino,15,9,1,0.02,5
6020432,Candado mm arco largo caja FHBGL Fanal,9,5,3,0.3,5
501524,Toma doble TR A V marfil Radiant TRI Bticino,11,3.5,3.5,0.06,5
7550628,Conduleta tipo LB EMT  UL LBCG Topaz,11,3,4,0.14,5
0524300,Cubo largo allen  x mm  Stanley,13,5,2,0.1,5
052440120,Placa  modulos color rojo tierra amtrt matix bticino,16,8,1,0.02,5
9112048,Hoja calar metal recto mm basico tb bosch und,17,7.5,1,0.04,5
52440250,Placa  modulos color ceniza ambcn matix bticino,15,8.5,1,0.01,5
0300719,Esptula metlica   DTPT Dyllu,21,3,2,0.08,5
92110651,Tuerca para pulidora   y   Bosch,9,7,2,0.04,5
5170519,Check lineal  mm N Dica,4.5,4.5,6,0.2,5
52440488,Angulo interno xmm blanco DLPS  Bticino,12,10,1,0.01,5
9112046,Hoja calar metal recto mm basico tg bosch und,17,7,1,0.04,5
0524117,Extensin para cubo  x   Stanley,13,4.5,2,0.08,5
9111344,Fresa router  reflis o ranurar   Bosch,23,5,1,0.05,5
7550469,Cubierta dimmer M blanco Living Now KW Bticino,11,5.1,2,0.02,5
6101508,Reductor de presin estandar para ducha  Lorenzetti  ctn x pcs,14,8,1,0.01,5
7550482,Cubierta tecla para dimmer M blanco Living Now KWM Bticino,11,5,2,0.02,5
5700306,Goma en barra Pritt lpiz adhesivo charola gr,12,3,3,0.06,5
0524020,Cubo esp  x mm pts  Stanley,9,6,2,0.06,5
501551,Interruptor  vias A V blanco Radiant TMW Bticino,8,3,4.5,0.06,5
61001814,Lamina de conexin invierno pplaca contacto calentador versatil Lorenzetti,13,8,1,0.01,5
5140202,Vlvula de entrada para inodoro llave tanque bajo VAL Fermetal,25,2,2,0.18,5
501525,Toma doble TR A V blanco Radiant TRW Bticino,11,3,3,0.06,5
3352148,Klear limpiador de parabrisas   ml Sur,3.5,3.5,8,0.04,5
500528,Derivacin T  x mm canaleta DXN DXN Dexson,14,7,1,0.01,5
7500522,Angulo plano para canaleta  x  DXN Dexson,14,7,1,0.01,5
501523,Toma doble A marfil Radiant I Bticino,11,3.5,2.5,0.04,5
0709066,Lima cuchillo lisa   L CUI Imacasa,32,3,1,0.24,5
9111285,Hoja calar metal mm recto ub bosch und,17,5.5,1,0.02,5
7599060,Grapa trabajo liviano  caja  TRAT Stanley,10,4.5,2,0.1,5
800096,Broca corte para gypsum mm  dremel ada,9,5,2,0.02,5
5700305,Goma liquida Pritt gr,11,4,2,0.04,5
2392377,Esmalte  rojo vivo  g  Sur,11,8,1,1.02,5
52440476,Angulo interno xmm blanco DLPS  Bticino,11,8,1,0.01,5
7550373,Toma sencillo TR  polos  tierra A M arena Living Now KM Bticino,4.5,4.5,4,0.02,5
7550371,Toma sencillo TR  polos  tierra A M negro Living Now KG Bticino,4.5,4.5,4,0.02,5
7599004,Grapa trabajo liviano  caja  TRAT Stanley,4,2.5,8,0.08,5
0524004,Cubo esp  x mm pts  Stanley,10,4,2,0.08,5
7501313,Soporte M azul Living Light LNM Bticino,10,8,1,0.02,5
7501314,Conector RJ Cat antracita Living Light LC Bticino,10,8,1,0.02,5
92110176,Brocas sds plus para concreto  x  x  bosch,26,3,1,0.08,5
7500624,Modulo ciego keystone  pack blanco Adorne ACBLKW Bticino,13,6,1,0.02,5
92110652,Tuerca para pulidora  y   Bosch,11,7,1,0.06,5
52440482,Angulo interno xmm blanco DLPS  Bticino,9.5,8,1,0.01,5
0420029,Broca HSS Cobalto   Bosch,15,5,1,0.01,5
0420122,Broca HSS Cobalto   Bosch,15,5,1,0.01,5
5120543,Embolo para llave lavamanos met METC Metales Aleados,5,5,3,0.02,5
052440151,Pasacable blanco Magic  Bticino,9,8,1,0.01,5
STHT16131LA,Cortador recto de gypsum stanley,14,5,1,0.02,5
92110151,Broca HSSG   und blster  Bosch,15,4.5,1,0.01,5
92110163,Broca multi uso  mm x mm x mm bosch,15,4.5,1,0.01,5
9041999,Adaptador macho reducido  x  SCH presin  Tubrica,4,4,4,0.02,5
9200201,Tapn macho SCH crosca  blanco  Amanco,4.4,4.4,3.2,0.02,5
0524106,Adaptador pcubo  x   Stanley,3.5,3.5,5,0.16,5
9041901,Codo  CPVC presin   Tubrica,5.1,4,3,0.02,5
9111001,Sierra copa broca piloto hssg pchange bosch,12,5,1,0.02,5
0524087,Cubo esp  x mm pts  Stanley,6,5,2,0.04,5
7550483,Cubierta tecla entrada  salida M arena Living Now KMM Bticino,12,5,1,0.01,5
7550475,Pulsador  polo A M Living Now K Bticino,12,5,1,0.01,5
7550478,Cubierta para C M arena Living Now KMM Bticino,12,5,1,0.02,5
9200168,Codo  campana cementada SCH presin   blanco  Amanco,4.4,4.4,3,0.02,5
7550387,Conector RJ Cat M blanco Living Now KWC Bticino,4.5,3.5,3.5,0.02,5
7550472,Cubierta USB M negro Living Now KGC Bticino,12,4.5,1,0.01,5
0420032,Broca HSS Cobalto   Bosch,13,4,1,0.02,5
7550476,Cubierta iluminable M arena Living Now KM Bticino,10,5,1,0.02,5
7550463,Cubierta para C M negro Living Now KGM Bticino,9,5,1,0.02,5
7550481,Cubierta tecla para dimmer M arena Living Now KMM Bticino,9,5,1,0.02,5
7551061,Conector RJ Cat M negro Matix Go JBC Bticino,4.5,2.5,4,0.01,5
9041035,Unin conduflex snap  azul  Amanco,3,3,4.5,0.02,5
7550372,Cubierta toma euroamericano M negro Living Now KG Bticino,8,5,1,0.01,5
7550374,Cubierta toma M arena Living Now KM Bticino,8,5,1,0.01,5
61001651,Duchita para manguera Maxi Lorenzetti,6,2.5,2.5,0.01,5
7550474,Cubierta coaxial TV tipo F M arena Living Now KM Bticino,12,3,1,0.01,5
7550380,Conector RJ Cat M arena Living Now KMC Bticino,4,3,3,0.02,5
7550379,Cubierta RJ M negro Living Now KG Bticino,12,3,1,0.01,5
9041012,Conector conduflex  azul  Amanco,3.7,3,3,0.02,5
7550490,Cubierta toma M blanco Living Now KW Bticino,7,4.5,1,0.01,5
7550361,Placa ciega M arena Living Now KM Bticino,12,2.5,1,0.01,5
9200182,Tapn hembra sanitario campana cementada SCH   blanco  Amanco,5,2,3,0.02,5
7550471,Cubierta coaxial TV Tipo F M negro Living Now KG Bticino,12,2.5,1,0.01,5
92110215,Disco flap Best metal   G  curvo  Bosch,12,12,0.2,0.08,5
9130239,Broca HSSG   und  Bosch,9.5,3,1,0.02,5
9130238,Broca HSSG   und  Bosch,7,2,2,0.02,5
7550240,Soporte M gris Idrobox  Bticino,5,2.5,2,0.01,5
052440153,Tapa ciega blanco Magic  Bticino,4,3,2,0.01,5
2330410,Tiras blancas pequeas para colgar cuadros  pcs Command ES M,10,7.5,0.3,0.01,5
7550484,Cubierta tecla entrada  salida M blanco Living Now KWM Bticino,9,5,0.5,0,5
52440499,Unin canaleta xmm blanco DLPS  Bticino,5.5,2,2,0.01,5
6101047,Oring para ducha Relax Jet Master Lorenzetti,10,10,0.2,0.01,5
6020400,Candado mm arco largo caja FHBGL Fanal,5,2,2,0.06,5
5120545,Embolo para grifera met METC Metales Aleados,5,2,2,0.04,5
5120539,Embolo para llave fregadero bpf BPFC Metales Aleados,5,1.5,1.5,0.02,5
92110646,Disco lija Expert madera y metal  G   Bosch,18,18,0.01,0.04,5
5002202,Caja plstica almacenaje L tapa doble cierre trasparente ARNAT Guateplast,66,43,35,1.74,4
5002201,Caja plstica almacenaje L tapa doble cierre rojo ARRCF Guateplast,66,43.5,34.5,1.72,4
5009149,Bal multiuso wengue XP Rimax,120,16,50,8.78,4
5009147,Armario mediano starplastic almendra XP Rimax,79,74,13,5.74,4
5006011,Hielera Polar L rojo ARRPO Guateplast,55,38,36,4.5,4
0700001,Cabezal para vibrador de concreto  mm x  mm DTVRPA Dyllu,84,59,14,14.66,4
9110161,Sierra circular   W GKS  AG Bosch,46,30.5,36,9.56,4
500124,Base medidor A Nema R c prevista pbreaker s acople RCS Schneider,52,51,15.5,12.52,4
5100017,Estante organizador de bao con puertas gris XP Rimax,61.5,27,22.5,4.7,4
5006007,Hielera Polar L rojo ARRPO Guateplast,38,31,29,2.04,4
0230027,Set desatornilladores  pcs punta magntica  mm x  mm DTSSB Dyllu,53,26,22,7.34,4
0709026,Pala redonda FTS mango corto Classic   FBYI Imacasa,103,23,10,1.52,4
0611030,Taladro GSB V  llave de impacto GDX V bat JG Bosch,44.5,39.5,12.5,5.18,4
7550410,Centro de carga  esp A Nema  sin tapa QOLPG Schneider,48,36,11,5.02,4
3258016,Bota de PVC Kayman blanco talla,52,32,10,1.56,4
5100043,Canasta fique L lavanda XP Rimax,36.5,26,17,0.44,4
5100042,Canasta fique L menta XP Rimax,37,25.5,17,0.44,4
500084,Frente  sob centro carga QOLG QOCUS Schneider,77,37,4,4.2,4
5121129,Cachera bao monocomando con lavapies satinada PWSKASGS Pfister,30.5,24.5,14.5,3.36,4
5120464,Cachera fregadero monomando negra inox extensible palanca MET Metales Aleados,57,6,27,1.46,4
5500408,Maxi calentador Ultra V W Lorenzetti,29,22,13,0.5,4
5121038,Cachera bao expuesta ccuerpo inc lainz pfister epflc,23,16.5,21,2.5,4
5120506,Cachera fregadero  mezclador satn BMF Metales Aleados,36,26,8,1.08,4
5121036,Cachera bao expuesta ccuerpo inc maia pfister epflc,23,16,20,2.3,4
5006006,Hielera Polar L azul ARAPO Guateplast,36,22.5,9,0.92,4
5121074,Cachera fregadero monocomando pfirst series pfister,36.5,28.5,7,1.28,4
5220505,Aspersin cuadrada de inoxidable REG Fermetal,29,28,8.5,1.22,4
5035117,Filtro con grifo Acqua due blanca p mesa Lorenzetti,40,28,6,0.5,4
1205012,Bandeja para semillero  huecos  Suplijardines,55,19,6,0.12,4
500168,Breaker polos A kA QO Schneider,19,18,18,1.14,4
3018017,Linterna hibrida  lm  LED  mm  hr carga RLED,23,20,13,0.58,4
5121106,Cachera lavatorio monocomando series    Pfister,26.5,12.5,17.5,0.98,4
9110187,Lijadora orbital  V VV baretool GEX LI AE Bosch,23,15.5,16,1.24,4
9200545,Codo  sanitaria campana cementada SCH  blanco  Amanco,20,20,14,0.88,4
5121070,Cachera fregadero monoc lainz pfister pfldc,38,20.5,7,0.92,4
901018,Coolant gl  Adarga,16,11,30,3.86,4
7008726,Cable ALT automotriz  AWG rojo Conducen m,24,24,9,2.42,4
7096114,Ventilador enroscable W E luz Led   k  Designers,27,19,9,0.6,4
5121164,Cabeza de ducha plast red cromo Maia  SA Pfister,24.5,22,8.5,0.42,4
8352916,Aceite penetrante WD  galn,17,11,24,3.44,4
9180118,Juego cubos esp  pzs   Stanley,30,20,7,2.4,4
0190053,Cuchara albail centroamericana  forjada  C FMI Imacasa,34,12,10,0.34,4
5120458,Cachera lavamanos bowl inox monomando cromada METB Metales Aleados,40,20,5,0.55,4
2320812,Lija madera  Abracol RPHKA paq,28.5,23.5,5.5,2.18,4
5002059,Caja organizadora mm natural XP Rimax,34.5,22,4.5,0.46,4
0490025,Prensa sargento  mm x  mm DTCP Dyllu,90,18,2,1.46,4
5120604,Grifo para lavatorio mesa pico alto oro rosa Flatt Lorenzetti,35,17,5,0.22,4
7054001,Protec de volt con RJ RJ TV UL protec para nios AV  Eagle,33,15,6,0.66,4
2321535,Disco diamantado Eco segmentado   x  x  x mm  Bosch,36,35,2,1.88,4
5120602,Grifo para lavatorio mesa pico alto cromo Flatt Lorenzetti,30,16,5,0.18,4
3033022,Sifn a la pared   metlico corrugado SIF Fermetal,31,14,5.5,0.24,4
0707041,Aspersor cabeza plstica de impulso con estaca  entradas  P I Imacasa,34,14,5,0.12,4
5120603,Grifo para lavatorio mesa pico alto blanco Flatt Lorenzetti,35,17,4,0.18,4
9200136,Codo  sanitario campana cementada SDR  gris  Amanco,19,12,10,0.2,4
7001993,Citronella  gl  Adarga,12,7,27,1.5,4
92110654,Esponja pulir suave  p pinturas oscuras  Bosch,28,20,4,0.04,4
6101519,Placa de contactos para ducha Advanced Lorenzetti,24,23,4,0.08,4
92110653,Esponja pulir amarillo  p piel de naranja y polvo  Bosch,27,20,4,0.04,4
9200153,Flanger sanitario campana cementada SCH  x  blanco  Amanco,18,17,7,0.22,4
2320408,Escurridor limpia vidrios SP XA M,27,19,4,0.08,4
6032005,Cerradura Pomo con llave Tilley Bronce Antiguo  Fanal,20,17,6,0.52,4
7054518,Protector pared blanco  tomas   USB A essential PWU APC,18,12,9,0.34,4
470559,Cuerda de polyes BGV torcida  x mt blanca madeja Kingcord,23.5,10,8,1.3,4
2352030,Pegaforte adhesivo D   gl  Sur,8,8,28,1.12,4
3300302,Cinta antideslizante  amarillo  negra mm x pies m  M,17,17,6,0.84,4
9200327,Pegamento PVC todo propsito ml  gl azul  Amanco,14,11,11,1.02,4
2320923,Lija para madera en seco Sper Flex D  paq   x  Abracol RPHCA,29,23,2.5,1.04,4
9200276,Unin transicin o reparacin SCH  blanco  Amanco,9,9,19,0.54,4
9250001,Kit unipar masilla plastica ultra soft  gl merula C Sur,11,11,12.5,1.62,4
2392372,Esmalte Fast Dry gris  g  Sur,11,11,12.5,1.16,4
4045025,Cautn w tipo lpiz SI Stanley,30,12,4,0.18,4
500191,Breaker principal A kA pcentro carga    y  esp QOMVH Schneider,13,10,11,0.62,4
9111367,Disco diamantado Standard continuo   x  x  x mm  Bosch,27,26,2,0.56,4
7550081,Centro de carga monofsico  esp A sobreponer Nema QODS Schneider,15.5,9.5,9.5,0.52,4
9200558,Codo  sanitaria campana cementada SCH  blanco  Amanco,16,8.5,10,0.4,4
2320027,Lija azul   HB paq  M,28,23,2,0.58,4
0106006,Cinta mtrica pro  x m magntica  Stanley,20,12,5,0.42,4
0540048,Llave cangrejo   Stanley,42,14,2,0.56,4
1700070,Flotador cm infantil Sea Adventures  Bestway,24,16,3,0.1,4
5120550,Pedal para cachera cromado plateado  Aqua Nuova,24.5,6.5,6.5,0.46,4
9200146,Adaptador macho campana cementada SCH crosca  blanco  Amanco,10,10,10,0.26,4
1700124,Flotador cms infantil Minnie  Bestway,20,12,4,0.12,4
0230016,Desatornillador golpe Philips punta magntica  mm x  mm DTQJ Dyllu,30,5.5,5.5,0.16,4
0230029,Set desatornilladores  pcs punta magntica DTSSA Dyllu,14,31,2,0.38,4
0506165,Alicate pcerca diablillo  LA Stanley,35,12,2,0.7,4
9101569,Mandril sierra copa ECO universal  a mm  Bosch,20,10,4,0.22,4
0164005,Martillo cabo madera  oz octagonal  Stanley,33,8,3,0.36,4
7110201,Plafn con cadena  Eagle,12,12,5.5,0.12,4
5121144,Embolo ducha serie  MaiaLainz S Pfister,20.5,8.5,4.5,0.1,4
7501692,Interruptor doble  vias  polo A marfil Nobile AFEM Bticino,16,12,4,0.08,4
7507057,Dimmer LED deslizable con interruptor  vas lnea Plata blanco W Eagle,17,9,5,0.12,4
7550759,Caja entradas marcadas  x  x mm IP color verde JSEXT Eagle,10.5,10,7,0.16,4
0506021,Alicate presin recto   Stanley,26,9,3,0.36,4
0230025,Desatornillador plano punta magntica  mm x  mm DTSD Dyllu,23,6,5,0.04,4
7501715,Interruptor triple  vias A marfil Nobile AFEM Bticino,17,10,4,0.1,4
7501949,Toma coaxial TV RJ Cat champagne Nobile AFEBCH Bticino,17,10,4,0.06,4
0230022,Desatornillador Philips punta magntica CrV  mm x  mm DTSD Dyllu,27,5,5,0.1,4
7501729,Toma triple  polos  tierra A marfil Nobile AFEM Bticino,15,11,4,0.1,4
7501945,Toma doble RJ Cat H champagne Nobile AFEBCH Bticino,18,9,4,0.06,4
0230015,Desatornillador golpe Philips punta magntica  mm x  mm DTQJ Dyllu,23,7,4,0.14,4
501517,Interruptor doble GF A V blanco PS WGGF Bticino,16,10,4,0.08,4
7501946,Toma doble RJ Cat H negro Nobile AFEANG Bticino,16,10,4,0.06,4
7507216,Dimmer para LED  vas Decor negro V Hz DMD LEDBK Eagle,8,6,13,0.16,4
7551065,Toma doble  polos  tierra GFCI A V blanco Matix Go JWGFG Bticino,8.5,5,13.5,0.14,4
92110650,Plato hule  con tuerca  Bosch,19,15,2,0.26,4
7062500,Conector doble RJ Cat blanco Sencia AP Bticino,15,9.5,4,0.06,4
5320131,Balsamo para labios escarchados morado a  aat,14,8,5,0.04,4
7501696,Interruptor triple  polo A marfil Nobile AFEM Bticino,15,9,4,0.08,4
5170520,Check pascn   mm PE Urrea,7,7,11,0.4,4
2352017,Imperfast tapagoteras blanco  gl  Sur,8,8,8,0.28,4
500126,Acople superior  p base medidor unitaria A Schneider,17,12,2.5,0.1,4
5120456,Aspersin anti calcrea  inox cuadrada ultra delgada MET Metales Aleados,7,6,11.5,0.16,4
0011162,Disco diamantado Expert para metal    x mm XLock  Bosch,16,15,2,0.12,4
5120433,Llave empotrar agua fra cromada red palanca MET Metales Aleados,10.5,5.5,8,0.3,4
501513,Interruptor sencillo GF A V blanco PS WGGF Bticino,17,9,3,0.04,4
2352019,Imperfast tapagoteras negro  gl  Sur,7.5,7,8,0.3,4
7506854,Toma de seguridad A V p W LR Eagle,17,8,3,0.1,4
7501132,Interruptor sencillo  vas A luz piloto blanco Luzica PUL Bticino,12,8,4,0.06,4
1109033,Caja cuadrada lisa xxmm gris Plexo  Bticino,8.5,8.5,5,0.06,4
5121238,Llave paso balin   PSI IVD Pfister,10,9,4,0.28,4
2352023,Pegaforte adhesivo D  oz  Sur,4.5,4.5,16,0.18,4
9111530,Disco corte Standard concreto   x  x mm  Bosch,18,18,1,0.16,4
0126000,Cutter pcartn  niveles LA Stanley,22,7,2,0.04,4
1205024,Rodenticida ratas Ratikill  gr  Suplijardines,15,10,2,0.08,4
1205027,Insecticida voladores y rastreros arpon  ml  Suplijardines,5,5,12,0.12,4
1205022,Insecticida pulgas y araas tripton  ml  Suplijardines,13,5,4.5,0.14,4
10250000,Trampa pegajosa papel  caja  pcs Cazafacil CF,22,13,1,0.02,4
9200326,Pegamento CPVC agua caliente ml gl  Amanco,5.5,5.5,9,0.16,4
7506146,Interruptor y toma AV marfil V Eagle,13.5,4,5,0.1,4
9111284,Disco diamantado Standard continuo    x  x  x mm  Bosch,16.5,16,1,0.14,4
6020454,Candado de hierro mm arco largo caja FHBGL Fanal,14.5,7,2.5,0.48,4
01754550,Aldaba   niquelada N National,12,7,3,0.06,4
0230026,Desatornillador plano punta magntica  mm x  mm DTSD Dyllu,14,5,3.5,0.04,4
0709042,Machete pulido rula    PLI Imacasa,61,4,1,0.44,4
0230017,Desatornillador Philips punta magntica  mm x  mm DTSD Dyllu,15,5,3,0.04,4
5502607,Acople enganche rpido especial AE lnea Acqua Ultra  Lorenzetti,13,8,2,0.02,4
2321533,Disco diamantado Eco segmentado   x  x  x mm  Bosch,21,19,0.5,0.38,4
0011150,Sierra copa bimetlica Eco   Bosch,7,4,6.5,0.04,4
0524120,Extensin para cubo  x   Stanley,17,5,2,0.22,4
9111556,Sierra copa bimetlica Eco   Bosch,7,6,4,0.06,4
5120426,Llave paso baln  palanca PSI MET Metales Aleados,12,7,2,0.22,4
1195021,Semilla de organo  Suplijardines,17,9.5,1,0.01,4
1195046,Semilla de girasol mini  Suplijardines,17,9.5,1,0.01,4
1195018,Semilla de mariposa mixto  Suplijardines,17,9.5,1,0.01,4
1195033,Semilla de maz dulce  Suplijardines,17,9.5,1,0.01,4
0126007,Cutter multiuso Snapoff mm STHT Stanley,22,7,1,0.04,4
0230005,Desatornillador plano punta magntica  mm x  mm DTSDA Dyllu,12,4,3,0.06,4
9130262,Disco abrasivo Multi construccin    x  x mm  Bosch,12,12,1,0.02,4
0140012,Nivel de cuerda plstico  Stanley,8,9,2,0.02,4
2321540,Disco diamantado Standard turbo para sierra mrmol  x  x  x mm Bosch,13,11,1,0.1,4
9111026,Cuchilla para cepillo mm x mm  Bosch,17,8,1,0.1,4
2392354,Endurecedor rojo para masilla catalizador  Sur,11,3,4,0.04,4
0132035,Escariador mini  Stanley,11,6,2,0.02,4
7008301,Cargador USB V A UDTFCT Dyllu,9,4.5,3,0.04,4
9112041,Hoja calar madera limpio recto TBR und  Bosch,17,7,1,0.04,4
0420154,Broca SDS plus concreto  x   UDTHD Dyllu,23,5,1,0.06,4
2610020213,Broca paleta  Dare Devil  Bosch,23,5,1,0.06,4
5170049,VALVULA DE BOLA  PVC SOLDAR LIVIANA REF   PCP,2.7,5.6,7,0.2,4
9111431,Disco corte Expert concreto     x  x mm  Bosch,10,10,1,0.06,4
0524057,Cubo largo esp  x mm pts  Stanley,11,4,2,0.12,4
0230024,Desatornillador plano punta magntica  mm x  mm DTSD Dyllu,14,3,2,0.04,4
7008302,Cable para cargador USB  m tipo A a tipo C DTUB Dyllu,12,7,1,0.02,4
92110160,Broca HSSG  blster  Bosch,19,4,1,0.08,4
9112026,Disco flap Expert metal   G  curvo  Bosch,12,12,0.5,0.06,4
2610020217,Broca paleta   Dare Devil  Bosch,18,4,1,0.06,4
0420001,Broca para azulejos HEX ceramic  x mm  Bosch,17,4,1,0.02,4
92110140,Broca HSSG   unds  Bosch,9.5,3,2,0.04,4
0420002,Broca para azulejos HEX ceramic  x mm  Bosch,8,4,1,0.01,4
0230003,Desatornillador plano punta magntica  mm x  mm DTSDA Dyllu,9,1,3,0.06,4
7550357,Interruptor  vias V Living Now k Bticino,4.5,2,3,0.02,4
3018115,Batera botn de Litio  ristra uds Duracell,19,6,0.1,0.02,4
92110578,Disco lija madera lijadora orb  G   Bosch,15.5,15.5,0.01,0.01,4
1195048,Semilla de verbena mixto  Suplijardines,17,9,0.01,0.01,4
92110612,Disco lija Best metal   G   Bosch,12,12,0.01,0.02,4
0580010,Sierra mesa  W GTS  BG Bosch,75.5,70.5,38,27.04,3
5009021,Estantera fuerte  niveles con  gavetas negro ARNG Guateplast,102,45,43,14.82,3
5002107,Cama para perro mocca XP Rimax,77,60,23,1.32,3
5004025,Estantera ventilada   niveles negro  Rimax,47,25,90,8.84,3
9914058,Ingleteadora W GCM  BG Bosch,57,39.5,41.5,15.22,3
9913078,Fregadero doble tanque cm x cm  FRE Fermetal,80,46,20,5.18,3
5002021,Papelera Style tapa vaivn L taupe XP Rimax,42,28,57,1.16,3
0640004,Set de tijeras      mm  pcs DTSX Dyllu,42.5,30.5,46.5,15.08,3
0709017,Rastrillo uso pesado con mango  dientes   BLI Imacasa,124,37,11,0.8,3
0709321,Bieldo para heno soldado  dientes mango largo  S MLI Imacasa,151,22,15,1.36,3
0709080,Escoba metlica  dientes con mango   BMI Imacasa,157,41,7,2,3
2385013,Cemento asfltico  gl  Imptek,31,31,37,21,3
17093243,Pala cafetalera Classic mango corto   BMYI Imacasa,118,37,6,2.7,3
0490031,Prensa de banco  DTBVA Dyllu,45,21,23.5,18.56,3
5004002,Basurero pedal L taupe XP Rimax,28,23,33,0.9,3
5002018,Papelera Style tapa vaivn L taupe XP Rimax,29,21,33,0.48,3
7009140,Cable THWN   azul  hilos m,27,27,27,18.2,3
5100034,Maceta ovalada rafia cm gris hielo XP Rimax,36,20,24,0.56,3
3352011,Kit balde clasico shampoo cera esponja kit Meguiars,24,24,30,3.12,3
0709266,Escoba plstica  dientes con mango   PMI Imacasa,75,63,3,0.62,3
0490022,Prensa de banco  DTBVA Dyllu,35.5,19,20,11.88,3
1210421,Equipo atomizar Torino  lt  Suplijardines,39,25,13,0.36,3
500067,Centro carga  A c tapa emp QOBNF Schneider,44.5,20.5,13.5,4.34,3
500071,Centro carga  A c tapa sob QOLS Schneider,36.5,27,12,3.5,3
5120442,Aspersin con niple anti calcrea  ABS negra cuadrada MET Metales Aleados,44,28,9,0.8,3
9200254,Ye sanitaria campana cementada SDR  gris  Amanco,30,25,14,0.78,3
7550399,Frente  emp centro carga QOLG QOCUF Schneider,49,41,4,3.14,3
3265010,Zapatos de seguridad cuero  textil punta metlica   DTSB Dyllu,31,19.5,13,1.12,3
5002062,Caja organizadora mm natural XP Rimax,33,26,9,0.48,3
3265009,Zapatos de seguridad cuero  textil punta metlica   DTSB Dyllu,31,20,12,1.14,3
9110188,Caladora V VV Brushless sin batera GST LI BE Bosch,29.5,24,10.5,2.42,3
0490021,Prensa de banco  DTBVA Dyllu,30.5,13.5,17,7.6,3
9041050,Esquinero colonial externo blanco  Amanco,26,19,14,0.24,3
9041077,Boquilla lisa terminal rectangular blanco  Amanco,22,18,17,0.36,3
0709010,Tijera para podar   con mango de espuma   I Imacasa,20,12,28,0.26,3
0709267,Escoba plstica  dientes con mango   PMI Imacasa,50,42,3,0.3,3
7550818,Caja lisa transparente xx LTR Eagle,22.5,17.5,14.5,0.62,3
7008712,CABLE ALT AUTOMOTRIZ  AWG BLANCO CONDUCEN M,26,25.5,8,3.54,3
5120443,Cachera bao monomando mezclador aspersin cuadrada palanca PRI Metales Aleados,42,21,6,1.7,3
7008048,Cable THHN   azul Conducen m,24,23,9.5,5.7,3
GA016703AV,Manmetro   PSI  NPT GAAV Campbell,24,12,18,1.98,3
5120534,Cachera fregadero  ABS mezclador cromada palanca blanca BPF Metales Aleados,32.5,18,7.5,0.48,3
1205028,Rodenticida ratas Ratikill  kg  Suplijardines,26,17,9,1.04,3
0526393,Juego desatornilladores  pzs prof magntico STHT Stanley,34,23,5,0.64,3
8670000,Llave rana cruz  x  mm   x  mm Eastman E,36,36,3,0.96,3
7041947,Lampara emergencia bloque autonom  Led Lm  Segurimax,26,23,6.5,1.86,3
0709044,Machete pulido suelo    PLI Imacasa,38,11,9,0.44,3
7008066,Cable THHN   verde Conducen m,24,23.5,6.5,2.42,3
0490011,Prensa sargento  mm x  mm DTCP Dyllu,58,18,3.5,1.18,3
07013773,Serrucho de arco para podar    PMI Imacasa,61,28,2,1,3
2320086,Lija para madera en seco Sper Flex  paq   x  Abracol RPHCA,28.5,23.5,5,1.9,3
0611025,Atornillador inalmbrico V   batera Ah  RPM Nm DTCDS Dyllu,22.5,18.5,7,1.18,3
6032600,Cerradura manija tubular Lyon nquel satinado sllave  Fanal,18,17,9,0.62,3
5120405,Cachera lavamanos inox monomando mezclador negra BLU Metales Aleados,20,16,8.5,0.72,3
1700098,Mascara essential Crusader  Bestway,19,18,7,0.12,3
7550835,Caja de piso con toma doble A V plateada FBAP Eagle,16,16,8.5,1.06,3
0162006,Marco psegueta  liviano amarillo  Stanley,49,14,3,0.44,3
0140737,Medidor laser GLM C m Bluetooth T  Bosch,15,13.5,9.5,0.54,3
2352020,Imperfast tapagoteras verde  gl  Sur,12,12,13,1.1,3
0576003,Remachadora   boquillas  Stanley,31,15,4,0.6,3
3300201,Cinta antideslizante  conformable negra para exteriores x  M,18,18,5.5,1.04,3
9180128,Cautn w tipo lpiz SI Stanley,29,12,5,0.16,3
0410299,Piqueta soldador con resorte  x   V PSI Imacasa,27,16,4,0.5,3
1500507,Soplete multiproposito  VOX,19,18,5,0.18,3
2352026,Pegaforte adhesivo D   gl  Sur,8,8,26,1.12,3
0140741,Medidor laser GLM C m lnea roja Bluetooth Y Bosch,17.5,11,8.5,0.6,3
0166009,Mazo goma  oz LA Stanley,34,8,6,0.52,3
2352013,Fastacryl aditivo para mortero  gl  Sur,11,7,21,1.1,3
92110191,Disco sierra madera Optiline    x  x mm T  Bosch,23,23,3,0.42,3
0164001,Martillo cabo de fibra de vidrio hule  oz sust  STHT Stanley,40,13,3,0.76,3
5120440,Llave empotrar mezclador cromada cuadrada palanca MET Metales Aleados,15,13,8,0.76,3
1205011,Sustrato nrdico  kg  Suplijardines,23,14.5,4.5,0.3,3
7550830,Caja de piso con toma doble A V placa dorada FBA Eagle,14,8.5,12.5,0.68,3
0420209,Kit XLine para taladrar y atornillar titanium  pzs  Bosch,17,15,5.5,0.64,3
0490015,Sargento con prensa  DTCP Dyllu,33,21,2,0.48,3
3070003,Porta herramienta mediano  mm x  mm DTTG Dyllu,27,17,3,0.12,3
500459,Supresor trifsico de sobre voltaje kA  o  hilos SDSA Schneider,14,10,9,0.46,3
0011158,Set  pzs de cubos de impacto  x mm de  a mm Bosch,30.5,7.5,5.5,2.4,3
2321539,Disco diamantado Eco turbo   x  x  x mm  Bosch,25.5,23.5,2,0.66,3
0188022,Tenaza de armador corte entero   Stanley,33,12,3,0.44,3
10250001,Trampa pega ratas  caja  pcs Cazafacil CF,28,14,3,0.16,3
0460031,Pistola de sopletear de alto performance Venturi AA Campbell,23,17,3,0.26,3
2330300,Cinta adhesiva doble cara mmxmts  Eagle,20,19,3,0.08,3
92110192,Disco sierra madera Optiline    x  x mm T  Bosch,24,23.5,2,0.44,3
2321041,Disco diamantado segmentado  x  mm DTDCK Dyllu,25,22,2,0.72,3
2321044,Disco diamantado continuo  x  mm DTDCK Dyllu,25,22,2,0.76,3
500464,Barra tierra para  circuitos PKGTA Schneider,19,11,5,0.02,3
9111148,Lija banda  x  G  paquete und  Bosch,31,11,3,0.16,3
1700123,Flotador cms infantil Mickey  Bestway,19,13,4,0.12,3
1700135,Flotador para brazos de Minnie  Bestway,19,12,4,0.1,3
1700136,Flotador para brazos de Princess Disney  Bestway,19,12,4,0.1,3
1700101,Bola de playa princesa cm  Bestway,19,12,4,0.1,3
9111168,Disco diamantado Standard continuo   x  x  x mm  Bosch,22,19,2,0.3,3
2321047,Disco diamantado continuo ultra fino  x  mm DTDCK Dyllu,28,28,1,0.66,3
5180029,Tubo abasto acero para calentador  FIP x  MNPT cm ABL Coflex,63,3.5,3.5,0.26,3
3270301,Guante anti corte talla L comfort grip WX M,25,15,2,0.08,3
0560022,Set hojas sierra caladora  pcs DTJBK Dyllu,22,17,2,0.06,3
4020452,Set de tornillos con espander  pcs DTXTB Dyllu,19.5,9.5,4,0.26,3
2321045,Disco diamantado continuo  x  mm DTDCK Dyllu,28,26,1,0.66,3
7501745,Toma doble GFCI TR  polos  tierra A marfil Nobile AFEM Bticino,16,11,4,0.14,3
7502203,Toma angulo  polos A V negro PS  Bticino,10,8.5,8.2,0.22,3
0707010,Pistola metlica recubierta con hule boquilla ajustable  M I Imacasa,18,11,3.5,0.22,3
1700092,Bola para playa Spiderman cm  Bestway,19,12,3,0.1,3
7501149,Interruptor doble  vas A luz piloto marfil Luzica PUM Bticino,17,10,4,0.06,3
0190024,Tijera aviacin Maxsteel recta amarilla   Stanley,33,8,2.5,0.46,3
0380021,Llave francesa industrial  DTAW Dyllu,24,9,3,0.16,3
7501757,Toma doble telefonico RJ H marfil Nobile AFEM Bticino,19,11,3,0.06,3
7507244,Tomacorriente TR Decor negro con cargador USB A V vcd A DWRBK Eagle,15,7.5,5.5,0.2,3
4535017,Valvula check para modelos de vt     gl cvav,14,11,4,0.12,3
0709117,Tijera para podar   con mango de vinil   I Imacasa,25,12,2,0.24,3
0230014,Desatornillador golpe plano punta magntica  mm x  mm DTQJ Dyllu,36,5.5,3,0.26,3
5120454,Aspersin anti calcrea  inox redonda ultra delgada m MET Metales Aleados,10,9,6.5,0.14,3
7501760,Toma doble RJ Cat H blanco Nobile AFEB Bticino,16,9,4,0.06,3
0640003,Tijera ergonmica  mm DTSX Dyllu,26,11,2,0.12,3
0506125,Alicate universal Basic negro  LA Stanley,28,10,2,0.42,3
1515012,Aldaba   plateada cllave N National,19,9.5,3,0.24,3
1205025,Raticida ratas cebo ramik bars  oz  Suplijardines,20,9,3,0.34,3
0380022,Llave francesa industrial  DTAW Dyllu,27,8,2.5,0.32,3
2352328,Imperfast tapagoteras negro cartucho  ml  Sur,5,5,21.5,0.4,3
7501155,Conector RJ Cat marfil Luzica PUM Bticino,12,11,4,0.04,3
500142,Breaker falla tierra  polo A kA QOGFI Schneider,12.5,9,4.5,0.24,3
0230038,Desatornillador tipo ratchet con puntas  pcs DTSSB Dyllu,14,9.7,3.7,0.34,3
92110649,Plato hule  con tuerca  Bosch,15,11,3,0.08,3
0460953,Acople de seguridad con botn de alivio  DA Campbell,15,8,4,0.08,3
6020452,Candado mm arco largo blister VFHBGL Fanal,16,10,3,0.5,3
2352021,Imperfast tapagoteras verde  gl  Sur,7.5,7.5,8.5,0.28,3
0506007,Alicate presin curvo   Stanley,26,9,2,0.4,3
0011155,Sierra copa bimetlica Eco    Bosch,10.5,8,5.5,0.14,3
4530159,Juego de fresas para esmeriladora recta AA Campbell,17,9,3,0.12,3
0380025,Llave cangrejo  DTBF Dyllu,36,6,2,0.46,3
5121212,Embolo monocomando series e  MaiaLainzBacci S Pfister,12,8,4.5,0.04,3
9200549,Ye sanitaria campana cementada SCH   blanco  Amanco,13,5.5,6,0.18,3
7506049,Placa metlica intemperie para toma A y A WP Eagle,19,9,2.5,0.18,3
961947,Adhesivo epoxico Locweld gris  Loctite,20,10,2,0.08,3
0460144,Filtro de aire para compresor  CC  DTFF Dyllu,13,7.5,4,0.1,3
4020453,Set de tornillos madera  pcs DTXSCB Dyllu,14,11,2.5,0.26,3
0709092,Macana huizute  gr  A BI Imacasa,19,5,4,0.2,3
0130002,Escuadra carpintero  x mm  Stanley,15.5,23.5,1,0.82,3
7501140,Conector datos RJ  TV blanco Luzica PUC Bticino,15,8,3,0.06,3
7062211,Conector  AWG beigerojo  paq  M,12,7.5,4,0.04,3
7506830,Conector lock A VV pW LC Eagle,10,6,6,0.2,3
01511650,Aldaba   niquelada S sust N sust N National,17,7,3,0.14,3
0506118,Alicate punta fina bsico negro  LA Stanley,22,8,2,0.18,3
7507051,Adaptador inteligente WiFi tipo cubo A V W Eagle,9.5,6,6,0.06,3
0707008,Pistola metlica para manguera   M I Imacasa,18,9,2,0.16,3
0460149,Set de acoples rpidos  piezas  DTQP Dyllu,16,8,2.5,0.16,3
0506179,Alicate punta fina Basic negro  LA Stanley,20,8,2,0.1,3
7506840,Enchufe lock A V p W LP Eagle,5.5,5.5,10,0.14,3
961917,Sellador de tuberas  acero inox  ml  Loctite,15,5,4,0.08,3
0540070,Llave corofija mm  STMT Stanley,19,5,3,0.08,3
7506848,Enchufe lock A V p W LP Eagle,5.5,5.5,9,0.14,3
0420087,Broca HSS Point TeQ   und  Bosch,17,4,4,0.52,3
7501199,Toma americano  polos A blanco Oval P Bticino,11,8,3,0.02,3
9111099,Sierra copa bimetlica Eco   Bosch,5.5,5,9.5,0.14,3
0230020,Desatornillador Philips punta magntica CrV  mm x  mm DTSD Dyllu,13,5,4,0.04,3
052440167,Toma TV blanco Oval P Bticino,10,5,5,0.02,3
9111287,Fresa router  cuarto redondo   Bosch,11,5,4.5,0.1,3
7506838,Enchufe lock A V  V p W LP Eagle,5,4.5,11,0.16,3
0420110,Brocas SDS Plus X  x  x   Bosch,41,3,2,0.2,3
9111491,Kit XPro brocas  puntas  Bosch,15,8,2,0.26,3
0420099,Brocas SDS Plus X  x  x   Bosch,37,3,2,0.12,3
8706004,Silicona en barra  pcs xmm DTGJ Dyllu,12,9,2,0.06,3
501429,Breaker atornillar  poloS A kA QOB Schneider,8,7.5,3.5,0.26,3
961912,Trabador de roscas  ml rojo  alta resistencia  Loctite,16,6,2,0.08,3
7506734,Placa sencilla vertical lnea TJ negro BK Eagle,19,10,1,0.06,3
0506020,Alicate pela cables     Stanley,19,9,1,0.1,3
9211234,Disco corte Standard for metal xx centro plano  Bosch,18,18,0.5,0.18,3
1195042,Semilla de coliflor  Suplijardines,17,9.5,1,0.01,3
1195029,Semilla de eneldo  Suplijardines,17,9.5,1,0.01,3
1195047,Semilla de pensamiento mixto  Suplijardines,17,9.5,1,0.01,3
9111111,Fresa router  reflis o ranurar   Bosch,10,4,4,0.04,3
9111180,Fresa router  biselar o ranurar   Bosch,8,4,5,0.04,3
0230042,Desatornillador golpe Phillps punta magntica  mm x  mm DTQJ Dyllu,14,2.5,4.5,0.24,3
1195041,Semilla de maz blanco  Suplijardines,17,9,1,0.02,3
1195022,Semilla de rucula  Suplijardines,17,9,1,0.02,3
0524032,Cubo largo esp  x mm  pts  Stanley,13.5,4.5,2.5,0.12,3
0420120,Broca para azulejos HEX ceramic  x  mm  Bosch,18,4,2,0.02,3
5170522,Check pascn  mm PE Urrea,9,4,4,0.18,3
2321542,Disco diamantado Standard segmentado para sierra mrmol  x  x  x mm  Bosch,13,11,1,0.1,3
9111093,Fresa router  cortar formica   Bosch,10,4,3.5,0.04,3
500164,Breaker tndem A kA QOT Schneider,8.5,8,2,0.14,3
9112036,Hoja calar madera rpido recto TD und  Bosch,17,8,1,0.04,3
92110613,Disco lija Best metal   G   Bosch,11.5,11.5,1,0.02,3
9111412,Hoja calar madera recto limpio progreso TX und  Bosch,22,6,1,0.02,3
0560021,Hoja sierra caladora  pcs corte limpio  mm  TPI DTJBD Dyllu,16,8,1,0.04,3
9111031,Fresa router  cortar formica   Bosch,10,3.5,3.5,0.06,3
9111286,Fresa router  biselar o ranurar   Bosch,10,3.5,3.5,0.04,3
9112037,Hoja calar madera curvo TD und  Bosch,17,7,1,0.04,3
9112047,Hoja calar metal recto mm bsico TA und  Bosch,17,7,1,0.04,3
9112035,Hoja calar madera rpido recto TC und  Bosch,17,7,1,0.04,3
0490026,Prensa Tipo C  DTCP Dyllu,15,7.5,1,0.42,3
0420153,Broca SDS plus concreto  x   UDTHD Dyllu,22,5,1,0.06,3
2610020215,Broca paleta  Dare Devil  Bosch,22,5,1,0.06,3
0560023,Hoja de sierra sable  flexible para metal SBF  und  Bosch,22,5,1,0.04,3
9111358,Hoja calar madera metal recto progreso TXF und  Bosch,22,5,1,0.04,3
9111279,Fresa router  media caa   Bosch,10,3,3.5,0.04,3
9111308,Hoja calar madera rpido recto UD und  Bosch,17,6,1,0.02,3
9112033,Hoja calar metal flexibleTEOF und  Bosch,17,5.5,1,0.01,3
0524008,Cubo esp  x mm pts  Stanley,3,3,10,0.14,3
2610020205,Broca paleta  Dare Devil  Bosch,18,5,1,0.04,3
2610020204,Broca paleta  Dare Devil  Bosch,22,4,1,0.04,3
0707015,Pitn para manguera de latn    B I Imacasa,9.5,3,3,0.1,3
2610020216,Broca paleta   Dare Devil  Bosch,21,4,1,0.06,3
0420005,Broca para azulejos HEX ceramic  x mm  Bosch,18,4.5,1,0.04,3
0420088,Brocas SDS Plus X  x  x   Bosch,26,3,1,0.04,3
0420089,Brocas SDS Plus X  x  x   Bosch,26,3,1,0.06,3
0420097,Brocas SDS Plus X  x  x   Bosch,26,3,1,0.06,3
0420098,Brocas SDS Plus X  x  x   Bosch,25,3,1,0.08,3
0420030,Broca HSS Cobalto   Bosch,15,5,1,0.01,3
2610020207,Broca paleta  Dare Devil  Bosch,18,4,1,0.04,3
2610017507,Broca paleta  Dare Devil  Bosch,17,4,1,0.04,3
0420028,Broca HSS Cobalto   Bosch,15,4.5,1,0.01,3
0011159,Cubo HEX impacto para techo mm   Bosch,13,5,1,0.04,3
0420038,Broca HSS Cobalto   Bosch,16,4,1,0.08,3
0420036,Broca HSS Cobalto   Bosch,16,4,1,0.04,3
0420034,Broca HSS Cobalto   Bosch,15,4,1,0.02,3
0524056,Cubo largo esp  x mm pts  Stanley,2,2,14,0.12,3
0126012,Repuesto pcutter triangular pzs  Stanley,13,4,1,0.02,3
0420109,Brocas SDS Plus X  x  x   Bosch,22,2,1,0.12,3
7551057,Interruptor  vias A V M blanco Matix Go JW Bticino,4.5,2.1,4,0.01,3
9111303,Fresa router  biselar o ranurar   Bosch,10,3.7,1,0.04,3
9111030,Fresa router  cortar formica   Bosch,10,3.5,1,0.04,3
2321058,Disco diamantado turbo    x  mm DTDCK Dyllu,17,15,0.12,0.12,3
0524018,Cubo esp  x mm pts  Stanley,7,4,1,0.06,3
01647342,Gancho con seguro niquelado  N National,6,3,1,0.04,3
9200270,Tapn macho SCH crosca   blanco  Amanco,2,2,2,0.01,3
1220002,Generador elctrico silencioso W UDTDGA Dyllu,97,57,81,172,2
3070007,Gabinete para herramientas de  cajones con ruedas  x  x  mm DTCSA Dyllu,75,52,82,56,2
5002033,Gabinete para bao con espejo blanco XP Rimax,59,40,97,12.72,2
5100046,Gavetero fique  gavetas mocca XP Rimax,49.5,48,59.5,7.14,2
5100044,Gavetero fique  gavetas mocca XP Rimax,50,49,51,6.06,2
500495,Modulo  medidores modular EZM A barras A EZM Schneider,125,38,24,29.12,2
0365019,Tronzadora  W GCO  BG Bosch,57,33,45,15.94,2
7096115,Ventilador de techo  aspas retractil W luz LED satin  Designers,53,54,28,8,2
5002095,Basurero para reciclaje L negro XP Rimax,44.5,24.5,57,2.28,2
0610206,Rotomartillo W  Joules Kg VV SDS max HD GBH  DV G Bosch,68,54,16,16.42,2
7008551,Cable TSJ x AWG negro Conducen m,40,39,34,36.26,2
0308354,Lavamanos de sobreponer blanco redondo Crati  Aqua Nuova,49,48,21,11.78,2
0709315,Pala redonda Classic mango largo   BLI Imacasa,144,20,17,1.52,2
5002101,Canasta de almacenaje con tapa,34,25,57,1.16,2
0709027,Pala redonda carrilera Classic mango largo   FBLI Imacasa,142,22,15,1.84,2
5002023,Papelera Style tapa vaivn L blanco XP Rimax,35,22,57,1.38,2
1340172,Pala redonda Combat mango corto metlico   BYMI Imacasa,99,21,21,1.6,2
5002020,Papelera Style tapa vaivn L blanco XP Rimax,30,29,48,0.88,2
7550414,Centro carga  esp A stapa QOLPG Schneider,103,38,10.5,9.96,2
5100018,Estante organizador de bao con puertas blanco XP Rimax,62,27.5,23.5,4.84,2
9100085,Azadn forjado centroamericano  lbs con mango   BPMI Imacasa,114,20,17,1.3,2
5002026,Canasta mvil ovalada blanco XP Rimax,54,38,18,1.56,2
0998015,Piso para exhibidor DTPJA Dyllu,92,40,10,6.2,2
0709316,Pala redonda Classic mango corto   BYI Imacasa,105,23,15,1.28,2
500473,Gabinete pqblqdl  x  x  Nema  sneutro QNS Schneider,69,27,17,8.12,2
5009164,Butaca para bao blanco XP Rimax,53,33,17,0.92,2
0308374,Lavamanos de sobreponer blanco cuadrado Manaus  Aqua Nuova,43,42.5,16,8.92,2
3003032,Fregadero empotrar  tanque izq peq  cm x  cm FRE Fermetal,81,51,7,2.1,2
0709118,Pala redonda Combat mango corto  C BYI Imacasa,103,22,12,1.4,2
5004004,Basurero pedal delgado L taupe XP Rimax,34,19,42,1.18,2
0709019,Rastrillo uso pesado con mango  dientes   BLI Imacasa,124,31,7,0.76,2
0590305,INVERTER V A MAUTE SIE,45.5,19,28,5.84,2
3029125,Aspiradora inalmbrica V  litros DVCW Dyllu,68.5,28,12.5,3.02,2
0709322,Bieldo cultivador soldado  dientes mango largo  E UMI Imacasa,130,13,14,0.6,2
1340173,Pala redonda Combat mango largo metlico   BLMI Imacasa,143,23,7,2.12,2
7009108,Cable THWN   negro  hilos m,28,27,29,12.82,2
5500156,Ducha Advanced blindada V W Lorenzetti,43,12,42,1.25,2
3258012,Bota de PVC Kayman negro talla,43,31,16,1.88,2
7009104,Cable THWN   rojo  hilos m,28,27,28,12.44,2
3256020,MASCARA PARA SOLDAR ELECTRNICA MSF  MAUTE,26.5,26,28.5,0.8,2
9100087,Azadn estampado piochin  lb con mango  E BMI Imacasa,140,26,5,1.84,2
0709229,Pala redonda Econo mango largo  E BLI Imacasa,140,20,6,1.26,2
7550416,Frente  emp centro carga QOLlPG QOCUF Schneider,104,40,4,6.88,2
3258018,Bota de PVC Kayman blanco talla,44,33,11,1.64,2
1210423,Equipo atomizar Torino  lt  Suplijardines,41.5,18,19.5,1.14,2
500086,Frente  sob centro carga QOLG QOCUS Schneider,97,37,4,5.36,2
0709098,Azadn forjado centroamericano  lbs con mango   BPMI Imacasa,108,31,4,2,2
0410014,Mazo mango de fibra de vidrio  lb DTHM Dyllu,89,20,7.5,6.4,2
0460137,Set de accesorios neumticos  pcs DTAX Dyllu,42.5,23.5,12.5,1.7,2
0365006,Atornillador V  bat  Ah  cargador brushless GTB  KG Bosch,35.5,30,11,3.02,2
0365020,Cepillo inalmbrico baretool GHO LI V Brushless BD Bosch,33.5,17,20.5,3.28,2
5120432,Cachera bao monomando mezclador aspersin red palanca MET Metales Aleados,43,36,7.5,1.46,2
0709204,Pala redonda cajuelera  x  Classic agrcola   X BYI Imacasa,70,22,7,0.72,2
0709175,Hacha con mango de madera  lbs  M BMI Imacasa,91,22,5,2.36,2
0709127,Mazo  lbs x  con mango de madera   BMI Imacasa,88,16,7,3.5,2
5120449,Set de accesorios para bao metalvidrio  pzs negro DAMN Metales Aleados,61,19,8.5,1.2,2
3265013,Zapatos de seguridad cuero  textil punta metlica   DTSB Dyllu,33.5,21.5,13,1.24,2
0290128,Esmeriladora   W  GWS  G Bosch,36,20,13,2.38,2
5002037,Portarrollo moca XP Rimax,35,26,10,0.54,2
0490012,Prensa sargento  mm x  mm DTCP Dyllu,110,20,4,1.66,2
0709073,Hacha con mango de madera  lbs  M BMI Imacasa,93,21,4.5,2.42,2
0490018,Prensa esquinera  mm DTACC Dyllu,53,27,6,0.92,2
9913120,Esmeriladora  W VV M GWS  S  DG Bosch,38.5,13,17,3.1,2
06019J85E1,Llave de impacto  V Nm VV baretool Brushless GDS V H JE Bosch,30,27,10.5,3.64,2
5009152,Mesa multiusos cuadrada  niveles mocca XP Rimax,34.5,34.5,7,1.1,2
0709301,Hacha con mango de madera  lbs  M BMI Imacasa,93,22,4,2.7,2
0709302,Hacha con mango de madera  lbs  M BMI Imacasa,92,22,4,2.88,2
5009145,Gancho para ropa negro paq x  reciclado XP Rimax,44,23,8,0.7,2
5120431,Aspersin anti calcrea  inox cuadrada ultra delgada MET Metales Aleados,20,20,20,0.5,2
0490020,Prensa de banco  DTBVA Dyllu,28,16,17,4.94,2
3265008,Zapatos de seguridad cuero  textil punta metlica   DTSB Dyllu,30.5,20,12,1.06,2
1340171,Pala dplex Combat   x   x  mango madera  C BLI Imacasa,120,13,4.5,2.68,2
17093225,Atomizador de presin  lt  BOMJARLI Imacasa,15.5,13.5,33.5,0.46,2
5009155,Mesa multiusos triangular  niveles mocca XP Rimax,39,19,9,0.96,2
9200219,Te sanitaria campana cementada sdr  gris,25,20,13,0.64,2
9914049,Taladro perc   W GSB  BG Bosch,29,24,8.5,2.42,2
0150004,Cizalla  DTBC Dyllu,67,22,4,2.34,2
8670001,Llave de cruz acero cromado  x  x  x  mm DTTH Dyllu,41,40,3.5,1.3,2
5120435,Cachera lavamanos bowl ABSinox monomando mezclador cromo MET MET Metales Aleados,38,25,6,1.18,2
5002115,Caja vanity infantil  rosado XP Rimax,30,14.5,12.5,0.34,2
7008714,Cable ALT automotriz  AWG negro Conducen m,27,26,7.5,3.66,2
7008724,Cable ALT automotriz  AWG negro Conducen m,24,23,9.5,2.32,2
5002072,Caja de herramientas  sin bandeja naturalnavy XP Rimax,28.5,14.5,12.5,0.34,2
2352012,Fastacryl aditivo para mortero gl  Sur,18,13.5,21,4.34,2
0707028,Porta manguera de pared plstico capacidad m  P I Imacasa,25,17,12,0.18,2
0114017,Cepillo liso   Stanley,38,16,8,2.48,2
1205000,Abono urea   kg  Suplijardines,30,20,8,1.5,2
1525020,Escuadra para estante gris  x  N National,34,28,5,0.14,2
5502186,Cernidor Acqua jet Ultra negro  cromo Lorenzetti,29,23,7,0.4,2
8690055,Inflador digital V  PSI con luz AF Campbell,23,11,17.5,1.98,2
61001097,Cernidor Maxi blanco nuevo Lorenzetti,24,22,8,0.08,2
92110200,Disco sierra madera Optiline   x  x mm T  Bosch,38,37,3,1.18,2
0709084,Corta frutas abrazadera ajustable   M I Imacasa,32,13,10,0.38,2
0174037,Nivel profe   gotas aluminio  Stanley,184,7,3,1.44,2
7008738,Cable ALT automotriz  AWG verde Conducen m,21.5,21,8.5,1.54,2
0707021,Aspersor plstico base tipo H de impulso  entradas  P I Imacasa,33,22,5,0.22,2
7009106,Cable THWN   rojo  hilos m,23.5,23.5,6.5,2.48,2
7008068,Cable THHN   azul Conducen m,23.5,23.5,6.5,2.46,2
7008062,Cable THHN   negro Conducen m,23.5,23.5,6.5,2.46,2
9130279,Cincel Hexagonal pala   x   x    Bosch,43,10,8,2.46,2
0531002,Engrasadora manual con manguera  Stanley,38,12,7.5,1.4,2
9100092,Llanta solida para carretilla de carga x   aro plstico  RE RS I Imacasa,22,22,7,2.68,2
7008064,Cable THHN   rojo Conducen m,24,23.5,6,2.44,2
1033020,Carrete motoguadaa mm x m DTJC Dyllu,22,18,8,0.38,2
5120423,Set accesorios bao ABS  pzs cromado DAM Metales Aleados,68,15,3,0.36,2
1700144,Parlante flotante bloetooth para piscina  Bestway,13,13,18,0.82,2
5502168,Cernidor ducha Acqua Star blanco Lorenzetti,23,22,6,0.3,2
0164003,Martillo cabo madera  oz octagonal  Stanley,35,12,7,0.64,2
5510002,Organizador multiuso  Basic Living,45,6,10.5,0.62,2
0709314,Barra minero  x m hexagonal   BI Imacasa,174,4,4,7.4,2
7090625,Regulador y protector  A V  tomas y RJ RSPCT Avtek,26,8.5,12.5,1.14,2
0410011,Mazo mango de fibra de vidrio  lb DTHM Dyllu,43,14,4.5,2.16,2
0130023,Cincel puo de plstico  x  x  DTCC Dyllu,32,10,8,0.64,2
0709170,Barra minero  x m x  lbs hexagonal   BI Imacasa,148,4,4,6.28,2
92110655,Esponja pulir suave  p colores claros  Bosch,28,21,4,0.04,2
0114013,Cepillo corrugado   Stanley,24,14.5,6.5,1.56,2
1040003,Mango para macana   CH MI Imacasa,136,4,4,0.56,2
7054040,Protector A V min  BTU ac SPCPATTT Avtek,18,13,9,0.16,2
0709326,Mazo  lbs x  con mango de madera   BMI Imacasa,30,14,5,1.92,2
7054041,Protector A V min  BTU ac SPCPATTT Avtek,20,13,8,0.16,2
3525168,Llave push Eco Fortti Lorenzetti,19,18,6,0.26,2
5120416,Cachera lavamanos  ABS  inox cromada copa BPL Metales Aleados,19,8,13,0.28,2
0709320,Llaneta flota esponja spero mango plstico   x   A P I Imacasa,23,10,8.5,0.3,2
9111307,Disco sierra multimaterial  mm x  x mm T  Bosch,31,30,2,1.1,2
500193,Breaker principal A kA p centro carga    esp QOMVH Schneider,14,11,11.5,0.62,2
0560013,Sierra copa diamantada  mm     Bosch,16,12,9,0.38,2
0490010,Prensa sargento  mm x  mm DTCP Dyllu,38,15,3,0.66,2
92110194,Disco sierra madera Optiline    x  x mm T  Bosch,29,29,2,0.58,2
2321872,Disco de sierra circular Eco    x  x mm T  Bosch,30,28,2,0.7,2
0576002,Remachadora  trabajo pesado  boquillas  Stanley,30,14,4,0.6,2
0590018,Pinza portaelectrodo para soldar A RF Lincoln,28,15,4,0.3,2
2505023575,Clavos de acero estriados galv  x mm  caja Angelito,15,11,10,1.28,2
7503122,Breaker principal A kA p centro carga    esp QOMVH Schneider,13.5,11,11,0.6,2
92110196,Disco sierra madera Optiline    x  x mm T  Bosch,29,28,2,0.72,2
0709015,Serrucho para podar mango de madera    PMI Imacasa,45,18,2,0.2,2
0709050,Machete pulido guapote    PLI Imacasa,54,6,5,0.38,2
1700134,Flotador para brazos de Mickey  Bestway,22,18,4,0.1,2
0230051,Set desatornilladores  pcs punta magntica DTSS Dyllu,23,17,4,0.32,2
6150017,Drenaje automatico electronico DAVJ campbell und,17.5,10.5,8.5,0.68,2
92110610,Lija banda  x  G  paquete und  Bosch,26,10,6,0.1,2
1700082,Cesta de baloncesto inflable cm  Bestway,21,16.5,4.5,0.28,2
7502900,Timbre inteligente con cmara WFSM Eagle,25,10,6,0.4,2
1205034,Insecticida voladores y rastreros prilan listo para usar ml  Suplijardines,10,6,25,0.56,2
0560010,Sierra copa diamantada  mm     Bosch,15,12,8,0.3,2
0601028,Mazo  lbs x  con mango de madera   BMI Imacasa,28,10,5,1.44,2
3352070,Limpiador de tapiceria  oz  ml G Meguiars,7,7,28,0.68,2
2320713,Lija agua  Abracol RPHLC paq,29,23,2,0.7,2
500481,Barra tierra para  circuitos PKOGTA Schneider,22,12,5,0.06,2
1525015,Escuadra para estante  x  N National,28,23,2,0.1,2
0186004,Serrucho luctador   Stanley,57,11,2,0.4,2
0709088,Macana  lbs  x    C NPI Imacasa,31,8,5,0.88,2
92110185,Disco sierra Multi Material    x  x mm T  Bosch,26,23,2,0.42,2
7550658,Conduleta tipo LR EMT   UL ELRC Topaz,20,6.5,9,0.46,2
0380023,Llave francesa industrial  DTAW Dyllu,29,8,5,0.54,2
7501721,Dimmer giratorio universal marfil Nobile AFEM Bticino,16,12,6,0.06,2
0011173,Kit XLine para taladrar y atornillar titanium set  pzs  Bosch,17,15,4.5,0.64,2
6150032,Kit de  pzas con estuche plstico MPAV Campbell,25,15,3,0.66,2
0572002,Sargento tipo c  mm  Stanley,26,14,3,1.14,2
9111146,Lija banda  x  G  paquete und  Bosch,33,11,3,0.16,2
0490029,Prensa esquinera  mm DTACC Dyllu,25,14,3,0.16,2
2321049,Disco para sierra TPI para madera   DTTCK Dyllu,26,20,2,0.32,2
7001997,Cloro granulado piscinas  tricloroisianuro Escud  Adarga,8.5,8,15,0.84,2
0709085,Corta banano  lb gr    NI Imacasa,19,15,3.5,0.24,2
3352003,Cera liquida pauto cleaner wax liquid  oz A Meguiars,9.5,4.5,23,0.5,2
9111003,Cincel Hexagonal punta   x  largo  Bosch,61,4,4,2.62,2
500091,Soporte para montaje supresores SDSA y SDSA QOSAMK Schneider,19,10,5,0.06,2
6150007,Ratchet de  libras de torque de  TLAV Campbell,29,6.5,5,1.3,2
470549,Cuerda p tendedero BGV diamante  x mt natural madeja Kingcord,24,6.5,6,0.3,2
1700093,Flotador para brazos de Spiderman  Bestway,19,12,4,0.1,2
0010066,Set de alicates mini profesional  pcs DTPS Dyllu,25,18,2,0.44,2
0590017,Pinza tierra para maquina de soldar A uso rudo WT Lincoln,20,15,3,0.28,2
0610967,Batera LiIon V Ah AU Bosch,14,8,8,0.7,2
0490028,Sargento con prensa  DTCP Dyllu,16,14,4,0.64,2
961924,Sellador de tuberas con tefln pomo de  lb  Loctite,9,9,11,0.58,2
0560006,Sierra copa diamantada  mm     Bosch,16,9,6,0.14,2
0410019,Piqueta mango de fibra de vidrio  g DTHM Dyllu,28,10,3,0.32,2
1500001,Soplete de boquilla con encendido elctrico DTFG Dyllu,21,8,5,0.2,2
92110602,Lija banda  x  G  paquete und  Bosch,23,9,4,0.06,2
0560007,Sierra copa diamantada mm     Bosch,15,9,6,0.18,2
0010055,Alicate de punta industrial  DTPL Dyllu,25,8,4,0.28,2
1205002,Abono liquido todo tipo de plantas  ml  Suplijardines,7.5,5,21,0.56,2
0709090,Macana  lbs  x   A NPI Imacasa,26,6,5,0.48,2
7501924,Dimmer giratorio universal negro Nobile AFEANG Bticino,14,11,5,0.06,2
501519,Interruptor doble GF  vias A V blanco PS WGGF Bticino,16,8,6,0.08,2
1558008,Picaporte de pie dorado  N National,27,9,3,0.3,2
3070002,Porta herramienta pequeo  mm x  mm DTTG Dyllu,16,15,3,0.08,2
0640008,Tijera hojalatero  DTAS Dyllu,32,11,2,0.54,2
7501683,Interruptor sencillo  vias  polo A marfil Nobile AFEM Bticino,16,11,4,0.06,2
9111138,Cincel SDS Max pala   x  mm x mm  Bosch,49,7,2,0.74,2
9914062,Lentes para vision laser verdes MJ Bosch,16,6,7,0.08,2
92110609,Lija banda  x  G  paquete und  Bosch,28,8,3,0.1,2
7500622,Interruptor paddle  vias  polo A M marfil Adorne ASPDW Bticino,13.5,9,5.5,0.06,2
1101001,Cuchillo rambo  pulido   PI Imacasa,44,5,3,0.26,2
0011157,Sierra copa bimetlica Eco   Bosch,12.5,9.5,5.5,0.26,2
92110127,Disco desbaste Expert V metal   x  x mm  Bosch,18,18,2,0.28,2
6150021,Juego de cincel para martillo neumtico AA Campbell,32,10,2,0.42,2
7506919,Interruptor doble lnea TJ A V SBK Eagle,17,9,4,0.08,2
7550044,Breaker atornillar  polos A kA QOB Schneider,9.5,9,7,0.5,2
0380024,Llave francesa industrial  DTAW Dyllu,33,9,2,0.82,2
6101000,Resistencia Maxi T V W Lorenzetti,18,11,3,0.02,2
5320137,Tizas para colorear el cabello fucsia a  aat,14,14,3,0.04,2
0144098,Lima plana bastarda simple con mango   Stanley,38,5,3,0.16,2
0490013,Prensa tipo C  DTCP Dyllu,19,10,3,0.58,2
7501942,Toma doble telefono RJ H negro Nobile AFEANG Bticino,19,10,3,0.06,2
92110689,Plato hule  con rosca M con velcro  Bosch,17,11,3,0.14,2
92110137,Disco corte Expert metal   x  x mm  Bosch,23.5,23.5,1,0.18,2
0190004,Tijera aviacin recta amarilla  Stanley,26,7,3,0.4,2
7501752,Toma doble telefonico RJ blanco Nobile AFEB Bticino,18,10,3,0.06,2
7501769,Toma coaxial TV  toma telefonico RJ marfil Nobile AFEM Bticino,10,18,3,0.06,2
1700080,Gorro para nadar colores  Bestway,26,10,2,0.06,2
0130006,Escuadra thrifty  cmpul  Stanley,30,17,1,0.14,2
7501764,Toma coaxial TV RJ  toma telefonico RJ blanco Nobile AFEB Bticino,17,10,3,0.06,2
0010077,Alicate universal industrial de alto torque  DTPL Dyllu,21,8,3,0.24,2
0490023,Prensa sargento  mm x  mm DTCP Dyllu,21,8,3,0.32,2
0709106,Machete pulido pchapea    PLI Imacasa,50,5,2,0.32,2
2352027,Pegaforte adhesivo D  oz  Sur,5,5,20,0.3,2
9111077,Cincel Hexagonal punta   x  largo  Bosch,40,3.5,3.5,1.96,2
0506034,Alicate para terminales elctricos    Stanley,27,9,2,0.24,2
1558003,Picaporte ccadena dorado  N National,16,15,2,0.18,2
0506123,Alicate corte diagonal bsico  LA Stanley,25,9,2,0.24,2
7501732,Toma sencillo  polos A USBA blanco Nobile AFUSBEB Bticino,12.5,8,4.5,0.08,2
9111429,Disco corte Expert concreto   x  x mm  Bosch,21,21,1,0.26,2
0011156,Sierra copa bimetlica Eco    Bosch,9.5,7,6,0.2,2
7506824,Conector lock A V p W LC Eagle,6,6,11,0.2,2
3352076,Hybrid ceramic detailer oz G Meguiars,13,5,6,0.88,2
0460143,Lubricador de aceite p compresor  cc  DTEQ Dyllu,13,7.5,4,0.1,2
9111599,Chuck p taladro con llave  mm   mm x     Bosch,12,5,6.5,0.66,2
92110607,Lija banda  x  G  paquete und  Bosch,24,4,4,0.12,2
0572000,Sargento tipo c  mm  Stanley,16,8,3,0.56,2
0540114,Llave francesa cromada  LA Stanley,27,7,2,0.26,2
1205021,Molusquicida babosas y caracoles rogor  gr  Suplijardines,17,11,2,0.2,2
0490027,Prensa Tipo C  DTCP Dyllu,22,11,1.5,0.92,2
9111489,Chuck cnico  para taladro pedestal   Bosch,11,5.5,6,0.62,2
4530241,Hoja pcaladora manual    Stanley,24,5,3,0.02,2
0572001,Sargento tipo c  mm  Stanley,20,18,1,0.7,2
2321537,Disco diamantado Eco turbo    x  x  x mm  Bosch,14,12,2,0.14,2
7002035,Amarra plstica  x  mm  negra  unds B Coninca,18,9,2,0.02,2
9111351,Chuck  x   Bosch,12.5,4.5,5.5,0.36,2
7506842,Enchufe lock A V p W LP Eagle,5.5,5.5,10,0.14,2
1205026,Insecticida voladores y rastreros prilan  ml  Suplijardines,5,5,12,0.12,2
9914053,Modulo Bluetooth con batera V GCY  ALW Bosch,10,10,3,0.1,2
0540111,Llave francesa cromada  LA Stanley,21,7,2,0.14,2
7500698,Breaker  polos A FNCEW Bticino,9,8,4,0.24,2
92110146,Broca HSSG   unds  Bosch,14,5,4,0.3,2
0118080,Cincel acero templado  x   Stanley,28,5,2,0.14,2
1205023,Insecticida moscas zancudos mosquitos rutel  ml  Suplijardines,5,5,11,0.14,2
7506834,Conector lock A V p W LC Eagle,5.5,5.5,9,0.16,2
7506828,Conector lock A V p W LC Eagle,9,5.5,5.5,0.16,2
7506532,Interruptor sencillo lnea TJ negro SBK Eagle,9,6,5,0.02,2
0524053,Cubo esp  x mm pts  Stanley,5,5,10.5,0.16,2
9111320,Disco diamantado Standard segmentado    x  x  x mm  Bosch,17,15,1,0.14,2
4530157,Fitting niple  NPT x  NPS para compresor MPAV Campbell,12,7,3,0.04,2
2321032,Broca diamantada en hmedo  mm   Bosch,14,6,3,0.04,2
7503051,Breaker atornillar  poloS A kA QOB Schneider,8,7,4.5,0.24,2
3352107,Natural shine  ml G Meguiars,6,1.5,27.5,0.56,2
2375007,Pegaforte cemento PVC transparente  gl  Sur,5.5,4.5,10,0.26,2
0011154,Sierra copa bimetlica Eco    Bosch,7.5,5,6.5,0.08,2
0420148,Broca escalonada    UDTJD Dyllu,13.5,6,3,0.02,2
7503055,Breaker atornillar  poloS A kA QOB Schneider,8,7.5,4,0.24,2
92110227,Disco desbaste Standard metal   x  x mm  Bosch,16,15,1,0.36,2
1190102,Tijera para podar  de paso mango plstico   I Imacasa,20,6,2,0.14,2
0560003,Sierra copa diamantada mm    Bosch,17,7,2,0.08,2
9111171,Fresa router  reflis o machihembrar   Bosch,10,5,4.5,0.1,2
0420149,Broca escalonada    UDTJD Dyllu,14,6,2.5,0.06,2
10250003,Trampa pega cucarachas sobre  pcs Cazafacil CF,26,8,1,0.04,2
1535263,Juego rodin para portn con soporte  lb par N National,13,4,4,0.36,2
9111132,Fresa router  biselar o ranurar   Bosch,10,4.5,4.5,0.12,2
0230050,Set desatornilladores  pcs punta magntica DTBSB Dyllu,10.5,6.35,3,0.24,2
2321820,Disco flap T   x  G  Abracol RDAAZ,10,10,2,0.06,2
7550646,Conduleta tipo LL EMT  UL ELLC Topaz,10,4,5,0.12,2
9111255,Cincel SDS Plus pala   x  mmxmm  Bosch,33,6,1,0.38,2
2321031,Broca diamantada en hmedo  mm   Bosch,14,7,2,0.04,2
0540348,Juego llaves navaja torx pro  pzs  Stanley,17,4.5,2.5,1.16,2
9111206,Hoja de sierra sable  flexible para metal madera SVF  Bosch,37,5,1,0.08,2
0460945,Reductor  m NPT a  h NPT  PAAV Campbell,12,7,2.2,0.02,2
9111199,Adaptador SDS plus sin chuck  Bosch,13,7,2,0.06,2
9111029,Fresa router  reflis o ranurar   Bosch,9,5,4,0.04,2
0420113,Brocas SDS Plus X  x  x   Bosch,30,3,2,0.18,2
0524200,Cubo largo esp  x mm pts  Stanley,14,3.5,3.5,0.22,2
0011149,Sierra copa bimetlica Eco   Bosch,7,6,4,0.02,2
2321034,Broca diamantada en hmedo  mm   Bosch,14,6,2,0.04,2
0420123,Brocas SDS plus X  x  x   Bosch,41,4,1,0.08,2
1195044,Semilla de calndula  Suplijardines,17,9.5,1,0.01,2
1195045,Semilla de cosmos mixto  Suplijardines,17,9.5,1,0.01,2
0526232,Alicate multiuso  en  blster  Stanley,32,5,1,0.4,2
0580325,Hoja de sierra sable  para reparar tarimas  und SVFR   Bosch,29,5.5,1,0.14,2
9111222,Fresa router  pecho paloma   Bosch,7,4.5,5,0.1,2
2321033,Broca diamantada en hmedo  mm   Bosch,13,6,2,0.04,2
9112038,Hoja calar madera gruesa rpido recto TD und  Bosch,22,7,1,0.06,2
0506117,Alicate corte diagonal bsico  LA Stanley,22,7,1,0.18,2
0011152,Sierra copa bimetlica Eco    Bosch,6,3.5,7,0.08,2
7506742,Placa triple lnea TJ negro BK Eagle,16,9,1,0.04,2
2321544,Disco diamantado Standard liso pcermica para sierra mrmol  x mm x  x mm  Bosch,13,11,1,0.1,2
7054060,Supresor ptableros de dist  VAC  KA SPD Avtek,9.5,7.5,2,0.12,2
9130213,Broca concreto Impact CYL  x   und  Bosch,14,5,2,0.26,2
9111068,Fresa router  reflis o ranurar   Bosch,10,4,3.5,0.04,2
9111247,Fresa router  reflis o ranurar   Bosch,7,4,5,0.04,2
9111008,Llave chuck  taladro pedestal  Bosch,13,5,2,0.08,2
7503131,Breaker  polo A kA QOVH Schneider,7,6,3,0.12,2
9111271,Hoja de sierra sable  progressor para metal madera SXF  Bosch,25,5,1,0.08,2
0130025,Cincel SDS plus de punta  x mm DTGZ Dyllu,30,4,1,0.22,2
2610020206,Broca paleta  Dare Devil  Bosch,20,6,1,0.04,2
2610020214,Broca paleta  Dare Devil  Bosch,22.5,5,1,0.06,2
9130214,Broca concreto Impact CYL  x   und  Bosch,18,6,1,0.32,2
2610020210,Broca paleta  Dare Devil  Bosch,21,5,1,0.04,2
9111329,Hoja de sierra sable  flexible para metal madera SHF  Bosch,19,5.5,1,0.1,2
2321876,Disco de sierra circular Eco   x  x mm T  Bosch,26,2,2,0.9,2
2610020208,Broca paleta  Dare Devil  Bosch,20,5,1,0.04,2
0540076,Llave corofija mm  Stanley,24,4,1,0.2,2
9111069,Fresa router  media caa   Bosch,8,3,4,0.06,2
9130212,Broca concreto Impact CYL  x   und  Bosch,15,6,1,0.12,2
5170518,Check lineal  mm N Dica,5,4,4.5,0.14,2
2610020211,Broca paleta  Dare Devil  Bosch,22,4,1,0.04,2
2610020218,Broca paleta   Dare Devil  Bosch,22,4,1,0.06,2
0130026,Cincel SDS plus tipo pala  x  mm x  mm DTGZ Dyllu,29,3,1,0.24,2
0524019,Cubo esp  x mm pts  Stanley,3,3,9.5,0.1,2
92110141,Broca HSSG   unds  Bosch,7,4,3,0.08,2
5120538,Embolo para cachera fregadero bpf  bpf BPFC Metales Aleados,7,6,2,0.02,2
0420006,Brocas para azulejos CYL ceramic  x mm  Bosch,18,4.5,1,0.04,2
0420039,Broca HSS Cobalto   Bosch,20,4,1,0.12,2
9111374,Cuchilla cepillo reversible mm x mm  Bosch,15,5,1,0.02,2
0580006,Hoja de sierra sable endurance for heavy metal SCHM   Bosch,15,5,1,0.02,2
6095230,Gancho U con placa  x   x   N National,9,4,2,0.06,2
9111007,Cincel SDS Plus plano  x  mm x mm  Bosch,25,2.5,1,0.24,2
1535037,Gancho en S abierto   N National,5,3,4,0.02,2
5120544,Embolo para llave met  met METC Metales Aleados,6,5,2,0.04,2
0524239,Cubo esp  x mm pts  Stanley,7,4,2,0.08,2
2610020209,Broca paleta  Dare Devil  Bosch,11,5,1,0.04,2
9112043,Hoja calar Expert madera recto extra limpio TB  und  Bosch,11,5,1,0.02,2
9130210,Broca concreto Impact CYL  x    und  Bosch,11,5,1,0.08,2
9111009,Llave chuck  y   Bosch,11,5,1,0.06,2
0420079,Broca HSS Point TeQ   und  Bosch,9,2.8,2,0.04,2
5120537,Embolo cachera lavam y freg bmf       BMFC Metales Aleados,7,7,1,0.08,2
6095228,Gancho U con placa  x   x   N National,6,4.5,1.5,0.04,2
0611700,Punta Phillips extra dura PH  bli   Bosch,10,4,1,0.02,2
0524115,Extensin para cubo  x   Stanley,10,4,1,0.12,2
9111370,Hoja calar metal recto mm limpio progreso TX und  Bosch,7,5.5,1,0.02,2
6100261,Oring tradicado b nuevo Lorenzetti,13,13,0.2,0.01,2
0524199,Cubo largo esp  x mm pts  Stanley,11,3,1,0.18,2
0540061,Llave corofija mm   STMT Stanley,11,1.5,1.5,0.02,2
92110625,Disco lija Best metal  G   Bosch,18,18,0.01,0.06,2
92110637,Disco lija Expert madera y metal  G   Bosch,13,13,0.01,0.04,2
909163,Adaptador macho PVC  presin SCH  Amanco,3.5,3.5,5,0.02,1
914136,Tapn hembra PVC presin SCH   Amanco,3,3,2.5,0.02,1
7550756,Caja con entradas roscadas xx IP JS Eagle,10,10,6.5,0.16,1
3589019,Eag toma triple parche,16,8,3,0.1,1
2330185,Cinta doble propsito PST int  ext negra  tiras  x   M,16,12,1,0.02,1
2330180,Cinta doble propsito P interiores  x m blanca  M,15,10,1,0.02,1
945157,Pegamento PVC ml  Amanco,4,17,3,0.06,1
0709202,Rastrillo jardinero  d cmango ima  bli,35,23,8,0.86,1
0709036,Macana con cabo c uli imacasa,160,11,4,1.74,1
9200598,Kit de reparacin para tanque de agua  Amanco,9.5,5,7,0.06,1
915699,Unin PVC  reparacin presin SCH  Amanco,13,4.5,6,0.22,1
0611016,Sierra circular   V Brushless GKS LI   bateras Ah  CE Bosch,45.5,30,25.5,4.38,1
0610971,Taladro percutor  mmv  nm  brushless  baretool je bosch,44.5,35,14,4.54,1
9210125,Demoledor kg w  gpm  joule sds cmaletin bosch gsh  g,48.5,42,14.5,9.54,1
0110066,Caja herramientas  tapa organizadora y bandeja cierre plstico Rimax,33.5,15,16,0.7,1
0110065,Caja herramientas  tapa organizadora y bandeja cierre plastico Rimax,45,22,21,1.26,1
0110062,Caja herramientas  tapa organizadora cierre plstico Rimax,47,25,23,1.38,1
7401007321021,Tapagoteras pasta Sista  gl,5,4.5,9,0.26,1
079340374218,Traba roscas rojo ml  Loctite,15,14,1,0.02,1
0110069,Organizador modular  filas Rimax,31,15,28.5,1.2,1
900991,Amarra plastica x mmblanca coninca unds n,47,16,3.5,0.54,1
4535005,Manguera para lavadora presion  x  camp pw,6,5.5,22.5,0.06,1
262602,Inodoro blanco econmico palanca lateral  pz  SDGASR Bruder,46.5,41,23.5,15.26,1
0580002,Sierra ingleteadora telescopica tcms d  w classic einhell,80,59,47,18.8,1
3570008,Eag socket dhule para intemperie,16,8,4,0.04,1
9111487,Disco corte metal xx bosch acc,36,36,0.5,0.64,1
2321532,Disco diamantado Eco segmentado    x  x  x mm  Bosch,14,12,2,0.14,1
2321375,Disco lija madera lijadora orb  grano  bosch,13,13,0.01,0.01,1
2321371,Disco lija madera lijadora orb  grano  bosch,13,13,0.01,0.01,1
2321374,Disco lija madera lijadora orb  grano  bosch,13,13,0.01,0.01,1
7034337,Conduleta tipo T EMT   UL ETC Topaz,20.5,8,8,0.5,1
500175,Breaker atornillar falla tierra  polo A p NQ QOBGFI Schneider,14,10,3.3,0.24,1
7453021616287,Bombillo LED GU W V K lm RLGUWW Rca,8.5,3.5,6,0.02,1
T0275,Valvula de seguridad check,4,1.5,1.5,0.04,1
70011050,Mecha para antorcha  adar  unid,20,2,2,0.02,1
160580652501,Caja de engranajes  g,11,11,14,0.94,1
082901109907,Felpa pintar  mano ace  x,33,8,11,0.32,1
0709311,Atomizador  litro atodomli imacasa,32,19,13,0.1,1
1109028,Reduccin de presin SCH   x   Amanco,3,3,3,0.02,1
913070,Reduccin PVC  x   drenaje SCH  Amanco,17,11,5,0.18,1
945156,Pegamento PVC ml  Amanco,17,4,3.5,0.04,1
0420076,Broca HSS Point TeQ   und  Bosch,9,2.5,1.6,0.04,1
9111115,Sierra copa tradic  mm  bosch,6.5,4,5,0.04,1
2324008,Set  hojas para caladora bosch acc,15,12,3,0.18,1
038877445136,Llave compuerta pp  v,10,9,5,0.56,1
038877445167,Llave compuerta pp  v,18,7.5,7,1.6,1
0526388,Desatornillador max steel v phillips  x  stanley,27,5,5,0.1,1
915697,Unin PVC  reparacin presin SCH  Amanco,9,3,4,0.08,1
915698,Unin PVC  reparacin presin SCH  Amanco,14,6,5.5,0.14,1
915602,Unin PVC  presin SCH  Amanco,4,3,3,0.02,1
9200530,Reductor sanitario campana cementada SCH  x   blanco  Amanco,14,11,8,0.22,1
908581,Codo PVC    presin SCH  Amanco,8,8,5,0.08,1
7501012,Interruptor sencillo A blanco Radiant TMW Bticino,10,3.5,3.7,0.04,1
7550468,Cubierta USB M blanco Living Now KWC Bticino,12,5,1,0.01,1
908643,Unin PVC  presin SCH  Amanco,3,3,4.5,0.02,1
914184,Tapn macho PVC  c rosca presin SCH  Amanco,3,3,2.8,0.01,1
914360,Te PVC  presin SCH amaco  Amanco,6,5,5,0.04,1
9200184,Tapn hembra sanitario campana cementada SCH  blanco  Amanco,9,9,2.5,0.04,1
909106,Adaptador hembra PVC  presin SCH  Amanco,4.2,3,3,0.02,1
1109024,Unin conduit UL   Amanco,4,3,7,0.02,1
914356,Te PVC  c rosca presin SCH amaco  Amanco,6.5,4.8,3,0.04,1
1109020,Conector macho conduit UL   Amanco,4,3.5,3.5,0.02,1
909880,Codo  crosca PVC presin SCH   Amanco,4.2,4.2,3,0.02,1
9200137,Adaptador macho campana cementada SCH crosca   blanco  Amanco,4,2.5,2.5,0.01,1
9200553,Ye sanitaria campana cementada SCH  blanco  Amanco,9.5,8.5,5.5,0.12,1
909883,Codo PVC   c rosca presin SCH  Amanco,5,4,4,0.02,1
9200532,Ye sanitario campana cementada SCH  blanco  Amanco,17,13,7,0.26,1
914355,Te PVC  presin SCH  Amanco,7,5,3,0.02,1
909159,Adaptador macho PVC  presin SCH  Amanco,4,3,3,0.01,1
3554001,Eag dimmer dplaca,5,3.5,2.4,0.01,1
7005417,Unidad interna audio h  intercom bticino,36.5,15,8.5,0.5,1
7501961,Cubierta USB M blanco Living Now KWC Bticino,12,3,1,0.01,1
7507126,Interruptor sencillo  vas A blanco Sencia AP Bticino,15,10,5,0.06,1
7005416,Kit intercomunicador video pantalla  H blanco  Bticino,31.5,22.5,9.5,1.02,1
744100270047,Masking tape Tartan  x  mts   M,11,4,5,0.12,1
7501906,Soporte  salida ps wpwh bticino,15,10,1,0.02,1
7506181323134,Plafon color blanco superficial w pb oval bticino,16,15,5,0.08,1
7441031004231,Bt toma magic tv e,11,7,3,0.02,1
023690006,Libreta codi nmeros y smbolos spb   unid M,15,10,1,0.06,1
021070001,Limpiador contactos ml NOVEC  und M,6.5,6.5,20.5,0.42,1
3589001,Eag toma  A empotrar,20,13,5,0.14,1
3570004,Eag socket metlico con cadena,17,8,4,0.04,1
3556002,Eag base para tubo fluorescente  pin,19,9,4,0.02,1
8151011,Foco led recargable rayo rledvf  unid,22,11,9,0.22,1
7503504,Breaker  polos A kA proyectos QO Schneider,9,7,4,0.26,1
052440041,Enchufe bipolar c puesta a tierra pt negro bticino accesorios bticino,5,3,2,0.04,1
051340180,Cerradura sobreponer izq beige unid Fanal,18,18,8,0.78,1
0365202,ROUTER W  HP EVS BOSCH,30.5,24,19.5,5.02,1
5003300,COMBO BASURERO DE PEDAL L  PZAS L BASIC LIVING,34,34,68,5.08,1
500402,Modulo  medidores fijo MP A barras A MP Schneider,164,65,24,40,1
7550454,Modulo  medidores clase  A EZM Schneider,158,51,25,52.06,1
5009020,Estantera modular  niveles negro xx cm ARNG Guateplast,82,36,47,10.66,1
500151,Medidor modular A emp V EZMTB Schneider,79,53.5,22,19.44,1
7008500,Cable TSJ x AWG negro Conducen m,52,49,24,31,1
5203505,Orinal mingitorio blanco MC Lorenzetti,56,32,33,10.36,1
7008011,Cable THHN   rojo Conducen m,40,40,34,70.18,1
9914063,Nivel lser giratorio GRL  HV cmaletin  Bosch,49,27,40,7.26,1
1030004,Motoguadaa V sin batera Brushless VV GRT V D Bosch,162,23,14,6.1,1
7008036,Cable THHN   blanco Conducen m,39,39,34,69.98,1
9100086,Azadn forjado centroamericano lb mango metlico de    BI Imacasa,112,20,20,2.36,1
500122,Base medidor nema R c prevista p breaker s acople MSJCBM Schneider,48.5,36,25.5,11.88,1
0610023,Rotomartillo W  Joules Kg VV HD SDS max GBH  DV G Bosch,60.5,39.5,15,13.58,1
5009162,Canasta fique L lavanda XP Rimax,46,36,21,0.64,1
0611554,Rotomartillo W  Joules  Kg VV HD SDS max GBH  D G Bosch,60.5,39,14.5,10.82,1
7550045,Centro carga  esp A c tapa para intemperie Nema R QOLPGRB Schneider,61,39,13,11.36,1
7008035,Cable THHN   azul Conducen m,29,27,37,28.74,1
7008131,Cable THHN   blanco Conducen m,30,29,33,36.32,1
7008051,Cable THHN   negro Conducen m,29,29,33,36.2,1
0611556,Rotomartillo W  Joules Kg GBH  DRE AG Bosch,47,35.5,13.5,5.84,1
5502188,Cernidor ducha Acqua duo negro oro rosa Lorenzetti,53,52,8,0.92,1
06019K00G0,Llave de impacto  V Nm VV bat Ah Brushless GDS V KIT KG Bosch,38.5,35.5,13,4.82,1
3029126,Robot aspiradora DARVW Dyllu,42.5,11,38,3.34,1
8352900,Dispensador manual para toallas de papel mltiples xxcm PLAA Metales Aleados,25,22,32,1.78,1
0611003,Kit taladro GSB LiLlave de impacto GDX Li  bat GG Bosch,44,30,12.5,5.36,1
7054529,UPS de respaldo VA V AVR BVXLULM APC,37,18.5,23.5,4.88,1
5121076,Cachera fregadero cuello alto Bacci  FRYC Pfister,72.5,25,7,2.46,1
0611623,Taladro perc Inalmbrico GSB LI bat FG Bosch,35.5,30,11.5,3.38,1
0998012,Repisa para exhibidor DTPJA Dyllu,90,37,3,2.4,1
1019130,Hidrolavadora inalmbrica V  bar DTQX Dyllu,28,20.5,17,1.44,1
5502167,Cernidor ducha Acqua Storm negro con cromo Lorenzetti,54,22,7,0.76,1
7008702,Cable ALT automotriz  AWG blanco Conducen m,28.5,28,10,5.72,1
5002089,Organizador modular gavetas  x mm azul Rimax,30.5,14,18,0.88,1
5320198,Carro x model car rc  surt blancorojo a ww,38,15,13,0.48,1
7008708,Cable ALT automotriz  AWG verde Conducen m,29.5,29,8.5,5.58,1
0611625,Atornillador de impacto inalmbrico V GDR LIbat FG Bosch,28,26,9.5,2.06,1
5502170,Cernidor ducha Loren shower Lorenzetti,38,20,9,0.26,1
7008700,CABLE ALT AUTOMOTRIZ  AWG AZUL CONDUCEN M,28.5,28.5,8,5.74,1
0611550,Atornillador de drywall W GSR  E G Bosch,29.5,26,8,1.8,1
7008716,Cable ALT automotriz  AWG rojo Conducen m,28,27.5,7,3.56,1
9110126,Lijadora orbital  W GEX  AE G Bosch,23,13,17,1.68,1
0610037,Starter kit V A cargador   bateras V Ah GAL V ARN Bosch,26,19,10,1.34,1
500410,Breaker industrial  polos A V kA QDL Schneider,24.5,15,12.5,1.54,1
9200176,Codo  campana cementada SCH presin  blanco  Amanco,18,17.5,13,0.9,1
9200359,Unin tope campana cementada SCH  blanco  Amanco,16,16,15,1.34,1
9041938,Codo  x  SCH presin  Tubrica,19,15,13,0.82,1
033010025,Lija madera  uu paq   M,29,25,5,1.44,1
3003005,Cachera para fregadero  monomando con tubos abasto GRI Fermetal,32,15,7.5,1.02,1
61003013,Manguera con pistola para lava cabezas Lorenzetti,26,24,5,0.24,1
5502159,Cernidor Top Jet Lorenzetti,23,15,9,0.22,1
0576000,Remachadora  posicin trabajo pesado MRC Stanley,38,20,4,0.94,1
7054511,Regleta supresora negra  tomas   USB   puerto tipo A de A  pies PEU APC,14,12,18,0.78,1
5502281,Cernidor ducha Acqua duo negro con cromo Lorenzetti,54,22,2.5,0.94,1
0114015,Cepillo liso   Stanley,25.5,14.5,8,1.82,1
5009113,Secadora cabello eco compacta con concentrador remington d,25,14.5,8,0.56,1
2320814,Lija madera  Abracol RPHKA paq,28,23,4.5,1.72,1
3525082,Duchita blanca Lorenzetti,24,17,7,0.12,1
0186014,Serrucho profesional   Stanley,62,15,3,0.58,1
0570008,Pistola para pintar con aergrafo  oz DHAV Campbell,22.5,16.5,7,0.58,1
92110201,Disco sierra madera Optiline   x  x mm T  Bosch,38,34,2,1.18,1
0611026,Atornillador inalmbrico percutor V  bateria Ah  RPM Nm DTCDS Dyllu,23,18.5,6,1.18,1
0186011,Serrucho tiburn prof   Stanley,49,13,4,0.36,1
13049,Exhibidor E GU  V RLST RCA,20,15,8,0.36,1
3525452,Cernidor beige para bellobanho Lorenzetti,19,15,8,0.08,1
92110188,Disco sierra Multi Material   x  x mm T  Bosch,38,37,1.5,1.3,1
0200100,Set de  cuchillos  chaira  pz acero inox hamilton beach hda,37,19,3,0.54,1
7501214,Kit timbre inalambrico comfort pulsador IP redondo negro G Bticino,22.5,15,6,0.26,1
1700084,Set piscina inflable aros colores cm x cm  Bestway,17,12.5,8,0.52,1
92110656,Disco mota de lana bonete  pulir  Bosch,28,20,3,0.04,1
2321980,Disco sierra circular multimaterial    x  x mm T  Bosch,31,26,2,0.68,1
6032670,Cerradura doble paso beige izquierda NBI Fanal,16,12,8,0.76,1
7502902,Control inteligente de riego WiFi WFSM Eagle,17,16,5.5,0.46,1
0183090,Serrucho  bimaterial STHTLA Stanley,61,12,2,0.5,1
2330409,Hang tab  transparente  M,16,8,11,0.32,1
9130278,Disco sierra multimaterial   x  x mm T  Bosch,38,37,1,1.32,1
5320208,Vehiculos trafico urbano set de  a  wwa,29.5,9,5,0.16,1
38070034,Guante anti corte talla XL comfort grip WX M,26,17,3,0.08,1
5320059,Vehiculos swat us display surt a co,18.5,14,5,0.12,1
2320028,Lija azul   HB paq  M,28,23,2,0.56,1
0540037,Juego llaves corofijas pzs mmmm  Stanley,28,11,4,0.94,1
470523,Cuerda de polip v torcida de dos hebras  mm x mt blanca bobina Kingcord,16,8.5,9,0.42,1
0176001,Pata de chancho   Stanley,62,6,3,1.54,1
0176000,Pata de chancho   Stanley,46,9.2,2.6,0.88,1
7002038,Amarra plstica  x  mm  blanca  unds N Coninca,31,11,3,0.1,1
3300303,Cinta antideslizante bao mmxm transparente   M,15,11,6,0.24,1
7601208,Sensor de techo ultrasnico hasta  pies dual MDCV Eagle,13,12.5,6,0.18,1
7501719,Pulsador  polo A marfil Nobile AFEM Bticino,16,12,5,0.06,1
9111052,Broca SDS Max X  x  x   Bosch,53,4,4.5,1.54,1
7501753,Toma sencillo telefonico RJ H marfil Nobile AFEM Bticino,17,11,4,0.06,1
7500692,Interruptor  polos A gris G Bticino,13.5,8.5,6.5,1.44,1
7507102,Interruptor doble  vas negro tecla lisa TJ SBK Eagle,18,10,4,0.1,1
500145,Breaker falla tierra  polos A kA QOGFI Schneider,13,5,10.5,0.42,1
9130255,Broca SDS Max X  x  x  speed x  Bosch,34,4,5,0.64,1
1558090,Picaporte ccadena niquelado  N National,25,9,3,0.36,1
501433,Breaker falla arco  polos A kA v QOCAFI Schneider,14,8.5,5.5,0.44,1
0540034,Juego llaves allen pzs mm  Stanley,20,10,3,0.12,1
2320414,Rodillo quita pelusa  hojas  M,23,5,5,0.06,1
7503603,Breaker atornillar  polos A kA QOB Schneider,9,9,7,0.5,1
0130338,Cincel Hexagonal plano     Bosch,35,4,4,2.02,1
9111328,Disco vaso amolador   plano grueso  Bosch,15,12,3,0.28,1
7501933,Toma triple  polos  tierra  toma USBA champagne Nobile AFEBCH Bticino,15,8,4.5,0.1,1
7500903,Caja empotrar para mecanismo  Eagle,18,10,3,0.04,1
8671021,Medidor de inflador de llanta con vlvula de alivio DA Campbell,19,7,4,0.14,1
7506084,Toma doble Decor grado industrial tierra aislada A V IGRD Eagle,19,9,3,0.08,1
610059801,Biela para compresor camp vtav,17,10,3,0.08,1
9111184,Disco vaso amolador   plano fino  Bosch,15,13,2,0.26,1
9111225,Cincel Hexagonal punta   x  autoafilable  Bosch,40,3.2,3,1.64,1
9111256,Disco vaso amolador   curvo medio  Bosch,15,12.5,2,0.28,1
500169,Breaker atornillar  polos A kA QOB Schneider,10,9,4,0.32,1
1700096,Anteojos para piscina Aqua Burst essential  Bestway,20,8,2,0.04,1
7503065,Breaker atornillar  poloS A kA QOB Schneider,8.5,7.5,5,0.32,1
500302,Breaker atornillar  poloS A kA QOB Schneider,9,7,4.5,0.26,1
5502608,Acople enganche rpido lnea Acqua a  Lorenzetti pzas,12,6,3,0.01,1
7506730,Placa sencilla vertical lnea TJ blanco W Eagle,20,9,1,0.06,1
052440132,Placa nuva  huecos beige Magic NUB Bticino,17,10,1,0.02,1
9180053,Alicate cortante  LA Stanley,20,8,1,0.1,1
0420083,Broca HSS Point TeQ   und  Bosch,12,5,2.5,0.14,1
9111266,Cincel SDS Plus pala   x  mmxmm  Bosch,34,4,1,0.3,1
9111126,Clavador SDS Plus mm x mm  Bosch,16,4.5,1,0.04,1
