rcl_codigo,rcl_nivel,rcl_subnivel,articulo,cantidad
RCL101-C001,2,1,2352346,32
RCL101-C001,2,1,3352175,79
RCL100-C001,1,1,9041260,66
RCL101-C001,4,1,3352170,230
RCL101-C001,4,1,2352343,30
RCL101-C002,1,1,2352345,12
RCL101-C002,1,1,2352341,47
RCL101-C002,2,1,2352340,14
RCL101-C002,2,1,2352338,59
RCL101-C002,3,1,2352337,34
RCL101-C002,4,1,3352146,23
RCL101-C002,4,1,0748016,14
RCL101-C002,4,1,3352177,22
RCL101-C003,1,1,3352171,62
RCL101-C003,1,1,3352140,51
RCL101-C003,2,1,2352344,36
RCL100-C001,5,1,9041268,16
RCL100-C002,1,1,9041279,25
RCL101-C003,2,1,3352149,45
RCL101-C003,3,1,3352178,84
RCL101-C003,3,1,2352336,21
RCL101-C003,4,1,3352176,308
RCL101-C003,4,1,3352152,2
RCL101-C003,4,1,3352154,258
RCL101-C003,4,1,3352173,66
RCL102-C001,4,1,7502430,1125
RCL103-C001,2,1,5001431,659
RCL103-C001,3,1,6032634,424
RCL104-C001,2,1,4020230,111
RCL104-C001,3,1,4020210,142
RCL104-C001,3,1,4020212,160
RCL104-C001,4,1,5180018,176
RCL104-C002,4,1,038070020,166
RCL104-C003,4,1,0140033,17
RCL105-C001,4,1,6032630,76
RCL100-C003,1,1,9041205,57
RCL105-C002,3,1,6032632,152
RCL105-C002,4,1,5120403,62
RCL105-C003,4,1,5140014,93
RCL106-C001,2,1,7550982,423
RCL106-C001,3,1,7501135,1857
RCL100-C003,3,1,9041233,39
RCL106-C002,1,1,6401022,210
RCL106-C002,1,1,6401003,170
RCL106-C002,2,1,6401018,180
RCL106-C002,2,1,6010111,236
RCL106-C002,3,1,6401020,127
RCL106-C002,4,1,052440165,609
RCL106-C003,1,1,7550924,400
RCL106-C003,3,1,5140004,179
RCL107-C001,1,1,6032671,134
RCL107-C001,5,1,6032610,49
RCL107-C002,1,1,7040010,85
RCL107-C002,5,1,7551089,2
RCL107-C003,3,1,6401019,85
RCL107-C003,4,1,5180030,178
RCL107-C004,3,1,1520074,660
RCL107-C004,4,1,5180021,888
RCL108-C001,4,1,500188,105
RCL108-C001,5,1,6032612,86
RCL109-C001,3,1,1535267,389
RCL110-C001,1,1,7550728,360
RCL110-C001,3,1,038070015,150
RCL111-C001,1,1,7501137,1932
RCL112-C001,1,1,7550974,198
RCL113-C001,3,1,8690033,233
RCL113-C001,4,1,92110225,509
RCL113-C002,3,1,7040009,192
RCL113-C002,4,1,1520018,1491
RCL113-C002,5,1,7551090,30
RCL113-C003,1,1,7040009,1
RCL113-C003,2,1,7551091,2
RCL113-C003,3,1,7551088,40
RCL113-C003,3,1,7551077,44
RCL114-C001,5,1,6032812,690
RCL114-C002,1,1,7550973,1076
RCL114-C002,3,1,9041081,134
RCL114-C002,4,1,7551093,2
RCL114-C002,5,1,7551094,9
RCL114-C003,1,1,9041089,5
RCL114-C003,1,1,5170049,360
RCL114-C003,1,1,5170041,1
RCL114-C003,2,1,5170039,25
RCL114-C003,3,1,9041091,138
RCL114-C003,3,1,5170037,21
RCL114-C003,4,1,5137015,1
RCL114-C003,4,1,9041082,58
RCL106-C001,1,1,6401017,210
RCL114-C004,4,1,3700139,1
RCL115-C001,1,1,4020228,289
RCL115-C001,1,1,4020219,205
RCL115-C001,1,1,4020222,37
RCL115-C001,1,1,4020220,388
RCL115-C001,1,1,4020221,190
RCL115-C001,2,1,4020227,171
RCL115-C001,2,1,4020224,78
RCL115-C001,2,1,4020217,7
RCL115-C001,2,1,4020214,36
RCL115-C001,3,1,4020226,88
RCL115-C001,3,1,4020216,87
RCL115-C001,3,1,4020229,146
RCL115-C001,3,1,4020225,220
RCL115-C001,4,1,4020218,42
RCL115-C001,4,1,4020223,62
RCL115-C001,5,1,0050116,48
RCL115-C001,5,1,4020213,104
RCL115-C002,1,1,9203205,170
RCL115-C002,1,1,4535029,5
RCL115-C002,1,1,4020211,74
RCL115-C002,5,1,0050012,343
RCL115-C003,1,1,0230001,24
RCL115-C003,2,1,3256013,67
RCL115-C003,2,1,0560101,3
RCL115-C003,3,1,0570020,48
RCL115-C003,3,1,0050000,434
RCL115-C003,5,1,9203201,117
RCL115-C003,5,1,2330013,1
RCL115-C003,5,1,0050003,405
RCL115-C004,1,1,0050015,3
RCL115-C004,1,1,9203204,2
RCL115-C004,2,1,0050010,141
RCL115-C004,3,1,0460100,6
RCL115-C004,3,1,0420201,52
RCL113-C003,2,1,7551079,24
RCL115-C004,3,1,9203202,118
RCL115-C004,4,1,2330010,12
RCL115-C004,4,1,0570022,26
RCL115-C004,4,1,0050004,2
RCL115-C004,5,1,0050002,116
RCL116-C001,1,1,0050119,12
RCL116-C001,1,1,0050120,104
RCL116-C001,1,1,0050104,35
RCL116-C001,2,1,0050165,1
RCL116-C001,2,1,0050159,1
RCL116-C001,2,1,0050161,132
RCL116-C001,2,1,0050164,33
RCL116-C001,3,1,0050146,20
RCL116-C001,3,1,7060129,380
RCL116-C001,3,1,7060119,215
RCL116-C001,4,1,7060134,476
RCL116-C001,4,1,7550981,10
RCL116-C001,4,1,7060247,1770
RCL116-C001,5,1,7060128,350
RCL116-C001,5,1,7060132,917
RCL114-C003,5,1,9041086,1
RCL116-C001,5,1,7060111,88
RCL116-C002,1,1,6401024,9
RCL116-C002,1,1,6401029,26
RCL116-C002,2,1,6401021,40
RCL116-C002,4,1,6032000,217
RCL116-C002,4,1,6095000,270
RCL116-C002,4,1,6401026,33
RCL116-C002,5,1,7060004,110
RCL116-C002,5,1,7060245,53
RCL116-C002,5,1,7060130,1561
RCL116-C002,5,1,7060124,6900
RCL116-C002,5,1,7060249,615
RCL116-C003,2,1,7060005,1
RCL116-C003,2,1,7060029,178
RCL116-C003,2,1,7060031,74
RCL116-C003,2,1,7060051,21
RCL116-C003,3,1,7060030,167
RCL116-C003,3,1,7550647,44
RCL116-C003,3,1,7060054,125
RCL116-C003,3,1,7550911,179
RCL116-C003,3,1,7550668,6
RCL116-C003,3,1,7550637,19
RCL116-C003,4,1,7550659,7
RCL116-C003,4,1,7550639,30
RCL116-C003,4,1,7550630,7
RCL116-C003,4,1,7550657,38
RCL116-C003,4,1,7060052,359
RCL116-C003,4,1,7550621,58
RCL116-C003,4,1,7550638,63
RCL116-C004,2,1,3270100,496
RCL116-C004,2,1,7550923,213
RCL116-C004,4,1,7550650,20
RCL116-C004,4,1,9203200,550
RCL116-C004,5,1,0050008,108
RCL117-C001,1,1,7060243,349
RCL115-C003,5,1,9110000,38
RCL117-C001,1,1,7060253,441
RCL117-C001,1,1,7550925,100
RCL117-C001,1,1,7550920,569
RCL117-C001,1,1,7060131,544
RCL117-C001,2,1,7060238,741
RCL117-C001,2,1,7060244,44
RCL117-C001,2,1,7060113,184
RCL117-C001,2,1,7060251,318
RCL117-C001,2,1,7060248,1022
RCL117-C001,3,1,7060239,90
RCL117-C001,3,1,7060223,49
RCL117-C001,3,1,7550921,125
RCL117-C001,3,1,7060136,7800
RCL117-C001,4,1,7060240,197
RCL117-C001,4,1,7060118,500
RCL117-C001,4,1,7060236,1760
RCL117-C001,4,1,7550980,333
RCL117-C001,5,1,7060242,393
RCL117-C001,5,1,7550928,1358
RCL117-C001,5,1,7060121,70
RCL117-C001,5,1,7060235,580
RCL117-C001,5,1,7060250,681
RCL117-C002,1,1,5998006,3000
RCL117-C002,1,1,7550935,2079
RCL117-C002,1,1,7060204,109
RCL117-C002,2,1,7060241,144
RCL117-C002,2,1,7060252,82
RCL117-C002,2,1,7060246,33
RCL117-C002,2,1,7060103,290
RCL117-C002,2,1,7060104,82
RCL117-C002,3,1,7060200,35
RCL117-C002,3,1,7060109,39
RCL117-C002,3,1,7060254,170
RCL117-C002,3,1,7060100,373
RCL117-C002,4,1,7060106,961
RCL117-C002,5,1,7060202,178
RCL117-C002,5,1,7060203,292
RCL117-C003,1,1,7060107,102
RCL117-C003,1,1,7060117,79
RCL117-C003,1,1,7550970,45
RCL117-C003,1,1,7060126,250
RCL117-C003,1,1,7060108,99
RCL117-C003,2,1,7060221,55
RCL117-C003,2,1,7060115,231
RCL117-C003,2,1,7060133,212
RCL117-C003,2,1,7060112,496
RCL117-C003,3,1,7060224,59
RCL117-C003,3,1,7060122,59
RCL117-C003,3,1,7060101,683
RCL117-C003,4,1,7060233,20
RCL117-C003,4,1,7060228,20
RCL117-C003,4,1,7060207,48
RCL117-C003,4,1,7060125,1680
RCL117-C003,5,1,7550972,108
RCL117-C003,5,1,7060120,60
RCL117-C003,5,1,7060230,91
RCL117-C003,5,1,7060205,105
RCL117-C004,1,1,7060209,8
RCL117-C004,1,1,7060208,64
RCL117-C004,2,1,7060229,207
RCL117-C004,2,1,7060206,22
RCL117-C004,2,1,7060211,69
RCL117-C004,2,1,7060217,22
RCL117-C004,3,1,7060227,3
RCL117-C004,3,1,7060214,13
RCL117-C004,3,1,7060220,14
RCL117-C004,4,1,7060222,12
RCL117-C004,4,1,7060218,18
RCL117-C004,4,1,7550922,48
RCL117-C004,5,1,7060234,74
RCL117-C004,5,1,7060232,35
RCL117-C004,5,1,7060213,29
RCL118-C001,1,1,5180400,40
RCL118-C001,1,1,5240412,1
RCL118-C001,1,1,5140601,47
RCL118-C001,2,1,5240411,5
RCL118-C001,2,1,3003080,3
RCL118-C001,2,1,5170509,7
RCL118-C001,2,1,5240414,1
RCL118-C001,3,1,5170519,136
RCL118-C001,3,1,5170514,16
RCL118-C001,3,1,5170524,38
RCL118-C001,4,1,5120106,237
RCL118-C001,4,1,5240410,1
RCL118-C001,4,1,5170515,113
RCL118-C001,4,1,5170517,298
RCL118-C001,4,1,5170508,237
RCL118-C002,2,1,5240416,1
RCL118-C002,2,1,5240419,3
RCL118-C002,2,1,5140604,3
RCL118-C002,3,1,5170525,50
RCL118-C002,3,1,5240406,7
RCL118-C002,3,1,5170523,293
RCL118-C002,3,1,5170510,39
RCL118-C002,4,1,5180405,176
RCL118-C002,4,1,5170516,69
RCL118-C003,1,1,5170505,60
RCL118-C003,1,1,5180403,43
RCL118-C003,2,1,5240401,25
RCL118-C003,2,1,5180406,59
RCL118-C003,4,1,5170522,23
RCL118-C003,4,1,5170504,677
RCL118-C003,4,1,5140602,23
RCL118-C003,5,1,5240417,1
RCL118-C004,1,1,5140603,1
RCL118-C004,1,1,5140605,1
RCL118-C004,1,1,5240415,1
RCL118-C004,1,1,5180401,152
RCL118-C004,2,1,5240409,2
RCL118-C004,2,1,5240407,52
RCL118-C004,2,1,5240408,1
RCL118-C004,2,1,5240405,51
RCL118-C004,3,1,5140600,611
RCL119-C001,1,1,5120466,149
RCL119-C001,2,1,5170526,35
RCL119-C001,5,1,5120464,24
RCL119-C002,1,1,9913026,2
RCL119-C002,1,1,5120421,207
RCL119-C002,2,1,5120521,53
RCL119-C002,2,1,5120533,19
RCL119-C002,4,1,3003061,6
RCL119-C002,4,1,5120438,8
RCL119-C002,4,1,5120408,16
RCL119-C002,5,1,5140013,54
RCL119-C003,1,1,3003077,201
RCL119-C003,1,1,3003003,46
RCL119-C003,2,1,3003017,1
RCL119-C003,2,1,5170408,1120
RCL119-C003,2,1,5140012,43
RCL119-C003,2,1,5120800,2
RCL119-C003,4,1,5120429,35
RCL119-C003,4,1,5170036,65
RCL119-C003,4,1,5140011,164
RCL119-C003,5,1,5120452,7
RCL119-C004,1,1,5120535,9
RCL119-C004,1,1,5170404,7
RCL119-C004,1,1,5120427,50
RCL119-C004,1,1,5170407,15
RCL119-C004,2,1,5120450,86
RCL119-C004,2,1,5170405,53
RCL119-C004,3,1,5170406,12
RCL119-C004,3,1,5120103,30
RCL119-C004,3,1,5120454,40
RCL119-C004,3,1,5120102,3
RCL119-C004,3,1,5120826,2
RCL119-C004,3,1,5170032,133
RCL119-C004,4,1,5120412,18
RCL119-C004,4,1,5120404,77
RCL119-C004,4,1,5120815,2
RCL119-C004,5,1,5120550,124
RCL118-C001,3,1,5170518,129
RCL120-C001,1,1,5120418,27
RCL120-C001,1,1,5170034,18
RCL120-C001,2,1,5120422,41
RCL120-C001,2,1,5120449,2
RCL120-C001,2,1,5170403,120
RCL120-C001,3,1,5120416,8
RCL118-C001,5,1,5180404,707
RCL120-C001,3,1,5120518,38
RCL120-C001,4,1,5120543,32
RCL120-C001,4,1,5120539,9
RCL120-C001,5,1,5120519,93
RCL120-C002,1,1,5120447,7
RCL120-C002,1,1,5170033,39
RCL120-C002,2,1,5120431,4
RCL120-C002,3,1,5120460,36
RCL120-C002,3,1,5120453,146
RCL120-C002,4,1,5120541,12
RCL120-C002,4,1,5120530,30
RCL118-C003,1,1,5170521,135
RCL120-C002,5,1,5120419,10
RCL120-C003,1,1,5120415,37
RCL120-C003,2,1,5120462,28
RCL120-C003,2,1,5120443,4
RCL120-C003,3,1,5120510,92
RCL120-C003,4,1,5120407,40
RCL120-C003,4,1,5120439,26
RCL120-C003,4,1,5120459,16
RCL120-C003,5,1,5120506,7
RCL120-C004,1,1,5120467,13
RCL120-C004,1,1,5120413,5
RCL120-C004,2,1,5170035,23
RCL120-C004,3,1,3033011,1
RCL120-C004,3,1,5120442,16
RCL120-C004,3,1,5120440,10
RCL120-C004,3,1,5120401,14
RCL120-C004,4,1,5120520,81
RCL119-C001,1,1,5120414,18
RCL120-C004,5,1,5120444,19
RCL121-C001,3,1,6020434,859
RCL121-C001,4,1,6020424,525
RCL121-C001,4,1,6032811,72
RCL121-C001,5,1,5120428,276
RCL122-C001,1,1,6036804,8
RCL122-C001,2,1,6020454,96
RCL122-C001,2,1,6036809,56
RCL122-C001,3,1,6020432,7
RCL122-C001,3,1,6032640,91
RCL122-C001,4,1,6036808,20
RCL122-C001,4,1,6032652,23
RCL122-C001,5,1,6020412,909
RCL122-C001,5,1,6020001,141
RCL123-C001,1,1,6010018,202
RCL123-C001,2,1,0590019,5
RCL123-C001,2,1,7060255,648
RCL123-C001,2,1,7550931,155
RCL123-C001,3,1,6010023,71
RCL123-C001,3,1,6010026,80
RCL123-C001,4,1,6020456,63
RCL123-C001,4,1,6010019,5
RCL119-C003,5,1,5120417,1
RCL123-C001,5,1,6020402,4
RCL123-C001,5,1,6020410,81
RCL123-C001,5,1,6020458,13
RCL123-C001,5,1,6020426,144
RCL123-C001,6,1,6032673,122
RCL124-C001,1,1,6020418,438
RCL124-C001,1,1,6032642,38
RCL124-C001,4,1,6036806,11
RCL124-C001,4,1,6020462,376
RCL124-C001,5,1,6032600,134
RCL124-C002,1,1,6032636,69
RCL124-C002,2,1,6032626,13
RCL124-C002,3,1,6020436,378
RCL124-C002,3,1,6020452,28
RCL124-C002,4,1,6036807,29
RCL124-C002,4,1,6036805,49
RCL124-C002,5,1,6032614,50
RCL120-C001,1,1,5120411,18
RCL124-C003,1,1,7550641,3
RCL124-C003,1,1,6020420,35
RCL120-C001,2,1,5120457,34
RCL124-C003,1,1,6020430,31
RCL124-C003,2,1,7550607,993
RCL124-C003,3,1,6032008,6
RCL124-C003,3,1,6032660,5
RCL124-C003,4,1,6020416,180
RCL124-C003,4,1,6032005,9
RCL124-C003,5,1,6020414,2906
RCL124-C004,1,1,6036800,19
RCL120-C002,1,1,5120458,15
RCL124-C004,2,1,6032007,27
RCL124-C004,3,1,6032650,25
RCL124-C004,4,1,6032602,39
RCL124-C004,5,1,5120420,242
RCL124-C004,5,1,6032616,99
RCL125-C001,1,1,7550651,19
RCL125-C001,1,1,7550694,9
RCL125-C001,1,1,7550656,15
RCL125-C001,2,1,7060013,1
RCL125-C001,3,1,7060044,2
RCL125-C001,3,1,7060053,116
RCL125-C001,3,1,7550608,124
RCL125-C001,3,1,7060059,6
RCL125-C001,4,1,7550640,21
RCL125-C001,4,1,7550660,22
RCL125-C001,4,1,7060015,2
RCL125-C001,4,1,6032810,43
RCL125-C002,2,1,7550648,57
RCL125-C002,2,1,7550655,3
RCL125-C002,2,1,7550669,10
RCL125-C002,2,1,7550664,165
RCL125-C002,3,1,7060055,82
RCL125-C002,3,1,7060062,6
RCL125-C002,3,1,7060047,92
RCL125-C002,4,1,7060043,2
RCL125-C002,4,1,7550633,16
RCL125-C002,4,1,7060020,1
RCL125-C002,4,1,7550622,3
RCL125-C002,4,1,7060034,6
RCL125-C002,4,1,7550658,17
RCL125-C002,5,1,6036803,38
RCL125-C003,2,1,7550615,68
RCL125-C003,2,1,7060042,10
RCL125-C003,3,1,7060056,54
RCL125-C003,3,1,7060033,59
RCL125-C003,3,1,7550603,434
RCL125-C003,4,1,7550642,21
RCL125-C003,4,1,6020438,89
RCL125-C003,5,1,6032662,35
RCL125-C004,1,1,6020400,10
RCL125-C004,2,1,7550666,37
RCL125-C004,2,1,6032624,84
RCL125-C004,3,1,6032006,44
RCL125-C004,3,1,6032622,28
RCL125-C004,4,1,7550665,37
RCL125-C004,4,1,6020400,61
RCL125-C004,5,1,5120441,71
RCL126-C002,1,1,5500154,29
RCL126-C002,2,1,5502629,64
RCL126-C002,2,1,3525082,66
RCL126-C003,1,1,5502627,84
RCL126-C003,2,1,5502158,23
RCL126-C003,2,1,5240418,103
RCL126-C003,5,1,3525015,49
RCL126-C004,1,1,3265025,60
RCL126-C004,1,1,5998026,25
RCL126-C004,1,1,5998033,25
RCL126-C004,1,1,3265027,59
RCL126-C004,1,1,5998032,25
RCL126-C004,1,1,3265026,23
RCL126-C004,2,1,6100667,74
RCL126-C004,2,1,6100668,16
RCL126-C004,2,1,6101444,6
RCL126-C004,2,1,6100165,46
RCL126-C004,2,1,6100418,56
RCL127-C001,1,1,6101520,40
RCL127-C001,2,1,5500161,43
RCL127-C001,3,1,5500208,17
RCL127-C002,3,1,3525004,154
RCL127-C003,1,1,6101231,20
RCL127-C003,2,1,3525007,108
RCL127-C003,5,1,5502189,31
RCL127-C003,5,1,61003016,26
RCL127-C004,1,1,92110223,390
RCL127-C004,2,1,5502282,21
RCL127-C004,3,1,5502159,3
RCL127-C004,3,1,61001095,78
RCL127-C004,5,1,5998030,18
RCL128-C001,1,1,5500067,46
RCL128-C001,4,1,6032003,37
RCL129-C001,1,1,7040015,54
RCL129-C001,1,1,7040013,97
RCL129-C001,2,1,7040012,98
RCL129-C001,2,1,7040008,22
RCL129-C001,3,1,7041021,13
RCL129-C001,4,1,7040001,74
RCL129-C001,4,1,7040003,659
RCL129-C001,5,1,7040002,110
RCL130-C001,1,1,7040014,100
RCL130-C001,1,1,7040000,71
RCL130-C001,1,1,7041024,11
RCL130-C001,1,1,6101504,160
RCL130-C001,1,1,6100688,10
RCL130-C001,3,1,7001502,1
RCL130-C001,3,1,7001508,7
RCL130-C001,3,1,7503503,6
RCL130-C001,5,1,7040011,259
RCL130-C001,5,1,500088,14
RCL131-C001,1,1,6104566,304
RCL131-C001,1,1,3525168,53
RCL131-C001,2,1,6101057,380
RCL131-C001,3,1,3525061,2
RCL131-C001,3,1,5120603,9
RCL131-C001,4,1,5502101,15
RCL131-C001,4,1,6104588,130
RCL131-C001,4,1,6100129,92
RCL131-C001,4,1,5501125,186
RCL131-C001,5,1,6100129,1
RCL131-C002,1,1,61002018,27
RCL131-C002,1,1,6100166,152
RCL131-C002,1,1,6104580,75
RCL131-C002,2,1,5500408,5
RCL131-C002,2,1,6101230,22
RCL131-C002,2,1,5501130,32
RCL131-C002,3,1,3040524,10
RCL131-C002,3,1,6104576,17
RCL131-C002,4,1,61003012,97
RCL131-C002,4,1,5501136,196
RCL131-C002,5,1,3525203,45
RCL131-C002,5,1,6101522,125
RCL131-C003,1,1,5500171,8
RCL131-C003,1,1,6101518,175
RCL131-C003,2,1,6101058,30
RCL131-C003,3,1,6100669,12
RCL131-C003,4,1,5035116,4
RCL131-C003,4,1,6101521,99
RCL131-C003,4,1,6101511,74
RCL131-C003,4,1,6100720,24
RCL131-C003,4,1,6100130,413
RCL131-C003,5,1,5500404,23
RCL131-C004,1,1,6104569,20
RCL131-C004,1,1,5502183,40
RCL131-C004,2,1,6101512,59
RCL131-C004,2,1,5502185,6
RCL131-C004,2,1,61001651,558
RCL131-C004,2,1,3525129,18
RCL131-C004,3,1,61001096,27
RCL131-C004,3,1,6100261,29
RCL131-C004,3,1,5502190,31
RCL131-C004,3,1,5501132,27
RCL131-C004,4,1,5502632,18
RCL131-C004,4,1,5502634,12
RCL131-C004,4,1,5502635,10
RCL131-C004,4,1,5502638,14
RCL131-C004,4,1,5502614,20
RCL131-C004,4,1,5003461,10
RCL132-C001,1,1,5502623,10
RCL132-C001,2,1,5003460,20
RCL132-C001,2,1,3525453,36
RCL132-C001,3,1,5003462,7
RCL132-C001,3,1,6101200,84
RCL132-C001,4,1,6104570,803
RCL132-C001,4,1,5501126,1
RCL132-C002,1,1,5502622,36
RCL132-C002,2,1,5500207,15
RCL132-C002,3,1,3525093,82
RCL132-C002,4,1,6100127,87
RCL132-C003,1,1,5502280,16
RCL132-C003,1,1,5998002,100
RCL132-C003,1,1,5502179,4
RCL132-C003,1,1,5502170,1
RCL132-C003,1,1,5502180,19
RCL132-C003,5,1,5998025,4
RCL132-C003,5,1,6104579,127
RCL132-C004,1,1,5998035,80
RCL132-C004,1,1,5502617,62
RCL132-C004,1,1,6104583,45
RCL132-C004,2,1,61001811,132
RCL132-C004,2,1,61001815,74
RCL132-C004,2,1,61001813,30
RCL132-C004,2,1,6101519,56
RCL132-C004,2,1,61001097,7
RCL132-C004,2,1,6100162,36
RCL132-C004,3,1,0004420,16
RCL132-C004,3,1,61001814,4
RCL132-C004,3,1,5502624,18
RCL132-C004,3,1,5502168,64
RCL132-C004,4,1,5502636,11
RCL132-C004,4,1,5502637,23
RCL132-C004,4,1,6100128,42
RCL132-C004,4,1,5502633,14
RCL132-C004,4,1,5502631,6
RCL132-C004,4,1,5502630,8
RCL132-C004,4,1,6100360,2
RCL132-C004,4,1,5502626,35
RCL132-C004,4,1,5502607,7
RCL132-C004,5,1,6104584,70
RCL133-C001,3,1,7550402,2
RCL133-C001,5,1,500159,129
RCL133-C001,5,1,7550083,14
RCL133-C001,5,1,500119,34
RCL133-C003,5,1,7503505,30
RCL134-C001,1,1,7503101,289
RCL134-C001,1,1,500169,16
RCL133-C001,1,1,7503514,38
RCL134-C001,1,1,500118,201
RCL134-C001,2,1,500112,233
RCL134-C001,2,1,7503149,46
RCL134-C001,2,1,500157,50
RCL134-C001,2,1,500089,13
RCL134-C001,3,1,7503402,3
RCL134-C001,3,1,7503009,1
RCL134-C001,3,1,7503602,13
RCL134-C001,3,1,7503502,140
RCL134-C001,3,1,7503065,5
RCL134-C001,3,1,500193,22
RCL134-C001,3,1,7550809,78
RCL134-C001,3,1,500176,3
RCL134-C001,3,1,500199,11
RCL134-C001,4,1,500302,6
RCL134-C001,4,1,500109,207
RCL134-C001,4,1,500307,22
RCL134-C001,4,1,5001432,220
RCL134-C001,5,1,7507262,66
RCL134-C001,5,1,7550695,4
RCL134-C001,5,1,500463,65
RCL134-C002,1,1,500168,12
RCL134-C002,1,1,500304,14
RCL134-C002,1,1,500313,25
RCL134-C002,1,1,500174,35
RCL134-C002,2,1,500116,332
RCL134-C002,2,1,500126,3
RCL134-C002,2,1,7550086,18
RCL134-C002,3,1,500117,307
RCL134-C002,3,1,7001506,135
RCL134-C002,4,1,500458,12
RCL134-C002,4,1,500115,168
RCL134-C002,4,1,500457,1
RCL134-C002,5,1,500141,14
RCL134-C002,5,1,500121,68
RCL134-C002,5,1,500120,64
RCL134-C003,1,1,7503509,1
RCL134-C003,1,1,500145,4
RCL134-C003,1,1,500114,63
RCL134-C003,1,1,7550811,5
RCL134-C003,2,1,7503410,9
RCL134-C003,2,1,500111,144
RCL134-C003,2,1,500158,243
RCL134-C003,3,1,7550060,7
RCL134-C003,3,1,78590166264,1
RCL134-C003,3,1,500147,29
RCL134-C003,3,1,500113,85
RCL134-C003,3,1,500143,182
RCL134-C003,3,1,7503059,4
RCL134-C003,4,1,7550338,1
RCL134-C003,4,1,7001011,1
RCL134-C003,4,1,500488,18
RCL134-C003,5,1,7001003,5
RCL134-C004,1,1,7500528,12
RCL134-C004,1,1,7500527,15
RCL134-C004,1,1,7500518,7
RCL134-C004,1,1,7500523,3
RCL134-C004,2,1,785901577928,5
RCL134-C004,2,1,7500517,106
RCL134-C004,2,1,7500535,4
RCL134-C004,3,1,7500522,32
RCL134-C004,3,1,7500542,20
RCL134-C004,4,1,7500530,26
RCL134-C004,4,1,7500520,4
RCL134-C004,4,1,7500519,21
RCL134-C004,4,1,7500505,23
RCL134-C004,4,1,7500531,18
RCL134-C004,4,1,7500513,6
RCL134-C004,5,1,7001510,97
RCL135-C001,1,1,7503067,1
RCL135-C001,1,1,501429,9
RCL135-C001,1,1,500497,9
RCL135-C001,1,1,500198,31
RCL135-C001,1,1,7550211,55
RCL135-C001,2,1,7062201,1
RCL135-C001,2,1,7550042,9
RCL135-C001,2,1,7550061,9
RCL135-C001,2,1,7550105,1
RCL135-C001,2,1,7062200,5
RCL135-C001,2,1,7503212,3
RCL135-C001,2,1,500573,16
RCL135-C001,2,1,500476,8
RCL135-C001,3,1,500142,46
RCL135-C001,3,1,7503020,1
RCL135-C001,3,1,500170,5
RCL135-C001,3,1,500453,67
RCL135-C001,3,1,501420,16
RCL135-C001,4,1,500150,49
RCL135-C001,4,1,7503055,8
RCL135-C001,4,1,500108,38
RCL135-C001,4,1,7503411,5
RCL135-C001,4,1,500464,20
RCL135-C001,5,1,500190,41
RCL135-C001,5,1,7062021,10
RCL135-C001,6,1,500149,28
RCL135-C001,6,1,7550081,5
RCL136-C001,1,1,500110,832
RCL136-C001,3,1,7503185,8
RCL136-C001,4,1,500171,27
RCL136-C001,4,1,7503601,5
RCL136-C001,4,1,7503517,85
RCL136-C001,4,1,500197,112
RCL136-C001,4,1,7503102,92
RCL136-C001,4,1,7504007,11
RCL136-C001,4,1,500191,10
RCL136-C001,4,1,7503107,2
RCL136-C001,5,1,500148,1
RCL137-C001,2,1,3018117,11
RCL137-C001,3,1,3018102,17
RCL137-C001,3,1,7041943,37
RCL137-C001,4,1,7041947,8
RCL137-C001,5,1,7507269,184
RCL138-C001,1,1,5180011,301
RCL138-C001,1,1,5180004,63
RCL138-C001,2,1,5140500,627
RCL138-C001,2,1,5230102,85
RCL138-C001,3,1,5180027,219
RCL138-C001,3,1,5120830,1
RCL138-C001,3,1,5170011,236
RCL138-C001,4,1,5120818,1
RCL138-C001,4,1,5120150,1
RCL138-C001,4,1,5120802,5
RCL138-C001,4,1,5180001,130
RCL134-C003,1,1,7503516,190
RCL138-C001,5,1,5140041,462
RCL138-C002,1,1,5180006,430
RCL138-C002,2,1,5180022,417
RCL138-C002,3,1,5180061,43
RCL138-C002,4,1,2385705,464
RCL138-C002,5,1,5180024,161
RCL138-C003,1,1,5240028,14
RCL138-C003,1,1,5180008,79
RCL138-C003,2,1,2385720,343
RCL138-C003,3,1,5180014,158
RCL138-C003,3,1,5140000,256
RCL134-C003,4,1,500144,15
RCL138-C003,4,1,5180003,512
RCL138-C003,5,1,5180019,175
RCL138-C003,5,1,5120301,127
RCL138-C004,1,1,5140040,68
RCL138-C004,2,1,5170019,503
RCL138-C004,3,1,5230103,90
RCL134-C004,1,1,7500516,4
RCL138-C004,4,1,5170012,1722
RCL138-C004,5,1,5140310,518
RCL139-C001,1,1,5140026,94
RCL139-C001,1,1,5170009,32
RCL139-C001,1,1,5140029,50
RCL139-C001,1,1,5140030,31
RCL139-C001,1,1,5090097,70
RCL139-C001,2,1,5140311,56
RCL139-C001,2,1,5140051,8
RCL139-C001,3,1,5230101,211
RCL139-C001,3,1,5140044,4
RCL139-C001,4,1,5240042,19
RCL139-C001,4,1,5140045,16
RCL139-C001,4,1,5140005,106
RCL139-C001,5,1,5180017,926
RCL139-C002,1,1,5140027,130
RCL139-C002,1,1,2385721,190
RCL139-C002,1,1,5140050,58
RCL139-C002,1,1,5140002,6
RCL139-C002,2,1,5240015,4
RCL139-C002,2,1,5230109,33
RCL139-C002,2,1,5170013,310
RCL139-C002,3,1,5230105,146
RCL139-C002,3,1,5180036,86
RCL139-C002,4,1,2385710,763
RCL139-C002,5,1,5180010,354
RCL139-C003,1,1,5180040,25
RCL139-C003,1,1,5230107,135
RCL139-C003,1,1,5180029,54
RCL139-C003,2,1,5140316,20
RCL139-C003,2,1,5170014,295
RCL139-C003,2,1,5140048,47
RCL139-C003,3,1,5230108,28
RCL139-C003,3,1,5090104,101
RCL139-C003,3,1,5090099,33
RCL139-C003,3,1,5180044,50
RCL139-C003,4,1,2385700,721
RCL139-C003,4,1,5170015,587
RCL139-C003,5,1,5230104,223
RCL139-C004,1,1,5240023,23
RCL139-C004,1,1,5180009,26
RCL139-C004,2,1,5230106,264
RCL139-C004,5,1,5180002,359
RCL140-C001,1,1,5140043,25
RCL140-C001,2,1,2140002,67
RCL140-C002,1,1,2385715,493
RCL140-C002,1,1,5240035,51
RCL140-C002,2,1,5140016,111
RCL140-C002,4,1,5240033,62
RCL140-C003,1,1,5240031,666
RCL140-C003,2,1,5090109,296
RCL140-C004,1,1,5140015,344
RCL141-C001,1,1,5140047,17
RCL141-C001,1,1,5140032,6
RCL141-C001,1,1,5140033,15
RCL141-C001,1,1,5090100,52
RCL141-C001,2,1,5120195,2
RCL141-C001,2,1,5120811,3
RCL141-C001,2,1,5120817,3
RCL141-C001,2,1,5180016,16
RCL141-C001,2,1,5170010,130
RCL141-C001,3,1,5170016,106
RCL141-C001,3,1,5140031,74
RCL141-C001,3,1,5120804,3
RCL141-C001,4,1,5180012,52
RCL141-C001,4,1,5180035,199
RCL141-C001,5,1,5140006,110
RCL141-C002,1,1,5240036,104
RCL141-C002,1,1,5240030,60
RCL141-C002,2,1,5140042,82
RCL141-C002,3,1,5090102,71
RCL141-C002,3,1,5140039,137
RCL141-C002,4,1,5240029,98
RCL141-C002,4,1,5170024,5
RCL141-C002,5,1,5140019,368
RCL141-C003,1,1,5140049,36
RCL141-C003,1,1,5170022,74
RCL141-C003,2,1,5170020,107
RCL141-C003,2,1,0220002,35
RCL141-C003,3,1,5240025,226
RCL141-C003,3,1,5120814,8
RCL141-C003,4,1,5170018,132
RCL141-C003,4,1,5170021,4
RCL141-C003,5,1,5120125,1
RCL141-C003,5,1,5240022,36
RCL141-C004,2,1,5140001,262
RCL141-C004,3,1,5180050,49
RCL141-C004,4,1,9041203,62
RCL141-C004,4,1,5180005,34
RCL141-C004,5,1,5140315,313
RCL142-C001,1,1,7501071,119
RCL142-C001,2,1,5240024,54
RCL142-C001,3,1,5140007,3
RCL143-C001,2,1,92110228,1313
RCL143-C001,3,1,7090062,21
RCL143-C001,3,1,7506255,169
RCL143-C001,3,1,7507268,140
RCL144-C001,1,1,7506428,134
RCL144-C001,2,1,7502418,772
RCL144-C001,3,1,7506251,240
RCL144-C001,5,1,7040306,350
RCL145-C001,1,1,ECAM001,4
RCL145-C001,2,1,7041536,77
RCL145-C001,2,1,13049,5
RCL145-C001,3,1,7040300,12
RCL145-C001,3,1,7040313,23
RCL145-C001,4,1,7041505,112
RCL145-C001,4,1,7040307,112
RCL145-C001,5,1,7040007,180
RCL146-C001,1,1,5240043,4
RCL146-C001,1,1,5140028,34
RCL146-C001,1,1,5180023,63
RCL146-C001,1,1,5240026,51
RCL146-C001,1,1,5140020,11
RCL146-C001,3,1,5140009,177
RCL146-C001,4,1,5120110,2
RCL146-C001,4,1,5120828,1
RCL146-C001,4,1,5120825,8
RCL146-C001,5,1,5180020,376
RCL146-C002,1,1,9041200,26
RCL146-C002,1,1,9041201,42
RCL146-C002,1,1,5180015,163
RCL146-C002,2,1,5180062,31
RCL146-C002,3,1,5120170,6
RCL141-C002,2,1,5180013,68
RCL146-C002,3,1,5035001,10
RCL146-C002,3,1,5140046,18
RCL146-C002,4,1,5240034,212
RCL146-C002,5,1,5140008,82
RCL146-C003,1,1,5240021,4
RCL146-C003,1,1,5090098,72
RCL146-C003,1,1,5240044,27
RCL146-C003,1,1,5240027,18
RCL146-C003,3,1,5035002,10
RCL146-C003,4,1,5180060,29
RCL146-C004,1,1,5203111,17
RCL146-C004,1,1,5170017,108
RCL146-C004,2,1,5140010,69
RCL146-C004,4,1,5090103,151
RCL147-C001,1,1,7062413,120
RCL147-C001,1,1,7025209,141
RCL147-C001,1,1,7110204,49
RCL147-C001,2,1,7506432,134
RCL147-C001,2,1,7506102,117
RCL147-C001,2,1,7090012,25
RCL147-C001,3,1,7506404,715
RCL147-C001,3,1,7507200,16
RCL147-C001,4,1,7506156,54
RCL147-C001,4,1,7506210,242
RCL147-C001,4,1,7171325,128
RCL147-C001,4,1,7550754,8
RCL147-C002,1,1,7506458,320
RCL147-C002,2,1,7171346,11
RCL147-C002,2,1,7506017,24
RCL147-C002,2,1,7506276,10
RCL147-C002,3,1,7506280,37
RCL147-C002,3,1,7506250,292
RCL147-C002,3,1,7502488,660
RCL147-C002,4,1,7090009,163
RCL147-C002,4,1,7090010,48
RCL147-C004,4,1,7041068,8
RCL148-C001,2,1,7506267,89
RCL148-C001,3,1,7506790,2
RCL148-C001,3,1,7506405,206
RCL148-C001,4,1,7040807,417
RCL148-C001,4,1,7506400,347
RCL148-C001,5,1,7502408,514
RCL148-C001,5,1,7506372,52
RCL148-C002,1,1,7062403,321
RCL148-C002,1,1,7506457,503
RCL148-C002,2,1,7090004,50
RCL148-C002,2,1,7506257,530
RCL148-C002,3,1,7506223,693
RCL148-C002,5,1,7507053,496
RCL148-C002,5,1,7550810,44
RCL148-C003,1,1,7507056,109
RCL148-C003,1,1,7506268,43
RCL148-C003,1,1,7550846,20
RCL148-C003,1,1,7507214,34
RCL148-C003,1,1,7502460,99
RCL148-C003,2,1,7506116,19
RCL145-C001,2,1,7040302,22
RCL145-C001,4,1,7041539,5
RCL146-C004,5,1,5180028,163
RCL147-C002,4,1,7506238,175
RCL147-C003,1,1,7506492,1
RCL147-C003,1,1,7062416,123
RCL147-C003,1,1,7500389,51
RCL147-C003,1,1,7550798,37
RCL147-C003,2,1,7090015,124
RCL147-C003,3,1,7502462,164
RCL147-C003,3,1,7502458,384
RCL147-C003,4,1,7500388,432
RCL147-C003,4,1,7506218,240
RCL147-C003,4,1,7506215,367
RCL147-C003,5,1,7110209,397
RCL147-C004,1,1,5140003,10
RCL147-C004,1,1,7506389,397
RCL147-C004,1,1,7502442,135
RCL147-C004,2,1,7506770,20
RCL147-C004,2,1,7506972,28
RCL147-C004,2,1,7506932,8
RCL147-C004,2,1,7506103,4
RCL147-C004,2,1,7506234,2
RCL147-C004,2,1,7041070,28
RCL147-C004,2,1,7502452,20
RCL147-C004,2,1,2395404,45
RCL147-C004,3,1,7507247,1
RCL147-C004,3,1,7507240,16
RCL147-C004,3,1,7506768,22
RCL147-C004,3,1,7025204,1578
RCL147-C004,4,1,7090040,55
RCL148-C001,1,1,7506422,35
RCL148-C001,1,1,7507212,58
RCL148-C001,1,1,7506222,65
RCL148-C001,1,1,7090048,31
RCL148-C001,1,1,7171314,276
RCL148-C001,1,1,7506228,219
RCL148-C001,2,1,2395406,6
RCL148-C001,2,1,7506178,65
RCL148-C001,2,1,7502406,83
RCL148-C001,3,1,7090028,145
RCL147-C002,2,1,7550814,6
RCL148-C003,3,1,7507049,117
RCL148-C003,3,1,7506624,301
RCL148-C003,3,1,7550844,57
RCL148-C003,4,1,7507028,36
RCL148-C003,4,1,7500121,2
RCL148-C003,4,1,7506604,4
RCL148-C003,4,1,7507052,1
RCL147-C004,4,1,7507210,13
RCL148-C003,4,1,7506828,11
RCL148-C003,4,1,7507058,25
RCL148-C003,4,1,7506306,26
RCL148-C003,4,1,7506860,18
RCL148-C003,4,1,7506135,316
RCL148-C003,5,1,7506414,274
RCL148-C003,5,1,7062421,14
RCL148-C004,1,1,7506784,2
RCL148-C004,1,1,7550800,17
RCL148-C004,1,1,7506064,20
RCL148-C004,1,1,7506848,12
RCL148-C004,2,1,7506916,5
RCL148-C004,2,1,7506094,7
RCL148-C004,2,1,7506560,32
RCL148-C004,2,1,7500911,1
RCL148-C004,2,1,7507222,2
RCL148-C003,1,1,7550758,10
RCL148-C004,2,1,7171308,83
RCL148-C004,2,1,7506662,10
RCL148-C004,3,1,7506934,2
RCL148-C004,3,1,7506890,1
RCL148-C004,3,1,7506438,12
RCL148-C004,3,1,7506406,36
RCL148-C004,4,1,7506616,5
RCL148-C004,4,1,7506514,69
RCL148-C004,4,1,7506293,13
RCL148-C004,4,1,7506424,60
RCL148-C004,4,1,7550836,17
RCL148-C004,5,1,7506136,782
RCL149-C001,1,1,7506920,15
RCL149-C001,1,1,7550780,28
RCL148-C003,4,1,7506864,3
RCL149-C001,1,1,7506978,136
RCL149-C001,1,1,7506373,15
RCL149-C001,1,1,7110200,39
RCL149-C001,2,1,7506378,86
RCL148-C003,4,1,7506277,10
RCL149-C001,2,1,7506402,133
RCL149-C001,2,1,7506469,91
RCL149-C001,2,1,2395403,131
RCL149-C001,2,1,7502448,521
RCL149-C001,2,1,7506130,44
RCL149-C001,3,1,7506436,174
RCL149-C001,3,1,7502426,409
RCL149-C001,3,1,7025208,143
RCL149-C001,4,1,7506901,2
RCL149-C001,4,1,7090034,98
RCL149-C001,4,1,7506634,2
RCL149-C001,4,1,7062420,214
RCL149-C001,4,1,7506109,23
RCL149-C001,5,1,7502434,85
RCL149-C001,5,1,7506214,5
RCL149-C001,5,1,7090007,11
RCL149-C001,5,1,7506090,17
RCL149-C002,1,1,7506098,85
RCL149-C002,1,1,7502444,16
RCL148-C004,4,1,7506272,34
RCL149-C002,1,1,7062404,131
RCL149-C002,1,1,7506423,182
RCL149-C002,2,1,7506058,911
RCL149-C002,2,1,7550720,10
RCL149-C002,3,1,7090036,83
RCL149-C002,3,1,7506226,75
RCL149-C002,3,1,7506246,429
RCL149-C002,3,1,7506126,114
RCL149-C002,4,1,7506377,115
RCL149-C002,4,1,7062415,330
RCL149-C002,4,1,7506846,4
RCL149-C002,5,1,7054001,1
RCL149-C002,5,1,7506396,51
RCL149-C003,1,1,7025205,41
RCL149-C003,1,1,7062414,244
RCL149-C003,2,1,7090050,14
RCL149-C003,2,1,7090047,17
RCL149-C003,3,1,7507216,7
RCL149-C003,3,1,7506376,570
RCL149-C003,3,1,7550808,45
RCL149-C003,5,1,7500065,179
RCL149-C004,1,1,7506566,15
RCL149-C004,1,1,7507273,18
RCL149-C001,4,1,7507106,10
RCL149-C004,1,1,7171340,25
RCL149-C004,1,1,7550784,38
RCL149-C004,2,1,7502023,98
RCL149-C004,2,1,7506027,8
RCL149-C004,2,1,7506026,20
RCL149-C004,2,1,7506048,40
RCL149-C004,3,1,7507264,33
RCL149-C004,3,1,7502904,10
RCL149-C004,3,1,7506568,3
RCL149-C004,3,1,7506081,103
RCL149-C004,3,1,7506562,24
RCL149-C004,3,1,7506834,13
RCL149-C004,3,1,7506132,60
RCL149-C004,4,1,7506013,16
RCL149-C004,4,1,7550820,5
RCL149-C004,4,1,7506854,13
RCL149-C004,4,1,7550804,8
RCL150-C001,1,1,0009092,4
RCL150-C001,1,1,160701417101,9
RCL150-C001,1,1,501533,3
RCL150-C001,1,1,VH901800AV,11
RCL150-C001,1,1,7550066,2
RCL150-C001,1,1,VH901700AV,81
RCL150-C001,2,1,7090013,257
RCL150-C001,5,1,7506176,341
RCL151-C001,2,1,2235108,36
RCL151-C001,2,1,2235105,29
RCL151-C001,2,1,2235110,14
RCL151-C001,2,1,2235104,55
RCL151-C001,2,1,2235008,6
RCL151-C001,3,1,2235007,6
RCL151-C001,3,1,2235003,24
RCL151-C001,3,1,2235006,3
RCL151-C001,4,1,2205016,80
RCL151-C001,4,1,2235005,24
RCL152-C001,1,1,7506123,117
RCL152-C001,1,1,7041105,11
RCL152-C001,1,1,7506386,78
RCL152-C001,2,1,2395401,60
RCL149-C004,3,1,7506108,10
RCL152-C001,2,1,7090030,196
RCL152-C001,3,1,7090026,189
RCL152-C001,3,1,7090038,71
RCL152-C001,3,1,7506196,204
RCL152-C001,3,1,7502404,255
RCL152-C001,4,1,7506384,260
RCL152-C001,4,1,7506394,110
RCL152-C001,4,1,7502440,140
RCL152-C001,4,1,7171326,208
RCL152-C001,5,1,7502482,12
RCL152-C002,1,1,7090049,12
RCL152-C002,1,1,7502478,20
RCL150-C001,1,1,3525212,70
RCL152-C002,1,1,7506040,20
RCL152-C002,2,1,7110205,83
RCL152-C002,2,1,7550732,335
RCL152-C002,3,1,7507230,12
RCL151-C001,1,1,5007001,12
RCL152-C002,3,1,7502468,272
RCL152-C002,3,1,7550750,6
RCL152-C002,3,1,7506844,7
RCL152-C002,4,1,7090045,9
RCL152-C002,4,1,7506208,37
RCL152-C002,4,1,7506390,82
RCL151-C001,3,1,2235002,21
RCL152-C002,5,1,7506431,53
RCL152-C002,5,1,4050003,8
RCL152-C002,5,1,7500390,43
RCL152-C003,1,1,7110206,117
RCL151-C001,4,1,2233006,13
RCL151-C001,4,1,2205012,73
RCL152-C003,1,1,7506258,14
RCL152-C003,1,1,4050002,34
RCL152-C003,2,1,7506738,14
RCL152-C003,2,1,7506104,1
RCL152-C003,2,1,7062402,5513
RCL152-C003,2,1,7506030,70
RCL152-C003,3,1,9041820,44
RCL152-C003,3,1,7506393,265
RCL152-C003,3,1,7506080,230
RCL152-C003,4,1,7506247,341
RCL152-C003,4,1,7502481,277
RCL152-C003,4,1,7506224,486
RCL152-C003,5,1,7601214,211
RCL152-C004,1,1,7506316,68
RCL152-C004,1,1,7506225,72
RCL152-C004,2,1,7506512,16
RCL152-C004,2,1,7506219,198
RCL152-C004,2,1,7506878,119
RCL152-C004,2,1,7506894,74
RCL152-C004,2,1,7502464,23
RCL152-C004,2,1,7090046,8
RCL152-C004,3,1,7506071,19
RCL152-C004,3,1,7506138,40
RCL152-C004,3,1,7506073,13
RCL152-C004,3,1,7507048,36
RCL152-C004,3,1,7506652,1
RCL152-C004,3,1,7506832,18
RCL152-C004,3,1,9041822,10
RCL152-C004,4,1,7507267,33
RCL153-C001,1,1,7550752,5
RCL153-C001,1,1,7506032,36
RCL153-C001,1,1,7502470,73
RCL153-C001,1,1,7062405,83
RCL153-C001,1,1,7090011,10
RCL153-C001,2,1,7506702,9
RCL153-C001,2,1,7506482,25
RCL153-C001,2,1,7507236,1
RCL153-C001,2,1,7506292,285
RCL153-C001,2,1,7506125,9
RCL153-C001,2,1,9041808,103
RCL153-C001,2,1,7506024,11
RCL153-C001,3,1,7550762,2
RCL153-C001,3,1,7506170,291
RCL153-C002,1,1,7507265,2
RCL153-C002,1,1,7506642,77
RCL153-C002,2,1,7507042,31
RCL153-C002,2,1,7506818,5
RCL152-C004,1,1,7506062,26
RCL153-C002,2,1,7506644,2
RCL153-C002,2,1,7507047,11
RCL153-C002,2,1,7506212,31
RCL153-C002,2,1,7506034,129
RCL153-C002,3,1,7506106,19
RCL153-C002,3,1,7506134,67
RCL153-C002,4,1,2330300,23
RCL153-C002,4,1,7062400,8380
RCL153-C002,4,1,7062401,2000
RCL153-C002,5,1,7090042,21
RCL153-C002,5,1,7601212,237
RCL153-C003,1,1,7171350,11
RCL153-C003,1,1,7506742,37
RCL152-C004,4,1,7507208,32
RCL153-C003,1,1,7507031,11
RCL153-C003,1,1,7506148,219
RCL153-C003,2,1,7506449,127
RCL153-C003,3,1,7506426,142
RCL153-C003,3,1,7110208,65
RCL153-C003,3,1,4050005,31
RCL153-C003,4,1,7062412,33
RCL153-C003,4,1,7506253,228
RCL153-C003,4,1,7090039,36
RCL153-C003,5,1,7506434,103
RCL153-C003,5,1,7506186,123
RCL153-C003,5,1,7506401,115
RCL153-C004,1,1,7506938,6
RCL153-C004,1,1,7506766,2
RCL153-C004,1,1,7500387,17
RCL153-C004,2,1,7506484,1
RCL153-C004,2,1,7506050,17
RCL153-C004,2,1,7507059,117
RCL153-C004,2,1,9041818,17
RCL153-C004,2,1,7506840,24
RCL153-C004,3,1,7506880,1
RCL153-C004,3,1,7506582,4
RCL153-C004,3,1,7506926,18
RCL153-C004,3,1,7506069,97
RCL153-C004,3,1,7507202,6
RCL153-C004,3,1,7506746,24
RCL153-C004,3,1,7506152,86
RCL153-C004,4,1,7171348,12
RCL153-C004,4,1,7506974,10
RCL153-C004,4,1,7506816,2
RCL153-C004,4,1,7506976,12
RCL153-C004,4,1,7506838,10
RCL153-C004,4,1,7506712,14
RCL153-C004,5,1,7506172,185
RCL154-C002,5,1,7506429,46
RCL154-C002,5,1,7506437,57
RCL155-C001,1,1,7090032,38
RCL155-C001,1,1,7601216,59
RCL155-C001,1,1,7506056,58
RCL155-C001,1,1,7550812,10
RCL155-C001,2,1,7506256,354
RCL155-C001,2,1,7502466,70
RCL155-C001,3,1,7062417,822
RCL155-C001,4,1,7506010,24
RCL155-C001,4,1,7054002,28
RCL155-C001,4,1,7110201,8
RCL155-C001,4,1,7502416,24
RCL155-C001,4,1,7506991,15
RCL155-C001,4,1,7506114,47
RCL155-C001,4,1,7506420,145
RCL155-C001,5,1,7506248,552
RCL155-C002,1,1,2395402,276
RCL155-C002,1,1,7506407,61
RCL155-C002,1,1,7506242,102
RCL155-C002,1,1,7506122,38
RCL155-C002,1,1,7502428,192
RCL155-C002,2,1,7502432,28
RCL155-C002,2,1,7506220,381
RCL155-C002,2,1,7506264,87
RCL155-C002,2,1,7506202,576
RCL155-C002,2,1,7506385,103
RCL155-C002,3,1,7506200,645
RCL155-C002,3,1,7502420,272
RCL155-C002,3,1,7506128,82
RCL155-C002,3,1,7090070,9
RCL155-C002,4,1,7506294,9
RCL155-C002,4,1,7090016,61
RCL155-C002,4,1,7550835,8
RCL155-C001,1,1,7507050,16
RCL155-C002,4,1,7506206,397
RCL155-C002,5,1,7502438,321
RCL155-C001,1,1,7506714,14
RCL155-C002,5,1,7550806,6
RCL155-C002,5,1,7090024,148
RCL155-C003,1,1,7171352,7
RCL155-C003,1,1,7550842,12
RCL155-C003,1,1,7506078,10
RCL155-C003,2,1,7506970,19
RCL155-C003,2,1,7506154,52
RCL155-C003,2,1,7506066,22
RCL155-C003,2,1,7507206,5
RCL155-C003,2,1,7506270,51
RCL155-C003,2,1,7506160,217
RCL155-C003,2,1,7550786,38
RCL155-C003,3,1,7507030,1
RCL155-C003,3,1,7507054,52
RCL155-C003,3,1,7506072,398
RCL155-C003,4,1,7507055,2
RCL155-C003,4,1,7171304,44
RCL155-C003,4,1,7502414,8
RCL155-C003,4,1,7062407,97
RCL155-C003,4,1,7506140,18
RCL155-C003,4,1,7502451,115
RCL155-C003,4,1,7502424,1100
RCL155-C003,5,1,7550782,121
RCL155-C003,5,1,7506082,370
RCL155-C004,1,1,7550802,49
RCL155-C004,1,1,7550788,51
RCL156-C001,1,1,7054510,1
RCL156-C001,1,1,7090625,12
RCL156-C001,2,1,7054008,32
RCL156-C001,3,1,7090637,44
RCL156-C001,4,1,7054041,15
RCL156-C001,5,1,7054068,19
RCL157-C001,1,1,0004628,10
RCL157-C001,1,1,7054064,102
RCL157-C001,4,1,7054020,175
RCL157-C001,5,1,7054040,297
RCL158-C001,1,1,7054069,3
RCL158-C001,2,1,7054025,61
RCL158-C001,3,1,7054066,9
RCL158-C001,4,1,7090620,137
RCL158-C001,5,1,7090639,56
RCL159-C001,2,1,1628821,413
RCL159-C001,2,1,2352065,2
RCL159-C001,3,1,2352319,61
RCL159-C001,4,1,2385092,25
RCL159-C001,4,1,1574675,295
RCL159-C001,4,1,2352002,57
RCL159-C001,5,1,7702045342031,303
RCL159-C002,1,1,3352174,223
RCL159-C002,2,1,2385093,52
RCL159-C002,3,1,879154,127
RCL159-C002,5,1,2385002,127
RCL159-C003,1,1,878628,230
RCL159-C003,2,1,961942,7
RCL159-C003,2,1,7001800,23
RCL159-C003,3,1,297692,243
RCL159-C003,3,1,492818,68
RCL159-C003,4,1,5700306,4
RCL159-C003,4,1,5700307,84
RCL159-C003,5,1,297686,110
RCL159-C004,1,1,2385007,437
RCL159-C004,2,1,879165,231
RCL159-C004,3,1,7702045342062,336
RCL159-C004,4,1,961927,489
RCL160-C001,1,1,1109001,58
RCL160-C001,1,1,2352136,86
RCL160-C001,2,1,2385006,33
RCL160-C001,3,1,7445005603758,10
RCL160-C001,3,1,961918,28
RCL160-C001,3,1,961917,8
RCL160-C001,3,1,961912,30
RCL160-C001,5,1,9619500,287
RCL160-C002,1,1,666026,96
RCL160-C002,1,1,1262062,79
RCL160-C002,2,1,2330235,171
RCL160-C002,2,1,502071,72
RCL160-C002,3,1,665598,329
RCL160-C002,3,1,2352001,125
RCL160-C002,4,1,665597,520
RCL160-C002,4,1,7445005603765,38
RCL160-C002,5,1,664558,44
RCL160-C003,1,1,666054,66
RCL160-C003,1,1,2352302,37
RCL160-C003,2,1,7501199467122,118
RCL160-C003,2,1,878633,131
RCL160-C003,3,1,666028,44
RCL160-C003,3,1,1628820,649
RCL160-C003,4,1,1629145,301
RCL160-C003,4,1,961922,180
RCL160-C003,4,1,1109002,33
RCL160-C003,5,1,4005531,48
RCL160-C004,1,1,3256510,36
RCL160-C004,1,1,2385009,56
RCL160-C004,2,1,2352301,332
RCL160-C004,3,1,2352300,114
RCL160-C004,4,1,2385001,361
RCL160-C004,5,1,2385008,4
RCL161-C001,1,1,3256821,44
RCL161-C001,1,1,038070017,96
RCL161-C001,2,1,2330408,210
RCL161-C001,2,1,033010037,23
RCL161-C001,3,1,2321910,39
RCL161-C001,3,1,032440021,8
RCL161-C001,3,1,033010024,14
RCL161-C001,4,1,8706304,103
RCL161-C001,4,1,032440024,50
RCL161-C001,5,1,2330410,495
RCL161-C002,1,1,2320407,42
RCL161-C002,2,1,032440019,36
RCL161-C002,3,1,033010027,7
RCL161-C002,3,1,032440018,50
RCL161-C002,3,1,2385125,88
RCL161-C002,4,1,038070012,352
RCL161-C002,5,1,032440015,77
RCL161-C003,1,1,038070016,34
RCL161-C003,2,1,2320133,107
RCL161-C003,2,1,033010023,22
RCL161-C003,3,1,032440016,37
RCL161-C003,4,1,2385111,23
RCL161-C004,1,1,032440028,45
RCL161-C004,2,1,6020002,243
RCL161-C004,3,1,6010027,19
RCL161-C004,4,1,6020003,30
RCL161-C004,4,1,6032004,11
RCL162-C001,1,1,2320406,52
RCL162-C001,2,1,033010038,124
RCL162-C001,2,1,2320129,131
RCL162-C001,3,1,031260044,339
RCL162-C001,3,1,2385106,72
RCL162-C001,4,1,023450004,268
RCL162-C001,4,1,023450003,117
RCL162-C001,4,1,023450007,132
RCL162-C001,4,1,023450005,102
RCL162-C001,4,1,023450006,115
RCL162-C001,5,1,2320410,49
RCL162-C001,5,1,3256824,15
RCL162-C002,1,1,3270350,99
RCL162-C002,2,1,032440017,30
RCL162-C002,2,1,032440022,22
RCL162-C002,2,1,2320404,24
RCL162-C002,3,1,2385120,145
RCL161-C001,3,1,2320027,2
RCL162-C002,3,1,0324400250,7
RCL162-C002,4,1,031480018,343
RCL161-C001,5,1,2330414,436
RCL162-C003,1,1,2320413,96
RCL162-C003,1,1,038070019,167
RCL161-C002,2,1,2320416,122
RCL162-C003,1,1,3270354,7
RCL162-C003,1,1,3270352,165
RCL162-C003,2,1,2320412,44
RCL162-C003,2,1,038070018,293
RCL162-C003,2,1,032440020,2
RCL162-C003,2,1,2320402,36
RCL162-C003,3,1,033010029,18
RCL162-C003,3,1,2385119,376
RCL162-C003,4,1,033010018,5
RCL162-C003,4,1,033010026,4
RCL162-C003,4,1,032440027,11
RCL162-C004,1,1,3256520,28
RCL162-C004,2,1,2385091,24
RCL162-C004,2,1,2320414,75
RCL162-C004,2,1,033010030,29
RCL162-C004,3,1,031480013,228
RCL162-C004,4,1,031260039,252
RCL163-C001,2,1,6150017,59
RCL163-C001,2,1,4530148,208
RCL163-C001,3,1,0009518,60
RCL163-C001,3,1,GA016703AV,59
RCL163-C001,4,1,7001997,3
RCL163-C001,5,1,7054045,63
RCL164-C001,1,1,8671021,7
RCL164-C001,1,1,610059801,10
RCL164-C001,1,1,6150013,15
RCL164-C001,2,1,4535017,17
RCL164-C001,2,1,0460954,5
RCL164-C001,2,1,4530146,237
RCL164-C001,2,1,0460923,18
RCL162-C002,1,1,2320135,42
RCL164-C001,3,1,6150016,30
RCL164-C001,4,1,4535016,59
RCL165-C001,1,1,4530638,7
RCL165-C001,1,1,0004627,10
RCL165-C001,1,1,VH901100AV,27
RCL165-C001,2,1,0460953,173
RCL165-C001,2,1,0460031,6
RCL165-C001,2,1,6150000,94
RCL165-C001,3,1,4535010,155
RCL165-C001,3,1,4535316,58
RCL165-C001,4,1,0570005,24
RCL165-C001,4,1,6150012,58
RCL165-C001,4,1,45357933,30
RCL165-C001,5,1,4530158,274
RCL166-C001,1,1,4530155,13
RCL166-C001,1,1,6150018,21
RCL166-C001,2,1,6100123,37
RCL166-C001,2,1,4535411,16
RCL166-C001,2,1,4530156,112
RCL166-C001,2,1,6150011,35
RCL166-C001,2,1,0570011,147
RCL166-C001,3,1,4535009,72
RCL166-C001,3,1,4530160,64
RCL166-C001,3,1,6100759,23
RCL166-C001,4,1,6150032,4
RCL166-C001,4,1,4530147,119
RCL166-C001,5,1,6150049,22
RCL166-C001,5,1,0570002,25
RCL163-C001,3,1,6150020,8
RCL167-C001,1,1,2330424,201
RCL163-C001,4,1,0570008,12
RCL167-C001,1,1,2320124,46
RCL167-C001,1,1,2320202,144
RCL167-C001,2,1,031260038,155
RCL167-C001,3,1,031480012,402
RCL167-C001,4,1,031260040,99
RCL167-C001,5,1,031260042,110
RCL167-C002,1,1,2321026,134
RCL167-C002,2,1,031260007,47
RCL167-C002,2,1,38070030,107
RCL167-C002,3,1,2330176,28
RCL167-C002,4,1,035940006,23
RCL164-C001,4,1,0570017,1
RCL167-C002,4,1,038070013,1
RCL167-C002,5,1,2330426,826
RCL167-C003,1,1,2320405,119
RCL167-C003,1,1,2330436,25
RCL167-C003,1,1,2330441,8
RCL167-C003,2,1,2352054,4
RCL167-C003,3,1,2330165,66
RCL167-C003,3,1,031260022,42
RCL167-C003,4,1,2330412,227
RCL167-C003,4,1,3300307,88
RCL167-C003,4,1,2330404,5
RCL167-C003,5,1,2330183,209
RCL167-C004,1,1,2330104,49
RCL167-C004,1,1,2320408,39
RCL167-C004,2,1,2330406,56
RCL167-C004,2,1,2321900,10
RCL167-C004,2,1,2330438,26
RCL167-C004,2,1,2330437,88
RCL167-C004,3,1,2321905,19
RCL167-C004,3,1,2330446,207
RCL166-C001,1,1,6150007,11
RCL167-C004,4,1,3300209,100
RCL167-C004,4,1,023450001,42
RCL167-C004,5,1,8707102,60
RCL167-C004,5,1,031480006,4
RCL167-C004,5,1,2330190,31
RCL168-C001,1,1,38070033,510
RCL168-C001,2,1,023450002,236
RCL168-C001,2,1,031260041,399
RCL168-C002,1,1,031260024,38
RCL168-C002,2,1,38070031,282
RCL168-C002,3,1,031260043,184
RCL168-C002,3,1,031260021,16
RCL168-C002,5,1,2352059,108
RCL168-C003,1,1,7062110,33
RCL168-C003,1,1,3300215,32
RCL168-C003,1,1,2330178,85
RCL168-C003,3,1,38070032,10
RCL168-C003,3,1,038070014,548
RCL168-C003,5,1,2320122,387
RCL168-C003,5,1,2320415,272
RCL168-C003,5,1,8707100,73
RCL168-C004,1,1,3300306,77
RCL167-C002,1,1,8707104,85
RCL168-C004,1,1,038070003,16
RCL168-C004,1,1,023690005,28
RCL168-C004,2,1,2320164,32
RCL168-C004,2,1,038070001,11
RCL168-C004,2,1,2320022,3
RCL168-C004,3,1,3300308,22
RCL168-C004,3,1,2320024,2
RCL168-C004,3,1,038070002,5
RCL168-C004,3,1,7062921,5
RCL168-C004,3,1,2320212,77
RCL168-C004,4,1,2320184,200
RCL168-C004,4,1,2320120,30
RCL168-C004,4,1,2320020,5
RCL168-C004,4,1,3300305,52
RCL168-C004,5,1,2320205,22
RCL168-C004,5,1,2320021,4
RCL168-C004,5,1,2320028,32
RCL168-C004,5,1,2320190,750
RCL168-C004,5,1,038070004,21
RCL168-C004,6,1,2320186,550
RCL168-C004,6,1,2320204,500
RCL169-C002,4,1,052440112,440
RCL169-C002,4,1,7501728,364
RCL170-C001,1,1,052440134,120
RCL170-C001,1,1,7501275,13
RCL170-C001,1,1,052450003,14
RCL170-C001,1,1,052450017,16
RCL170-C001,1,1,7501090,33
RCL170-C001,1,1,7501082,45
RCL170-C001,2,1,7501149,48
RCL170-C001,2,1,7501752,77
RCL170-C001,2,1,052440169,61
RCL170-C001,2,1,7507119,369
RCL168-C001,5,1,8707200,597
RCL170-C001,3,1,7501932,56
RCL170-C001,3,1,7501749,221
RCL170-C001,3,1,7501679,5
RCL170-C001,4,1,7501314,4
RCL170-C001,4,1,052450001,1
RCL170-C001,4,1,7501945,75
RCL170-C001,4,1,7501925,14
RCL170-C001,5,1,7550239,81
RCL170-C001,5,1,7501133,145
RCL170-C001,5,1,052440039,9
RCL170-C002,1,1,7501947,53
RCL170-C002,1,1,7501773,175
RCL170-C002,1,1,7501948,51
RCL170-C002,1,1,7501918,57
RCL168-C004,1,1,2320208,200
RCL170-C002,2,1,052450005,22
RCL170-C002,2,1,7501944,205
RCL170-C002,2,1,052440146,120
RCL168-C004,2,1,2320210,159
RCL170-C002,2,1,7501776,31
RCL170-C002,2,1,7501736,174
RCL170-C002,2,1,7501141,3
RCL168-C004,3,1,2320211,290
RCL170-C002,2,1,7501687,48
RCL170-C002,3,1,7501089,73
RCL170-C002,4,1,7500633,81
RCL170-C002,4,1,7501748,287
RCL170-C002,4,1,052440136,40
RCL170-C002,4,1,052440145,40
RCL168-C004,4,1,2320214,519
RCL170-C002,4,1,7501737,75
RCL170-C002,5,1,7501124,30
RCL168-C004,4,1,2320026,1
RCL170-C002,5,1,7501686,227
RCL170-C003,1,1,052440117,54
RCL170-C003,1,1,7501313,43
RCL170-C003,1,1,7505300,39
RCL168-C004,5,1,2330409,10
RCL170-C003,1,1,7501732,84
RCL170-C003,1,1,052440128,80
RCL170-C003,1,1,7501720,87
RCL168-C004,6,1,2320209,29
RCL170-C003,1,1,7550388,9
RCL170-C003,1,1,7501146,12
RCL170-C003,2,1,7501922,163
RCL170-C003,2,1,7501949,66
RCL170-C003,2,1,7501914,113
RCL170-C003,3,1,52440439,62
RCL170-C003,3,1,052450007,3
RCL170-C003,3,1,7501212,10
RCL170-C003,4,1,7501612,200
RCL170-C003,4,1,7501129,141
RCL170-C003,4,1,7501691,25
RCL170-C003,4,1,7501740,71
RCL170-C003,5,1,7551055,196
RCL170-C003,5,1,7501929,315
RCL171-C001,1,1,0140848,207
RCL170-C001,3,1,7501909,11
RCL171-C001,1,1,4530154,67
RCL170-C001,3,1,7501157,156
RCL171-C001,2,1,0140846,69
RCL171-C001,2,1,0140849,87
RCL171-C001,3,1,0140845,95
RCL170-C001,4,1,7501935,251
RCL171-C001,3,1,0140847,95
RCL171-C001,5,1,2390021,68
RCL171-C001,5,1,2390005,1
RCL172-C001,1,1,7551044,192
RCL172-C001,1,1,7550369,67
RCL172-C001,1,1,7551032,266
RCL170-C002,1,1,7501126,27
RCL172-C001,1,1,7501943,84
RCL172-C001,1,1,052440171,10
RCL172-C001,1,1,7501155,83
RCL172-C001,1,1,7501744,138
RCL170-C002,1,1,052440132,96
RCL172-C001,2,1,7551043,72
RCL172-C001,2,1,7551034,321
RCL172-C001,2,1,052440149,46
RCL172-C001,2,1,7501199,82
RCL172-C001,3,1,7501780,23
RCL172-C001,3,1,7501127,169
RCL172-C001,4,1,7551040,292
RCL170-C002,3,1,7501920,57
RCL172-C001,5,1,7501151,207
RCL172-C002,1,1,7551039,398
RCL172-C002,1,1,7507005,22
RCL170-C002,4,1,7501913,67
RCL172-C002,1,1,7551030,5
RCL172-C002,2,1,7501730,29
RCL172-C002,2,1,7501939,20
RCL172-C002,2,1,7501921,140
RCL172-C002,2,1,7501915,10
RCL172-C002,2,1,7501093,110
RCL172-C002,3,1,7501934,19
RCL172-C002,3,1,7501941,68
RCL172-C002,3,1,052440150,10
RCL172-C002,3,1,7501753,9
RCL172-C002,3,1,7501682,91
RCL170-C003,1,1,052450002,15
RCL172-C002,4,1,052440012,108
RCL172-C002,4,1,7550618,2
RCL172-C002,4,1,52440432,13
RCL172-C002,4,1,52440433,17
RCL170-C003,2,1,7501073,161
RCL170-C003,2,1,7501200,24
RCL172-C002,4,1,7501937,30
RCL172-C002,4,1,7501772,27
RCL172-C002,4,1,7501092,54
RCL172-C002,5,1,7501152,66
RCL172-C003,1,1,7551047,58
RCL172-C003,1,1,052440023,27
RCL172-C003,1,1,7501716,15
RCL172-C003,2,1,7501136,137
RCL172-C003,2,1,7551021,21
RCL172-C003,2,1,052440137,20
RCL172-C003,2,1,7501087,128
RCL172-C003,2,1,7501745,98
RCL172-C003,3,1,052440133,40
RCL172-C003,3,1,052440170,249
RCL172-C003,3,1,7501757,60
RCL172-C003,4,1,052440172,12
RCL172-C003,4,1,7501095,23
RCL172-C003,5,1,7501930,304
RCL173-C001,1,1,7501926,35
RCL173-C001,1,1,052440164,50
RCL173-C001,1,1,7550361,1
RCL173-C001,1,1,7501156,19
RCL173-C001,2,1,7551076,194
RCL173-C001,3,1,7005434,1
RCL173-C001,3,1,7501139,157
RCL173-C001,3,1,7501768,45
RCL172-C001,2,1,7501954,24
RCL173-C001,4,1,7551095,50
RCL173-C001,4,1,7501669,36
RCL173-C001,4,1,7501084,20
RCL173-C001,4,1,7501756,195
RCL173-C001,5,1,524401981,219
RCL173-C001,5,1,7501086,281
RCL172-C001,3,1,052440162,147
RCL172-C001,3,1,7501764,48
RCL173-C002,1,1,52440469,31
RCL173-C002,1,1,052440045,30
RCL173-C002,1,1,7500699,33
RCL172-C001,4,1,7501692,62
RCL172-C001,5,1,7501951,201
RCL173-C002,1,1,7501721,35
RCL172-C002,1,1,7501153,17
RCL173-C002,2,1,7501725,45
RCL173-C002,2,1,7500647,30
RCL173-C002,2,1,7062500,13
RCL172-C002,1,1,7501761,38
RCL173-C002,2,1,7501769,18
RCL172-C002,2,1,7501083,60
RCL173-C002,2,1,7501158,8
RCL173-C002,2,1,7501088,64
RCL173-C002,3,1,052440135,39
RCL173-C002,3,1,7501910,147
RCL173-C002,4,1,7501741,32
RCL173-C002,4,1,052440098,5
RCL173-C002,4,1,7501678,263
RCL173-C002,4,1,7502205,16
RCL173-C002,5,1,7501154,250
RCL173-C002,5,1,7501719,104
RCL173-C003,1,1,52440216,7
RCL173-C003,1,1,7550482,10
RCL173-C003,1,1,052440044,225
RCL173-C003,1,1,7501148,52
RCL173-C003,2,1,7505306,4
RCL173-C003,2,1,7500695,39
RCL173-C003,2,1,7501094,124
RCL173-C003,3,1,7501674,429
RCL173-C003,4,1,7551072,1
RCL173-C003,4,1,7501144,39
RCL173-C003,5,1,7501085,43
RCL174-C001,1,1,52440492,5
RCL174-C001,1,1,7500640,4
RCL174-C001,1,1,7551052,313
RCL174-C001,1,1,7551065,12
RCL174-C001,1,1,7551027,44
RCL174-C001,2,1,7551051,252
RCL174-C001,2,1,052440051,545
RCL174-C001,2,1,7501952,48
RCL174-C001,2,1,7501699,6
RCL174-C001,3,1,52440213,33
RCL174-C001,3,1,7501145,55
RCL174-C001,4,1,501540,10
RCL174-C001,4,1,7550479,5
RCL174-C001,4,1,052440210,1
RCL173-C001,1,1,7501147,38
RCL174-C001,4,1,052440113,5
RCL174-C001,4,1,052440116,19
RCL174-C001,4,1,052440121,10
RCL174-C001,4,1,7551004,8
RCL174-C001,4,1,7501715,33
RCL174-C001,5,1,7551046,653
RCL174-C002,1,1,7500627,15
RCL174-C002,1,1,7500635,15
RCL173-C001,3,1,7501924,3
RCL174-C002,1,1,7550490,20
RCL174-C002,1,1,7551056,19
RCL174-C002,1,1,052440130,14
RCL174-C002,1,1,7500652,42
RCL174-C002,1,1,7551059,19
RCL174-C002,1,1,52440464,3
RCL174-C002,1,1,7551001,30
RCL174-C002,1,1,7501933,20
RCL174-C002,1,1,052440180,30
RCL174-C002,2,1,7551031,364
RCL174-C002,2,1,7550380,15
RCL174-C002,2,1,7501125,157
RCL174-C002,2,1,7501908,38
RCL174-C002,3,1,7551073,10
RCL174-C002,3,1,052440160,1
RCL174-C002,3,1,52440487,44
RCL174-C002,3,1,7501675,138
RCL174-C002,3,1,052440129,2
RCL174-C002,3,1,7501923,5
RCL174-C002,4,1,7551035,145
RCL174-C002,4,1,7550379,12
RCL174-C002,4,1,7551061,35
RCL174-C002,4,1,7551029,22
RCL174-C002,4,1,7551033,506
RCL174-C002,5,1,7551028,54
RCL174-C003,1,1,7551013,14
RCL174-C003,1,1,52440488,108
RCL174-C003,1,1,52440462,7
RCL174-C003,1,1,501553,7
RCL174-C003,1,1,52440467,220
RCL174-C003,2,1,7501652,19
RCL174-C003,2,1,7550371,16
RCL174-C003,2,1,7551016,2
RCL174-C003,2,1,52440465,120
RCL174-C003,2,1,052440139,20
RCL173-C003,2,1,7501907,48
RCL174-C003,2,1,52440431,6
RCL174-C003,2,1,52440450,5
RCL174-C003,3,1,7551068,10
RCL174-C003,3,1,7505017,13
RCL174-C003,3,1,7551064,22
RCL174-C003,3,1,052450014,12
RCL174-C003,3,1,501554,90
RCL174-C003,3,1,7551060,22
RCL174-C003,4,1,7501953,20
RCL174-C003,4,1,7501050,30
RCL174-C003,4,1,052440047,17
RCL174-C003,4,1,052440153,72
RCL174-C003,4,1,7500712,32
RCL174-C003,4,1,52440491,85
RCL174-C003,4,1,7551070,10
RCL174-C003,4,1,7500697,23
RCL174-C003,4,1,1109035,5
RCL174-C003,5,1,7501696,480
RCL174-C003,5,1,7551037,361
RCL175-C001,1,1,7501938,19
RCL175-C001,2,1,052440056,426
RCL175-C001,2,1,501507,30
RCL175-C001,3,1,052440166,34
RCL175-C001,3,1,7551054,72
RCL175-C001,3,1,7501733,120
RCL175-C001,4,1,7551080,18
RCL175-C001,4,1,7551075,57
RCL175-C001,5,1,7500708,56
RCL175-C001,5,1,7501210,32
RCL175-C002,1,1,501524,16
RCL175-C002,1,1,7551049,435
RCL175-C002,2,1,7551053,74
RCL175-C002,2,1,7551048,313
RCL175-C002,3,1,501522,4
RCL175-C002,3,1,7500622,1
RCL175-C002,3,1,7550952,1
RCL175-C002,3,1,052440211,10
RCL175-C002,3,1,7501936,160
RCL175-C002,3,1,7501695,33
RCL175-C002,4,1,501502,10
RCL175-C002,4,1,501510,30
RCL175-C002,4,1,501511,4
RCL175-C002,4,1,501521,3
RCL175-C002,4,1,7500650,2
RCL175-C002,4,1,7550999,11
RCL175-C002,4,1,7501052,30
RCL175-C002,4,1,7500834,69
RCL175-C002,4,1,501529,40
RCL175-C002,5,1,7005402,58
RCL175-C002,5,1,7501131,88
RCL175-C003,1,1,7501041,126
RCL175-C003,1,1,7551057,12
RCL175-C003,1,1,501519,115
RCL175-C003,2,1,501550,20
RCL175-C003,2,1,7500630,58
RCL175-C003,2,1,7551014,3
RCL174-C002,5,1,7501074,108
RCL175-C003,2,1,501512,10
RCL175-C003,2,1,501555,148
RCL175-C003,3,1,052440032,1
RCL175-C003,3,1,052440043,1
RCL175-C003,3,1,052440049,126
RCL175-C003,3,1,7501956,44
RCL175-C003,3,1,7500696,41
RCL175-C003,3,1,7500694,10
RCL175-C003,4,1,501551,174
RCL175-C003,4,1,52440476,41
RCL175-C003,4,1,7500628,23
RCL175-C003,4,1,7500632,6
RCL175-C003,4,1,7503344,3
RCL175-C003,4,1,7503342,36
RCL175-C003,4,1,7501560,1
RCL175-C004,1,1,7502203,46
RCL175-C004,1,1,501552,1
RCL175-C004,1,1,501516,56
RCL175-C004,1,1,1109034,12
RCL175-C004,2,1,52440486,9
RCL175-C004,2,1,52440493,4
RCL175-C004,2,1,501525,106
RCL175-C004,3,1,7501005,2
RCL175-C004,3,1,7550356,2
RCL175-C004,3,1,52440481,42
RCL175-C004,3,1,052440151,48
RCL175-C004,3,1,501514,1
RCL175-C004,3,1,1109033,10
RCL175-C004,4,1,7550368,5
RCL175-C004,4,1,7550395,27
RCL175-C004,4,1,7550466,14
RCL175-C004,4,1,7550473,12
RCL175-C004,4,1,7550939,4
RCL175-C004,4,1,501531,100
RCL175-C004,4,1,7550464,65
RCL175-C004,4,1,7550393,1
RCL175-C004,5,1,7550362,20
RCL175-C001,2,1,7551036,42
RCL175-C001,2,1,7501942,95
RCL175-C004,5,1,52440495,1
RCL175-C004,5,1,52440489,89
RCL175-C004,5,1,052440115,160
RCL175-C004,5,1,7550465,10
RCL175-C004,6,1,52440490,95
RCL175-C004,6,1,1109031,10
RCL176-C001,1,1,15005004,1
RCL176-C001,2,1,7001837,30
RCL176-C001,2,1,15005001,34
RCL176-C001,2,1,8705000,4
RCL176-C001,2,1,8352918,66
RCL176-C001,2,1,8352912,100
RCL176-C001,3,1,8352920,48
RCL176-C001,3,1,8352910,116
RCL176-C001,4,1,1500500,181
RCL176-C001,5,1,961944,12
RCL176-C001,5,1,8352914,13
RCL177-C001,1,1,1601016,2
RCL177-C001,2,1,7002001,24
RCL177-C001,3,1,7441050500257,16
RCL178-C001,2,1,2352325,14
RCL178-C001,3,1,2352324,5
RCL179-C001,2,1,2392369,12
RCL179-C001,2,1,2392391,6
RCL179-C001,2,1,2392371,18
RCL179-C001,2,1,2392375,12
RCL179-C001,2,1,2392386,13
RCL179-C001,3,1,2392342,2
RCL179-C001,3,1,2392395,14
RCL179-C001,3,1,2380001,6
RCL179-C001,3,1,2392331,6
RCL179-C001,4,1,2392381,18
RCL179-C001,4,1,2392370,18
RCL179-C001,4,1,2392401,16
RCL179-C001,4,1,2352327,6
RCL179-C001,4,1,2392318,9
RCL179-C001,5,1,2380005,188
RCL175-C003,2,1,7551058,49
RCL180-C001,1,1,9200373,31
RCL180-C001,1,1,9200261,64
RCL180-C001,1,1,9041058,156
RCL180-C001,1,1,9041043,93
RCL175-C003,3,1,052440099,174
RCL180-C001,1,1,9041071,16
RCL180-C001,2,1,9200374,2
RCL180-C001,2,1,9200230,24
RCL180-C001,2,1,9041059,46
RCL180-C001,2,1,9200251,14
RCL180-C001,3,1,9200225,195
RCL180-C001,3,1,9200240,16
RCL175-C003,4,1,7005011,1
RCL180-C001,3,1,9200247,10
RCL176-C001,1,1,8352922,18
RCL176-C001,3,1,7001992,9
RCL177-C001,2,1,1500505,22
RCL177-C001,2,1,7002018,1
RCL175-C003,4,1,7551063,26
RCL175-C003,5,1,7551026,497
RCL175-C003,5,1,7501081,22
RCL177-C001,2,1,4530200,14
RCL175-C004,1,1,501513,20
RCL177-C001,3,1,3352003,5
RCL177-C001,3,1,8352211,13
RCL177-C001,3,1,901018,13
RCL177-C001,4,1,0003089,1
RCL177-C001,4,1,0010414,1
RCL177-C001,4,1,8352040,15
RCL175-C004,2,1,7501072,161
RCL177-C001,4,1,0004626,2
RCL175-C004,2,1,501557,313
RCL177-C001,4,1,2610394629,6
RCL175-C004,3,1,7550950,9
RCL178-C001,1,1,2352009,20
RCL175-C004,3,1,501541,34
RCL178-C001,1,1,2392385,7
RCL178-C001,1,1,2352323,7
RCL178-C001,1,1,2352328,6
RCL178-C001,1,1,2392394,30
RCL178-C001,2,1,2352014,5
RCL178-C001,2,1,2392351,11
RCL178-C001,2,1,2392390,76
RCL178-C001,2,1,2352326,6
RCL178-C001,2,1,2352329,12
RCL178-C001,2,1,2392402,5
RCL178-C001,2,1,2352322,11
RCL178-C001,3,1,2392325,6
RCL178-C001,3,1,2392321,3
RCL178-C001,3,1,2352019,9
RCL180-C001,3,1,9200334,10
RCL180-C001,4,1,9200579,31
RCL180-C001,4,1,9200185,739
RCL180-C001,4,1,9200120,8
RCL180-C001,5,1,9200181,20
RCL180-C002,1,1,9200147,25
RCL180-C002,1,1,9200317,27
RCL180-C002,1,1,9200233,432
RCL180-C002,1,1,9200242,20
RCL180-C002,2,1,9200149,50
RCL180-C002,2,1,9200224,51
RCL180-C002,2,1,9200277,646
RCL180-C002,3,1,9200117,203
RCL180-C002,3,1,9041060,24
RCL180-C002,3,1,9041045,87
RCL177-C001,3,1,8352041,1
RCL177-C001,4,1,3352022,7
RCL177-C001,4,1,3352062,4
RCL178-C001,1,1,2352332,14
RCL178-C001,2,1,2392352,1
RCL178-C001,2,1,2392374,6
RCL178-C001,2,1,2392347,6
RCL178-C001,3,1,2392403,5
RCL180-C002,3,1,9200150,44
RCL180-C002,4,1,9041225,77
RCL178-C001,4,1,2352018,9
RCL180-C002,4,1,9200250,302
RCL180-C002,5,1,9200578,35
RCL179-C001,2,1,2352011,19
RCL180-C003,1,1,043410020,5
RCL180-C003,1,1,9200198,134
RCL180-C003,1,1,9200167,24
RCL180-C003,1,1,9200260,53
RCL180-C003,1,1,9200229,45
RCL180-C003,2,1,9200587,19
RCL180-C003,2,1,9200151,75
RCL180-C003,2,1,9200279,11
RCL180-C003,3,1,9200125,40
RCL180-C003,3,1,9200169,14
RCL180-C003,3,1,9200232,21
RCL179-C001,4,1,2392332,4
RCL180-C003,3,1,9200115,680
RCL180-C003,4,1,9200130,29
RCL180-C003,4,1,9200239,42
RCL180-C003,5,1,9200550,18
RCL180-C003,5,1,9200226,26
RCL180-C003,5,1,9200262,14
RCL180-C003,5,1,9041044,5
RCL180-C004,1,1,9200201,133
RCL180-C001,1,1,9200192,132
RCL180-C004,1,1,9200193,231
RCL180-C004,1,1,9200116,272
RCL180-C004,1,1,9041265,77
RCL180-C004,1,1,9200259,94
RCL180-C004,2,1,9200186,410
RCL180-C004,2,1,9200199,267
RCL180-C004,2,1,9200123,2660
RCL180-C004,2,1,9200241,620
RCL180-C004,3,1,9200245,372
RCL180-C004,3,1,9200200,50
RCL180-C004,3,1,9200138,83
RCL180-C004,3,1,9200213,18
RCL180-C004,3,1,9200190,56
RCL180-C001,5,1,9200565,20
RCL180-C004,3,1,9200208,30
RCL180-C002,4,1,9200174,14
RCL180-C002,5,1,9200197,30
RCL180-C002,5,1,9200556,102
RCL180-C002,5,1,9200168,20
RCL180-C004,1,1,9200271,6
RCL181-C002,2,1,9200160,2
RCL180-C004,3,1,9200187,538
RCL181-C004,3,1,9041901,11
RCL180-C004,3,1,9200155,29
RCL181-C004,3,1,9200291,21
RCL181-C004,3,1,9200114,19
RCL181-C004,3,1,9041006,28
RCL181-C004,3,1,9200139,1
RCL181-C004,3,1,9200227,3
RCL181-C004,3,1,9200248,40
RCL180-C004,4,1,9200195,50
RCL181-C004,3,1,9041074,18
RCL180-C004,5,1,9200178,98
RCL180-C004,5,1,9200196,23
RCL181-C004,4,1,9200577,6
RCL181-C004,4,1,9200132,88
RCL181-C004,4,1,9200180,322
RCL181-C001,2,1,9041080,40
RCL181-C001,2,1,9200716,20
RCL181-C004,4,1,9200121,173
RCL181-C004,4,1,9200122,86
RCL181-C004,5,1,1520210,472
RCL182-C001,1,1,6140016,59
RCL182-C001,1,1,0132001,11
RCL182-C001,1,1,0164005,37
RCL182-C001,2,1,0524024,11
RCL181-C001,4,1,9200321,20
RCL182-C001,2,1,0526239,6
RCL182-C001,2,1,0120093,6
RCL182-C001,2,1,0132002,23
RCL182-C001,2,1,0540118,6
RCL182-C001,2,1,0540074,14
RCL181-C001,5,1,6010034,9
RCL182-C001,3,1,0524012,21
RCL181-C002,2,1,915743,365
RCL182-C001,3,1,0526198,17
RCL182-C001,3,1,9180018,33
RCL182-C001,3,1,9180113,7
RCL181-C002,3,1,9200135,39
RCL182-C001,3,1,0540505,17
RCL182-C001,4,1,0524027,41
RCL182-C001,4,1,0524128,19
RCL182-C001,4,1,0540051,30
RCL182-C001,4,1,0540060,40
RCL182-C001,4,1,0524544,1
RCL182-C001,4,1,0540055,23
RCL182-C001,4,1,0524008,3
RCL182-C001,4,1,0524301,4
RCL182-C001,4,1,0524019,4
RCL182-C001,4,1,0574017,33
RCL182-C001,4,1,0540117,15
RCL182-C001,5,1,92110227,3
RCL182-C002,1,1,9180118,20
RCL181-C004,2,1,9200154,792
RCL181-C004,2,1,9200218,173
RCL182-C002,1,1,76174974836,7
RCL182-C002,1,1,0130002,1
RCL182-C002,1,1,0190024,48
RCL182-C002,2,1,0526218,63
RCL181-C004,3,1,9200228,5
RCL182-C002,2,1,01752015,27
RCL182-C002,2,1,0506180,27
RCL182-C002,2,1,0526092,30
RCL182-C002,2,1,01757931,39
RCL182-C002,2,1,0572001,25
RCL182-C002,3,1,0540348,59
RCL181-C004,4,1,9200131,163
RCL182-C002,3,1,0506103,29
RCL182-C002,3,1,0524026,22
RCL182-C002,3,1,0506179,54
RCL182-C002,3,1,0120070,15
RCL182-C002,3,1,0186013,35
RCL182-C002,3,1,9180053,19
RCL182-C001,1,1,0540077,19
RCL182-C002,4,1,9180043,5
RCL182-C001,1,1,0174004,32
RCL182-C002,4,1,0186022,4
RCL182-C002,4,1,0132000,35
RCL182-C002,4,1,0132003,68
RCL182-C002,4,1,0118080,117
RCL182-C002,5,1,0011155,271
RCL182-C001,2,1,0120094,66
RCL182-C002,5,1,0186011,81
RCL182-C003,1,1,0114016,6
RCL182-C003,1,1,918073,24
RCL182-C003,1,1,0524198,6
RCL181-C002,2,1,915742,166
RCL182-C003,1,1,0176001,34
RCL182-C003,1,1,0114012,8
RCL182-C003,1,1,0190037,10
RCL182-C003,2,1,0506149,29
RCL182-C001,3,1,0524130,68
RCL182-C003,2,1,6020626,5
RCL182-C003,2,1,6020628,1
RCL182-C003,2,1,1525010,20
RCL182-C003,2,1,0524072,5
RCL182-C003,2,1,0524724,50
RCL182-C003,3,1,0524068,15
RCL182-C001,4,1,0540075,8
RCL182-C003,3,1,0540049,10
RCL182-C003,3,1,0540101,3
RCL182-C003,3,1,9180034,32
RCL182-C001,4,1,0106011,16
RCL182-C003,3,1,0164012,23
RCL182-C003,3,1,9180109,76
RCL182-C003,4,1,0524087,30
RCL182-C001,4,1,0531002,23
RCL182-C001,4,1,0540061,18
RCL182-C003,4,1,0540052,12
RCL182-C001,5,1,0186012,25
RCL182-C003,4,1,0540100,20
RCL182-C003,4,1,0380245,28
RCL182-C003,4,1,0524051,8
RCL182-C003,4,1,0164004,37
RCL182-C003,4,1,0526214,48
RCL182-C003,4,1,0540550,45
RCL182-C004,1,1,0540059,1
RCL182-C004,1,1,0540097,1
RCL182-C004,1,1,1520023,73
RCL182-C004,2,1,0524059,7
RCL182-C004,2,1,0166009,23
RCL182-C004,2,1,0540030,43
RCL182-C004,2,1,1520017,416
RCL182-C002,3,1,0106006,14
RCL182-C004,3,1,0506026,49
RCL182-C004,3,1,0540484,24
RCL182-C004,3,1,0524199,9
RCL182-C004,3,1,0570016,6
RCL182-C004,3,1,0164003,14
RCL182-C004,4,1,0524055,12
RCL182-C004,4,1,0524057,62
RCL182-C002,4,1,0524018,12
RCL182-C004,4,1,0506028,5
RCL182-C002,4,1,0524056,7
RCL182-C004,4,1,0524053,10
RCL182-C004,4,1,7599006,15
RCL182-C004,5,1,6095268,37
RCL182-C004,5,1,1558003,74
RCL182-C004,5,1,0114013,3
RCL183-C001,1,1,01752022,18
RCL183-C001,1,1,0186005,17
RCL183-C001,1,1,76174060553,5
RCL183-C001,2,1,STHT16131LA,13
RCL183-C001,2,1,0540105,6
RCL183-C001,2,1,0540026,11
RCL183-C001,2,1,0524042,24
RCL183-C001,2,1,0132004,45
RCL183-C001,3,1,0540078,12
RCL183-C001,3,1,0574009,10
RCL183-C001,3,1,9180138,33
RCL183-C001,3,1,0183090,22
RCL183-C001,4,1,0506023,35
RCL183-C001,4,1,0162001,45
RCL183-C001,4,1,0506122,60
RCL183-C001,4,1,0106010,4
RCL183-C001,5,1,1525014,170
RCL183-C001,5,1,0186014,31
RCL183-C002,1,1,9180119,30
RCL183-C002,1,1,0126043,38
RCL182-C003,4,1,0524120,4
RCL183-C002,1,1,0506168,46
RCL183-C002,1,1,0524075,24
RCL183-C002,1,1,0506124,8
RCL182-C003,4,1,0540083,5
RCL182-C003,5,1,01754550,47
RCL183-C002,2,1,0540025,34
RCL183-C002,2,1,0166011,17
RCL182-C004,1,1,0590018,2
RCL182-C004,1,1,0590017,7
RCL183-C002,2,1,0540129,71
RCL183-C002,2,1,0540034,23
RCL183-C002,2,1,01759480,50
RCL183-C002,3,1,2321002,2
RCL183-C002,3,1,1520073,208
RCL183-C002,4,1,0134008,28
RCL183-C002,4,1,9180102,31
RCL183-C002,4,1,0524044,1
RCL183-C002,4,1,0524000,3
RCL182-C004,3,1,0526360,182
RCL183-C002,4,1,0524050,7
RCL183-C002,4,1,0540351,24
RCL183-C002,4,1,7599064,1
RCL182-C004,4,1,0524031,19
RCL183-C002,4,1,0134006,7
RCL182-C004,4,1,0506233,37
RCL183-C002,5,1,9180114,35
RCL183-C002,5,1,0522002,118
RCL183-C002,5,1,0576000,33
RCL183-C002,5,1,9180104,10
RCL183-C003,1,1,0524096,27
RCL183-C003,1,1,0540503,21
RCL183-C003,1,1,0572002,36
RCL183-C003,1,1,0540062,18
RCL183-C003,2,1,0524004,24
RCL183-C003,3,1,0524123,15
RCL183-C003,3,1,0540508,9
RCL183-C003,3,1,0162000,43
RCL183-C003,3,1,0524046,42
RCL183-C003,4,1,0524067,48
RCL183-C001,2,1,0524040,20
RCL183-C003,4,1,0570015,30
RCL183-C001,2,1,0524043,20
RCL183-C003,4,1,0526208,15
RCL183-C003,4,1,0524200,10
RCL183-C001,3,1,0526041,23
RCL183-C003,4,1,0540054,43
RCL183-C003,4,1,0120025,54
RCL183-C003,5,1,1515035,540
RCL183-C004,1,1,0506017,51
RCL183-C004,1,1,1535262,85
RCL183-C004,2,1,0526223,24
RCL183-C004,2,1,0526155,43
RCL183-C004,2,1,0572000,16
RCL183-C004,2,1,0540037,10
RCL183-C001,4,1,0134005,50
RCL183-C004,3,1,0506019,66
RCL183-C004,3,1,0540098,23
RCL183-C001,5,1,1525020,160
RCL183-C004,3,1,0540506,15
RCL183-C004,3,1,0540507,37
RCL183-C002,1,1,0106007,121
RCL183-C004,3,1,1585067,1
RCL183-C004,3,1,0506165,69
RCL183-C004,3,1,7599003,1
RCL183-C004,4,1,0524074,35
RCL183-C004,4,1,0524048,39
RCL183-C004,4,1,0524028,1
RCL183-C004,4,1,1520272,316
RCL183-C004,5,1,1515036,252
RCL183-C004,5,1,0126045,5
RCL184-C001,1,1,2392343,8
RCL184-C001,1,1,2392311,13
RCL184-C001,1,1,2392309,5
RCL184-C001,1,1,2392333,12
RCL183-C002,3,1,0524117,58
RCL184-C001,2,1,2392340,4
RCL184-C001,2,1,2392328,7
RCL184-C001,2,1,2392334,2
RCL184-C001,2,1,2380003,17
RCL184-C001,2,1,2392335,3
RCL184-C001,2,1,9203006,2
RCL184-C001,3,1,2352021,8
RCL184-C001,3,1,2392307,25
RCL184-C001,3,1,2392320,15
RCL183-C002,4,1,0540048,13
RCL184-C001,3,1,2392399,6
RCL184-C001,3,1,2352013,2
RCL184-C001,3,1,2392319,6
RCL184-C001,3,1,2352017,8
RCL184-C001,4,1,2392378,1
RCL183-C002,5,1,0114015,15
RCL184-C001,4,1,9201319,7
RCL184-C001,4,1,2392305,14
RCL185-C001,1,1,2380004,31
RCL185-C001,1,1,2352026,14
RCL185-C001,1,1,2352030,11
RCL183-C003,2,1,0160026,23
RCL185-C001,1,1,2352034,29
RCL183-C003,2,1,0524116,18
RCL185-C001,2,1,2352032,6
RCL185-C001,2,1,2380002,18
RCL185-C001,3,1,2392339,7
RCL185-C001,3,1,2392355,6
RCL183-C003,3,1,0524540,7
RCL185-C001,3,1,2392327,5
RCL185-C001,4,1,2375001,11
RCL183-C003,4,1,9180151,8
RCL185-C001,4,1,2392348,3
RCL185-C001,4,1,2392393,3
RCL185-C001,4,1,2380006,135
RCL185-C001,4,1,9250001,2
RCL185-C001,5,1,9211232,263
RCL186-C001,5,1,0006001,56
RCL186-C001,5,1,9913056,20
RCL186-C001,5,1,92110127,221
RCL186-C002,5,1,9101570,385
RCL186-C003,4,1,9111501,1262
RCL187-C001,1,1,2321875,38
RCL187-C001,1,1,92110653,4
RCL183-C004,2,1,0540347,87
RCL187-C001,1,1,92110201,8
RCL187-C001,1,1,92110655,1
RCL187-C001,2,1,92110589,400
RCL187-C001,2,1,92110226,27
RCL187-C001,2,1,2321870,68
RCL187-C001,3,1,2321546,10
RCL187-C001,3,1,9111307,6
RCL183-C004,3,1,0540076,9
RCL187-C001,3,1,9111514,9
RCL187-C001,3,1,92110630,34
RCL187-C001,4,1,2321029,1
RCL187-C001,4,1,2321183,10
RCL183-C004,4,1,0526232,44
RCL187-C001,4,1,92110633,26
RCL187-C001,5,1,9111530,41
RCL187-C001,5,1,9130278,4
RCL183-C004,5,1,0140039,70
RCL187-C001,5,1,9111284,10
RCL187-C001,5,1,92110683,84
RCL187-C001,6,1,0420268,18
RCL187-C002,1,1,9211236,125
RCL187-C002,2,1,9111430,2348
RCL187-C002,2,1,92110687,1
RCL187-C002,2,1,9130262,7
RCL187-C002,3,1,9130266,30
RCL187-C002,3,1,92110612,34
RCL187-C002,3,1,0126123,67
RCL187-C002,3,1,0011167,13
RCL187-C002,3,1,0011165,28
RCL187-C002,4,1,92110205,5
RCL187-C002,4,1,2321370,55
RCL187-C002,4,1,0011168,24
RCL187-C002,4,1,0011166,81
RCL187-C002,5,1,92110654,22
RCL187-C002,5,1,9111494,37
RCL187-C003,1,1,9111355,4
RCL187-C003,1,1,9111499,92
RCL187-C003,2,1,9111116,4
RCL187-C003,2,1,92110213,2
RCL187-C003,3,1,9101569,11
RCL187-C003,3,1,92110602,41
RCL187-C003,4,1,92110601,32
RCL187-C003,4,1,0011164,73
RCL187-C003,5,1,0011157,177
RCL187-C003,5,1,2321181,4730
RCL187-C004,1,1,9111603,52
RCL187-C004,2,1,92110189,28
RCL187-C004,2,1,92110611,7
RCL187-C004,2,1,9111320,74
RCL187-C004,2,1,0011160,24
RCL187-C004,2,1,92110609,1
RCL187-C004,3,1,92110576,851
RCL187-C004,3,1,0011201,77
RCL187-C004,3,1,0011170,22
RCL187-C004,4,1,92110673,75
RCL187-C004,4,1,92110685,2
RCL187-C004,4,1,92110643,54
RCL187-C004,4,1,92110647,10
RCL187-C004,4,1,92110575,1208
RCL187-C004,5,1,92110577,4539
RCL187-C004,5,1,5121058,25
RCL187-C004,5,1,9111502,97
RCL188-C001,1,1,0010009,2
RCL188-C001,1,1,9111003,27
RCL188-C001,1,1,9130279,6
RCL188-C001,2,1,080596005009,49
RCL188-C001,2,1,0011323,6
RCL188-C001,2,1,9111433,481
RCL188-C001,2,1,9111138,5
RCL188-C001,2,1,9130255,8
RCL187-C001,3,1,92110196,1
RCL187-C001,5,1,92110632,60
RCL187-C003,3,1,9111504,30
RCL188-C001,3,1,0009031,1
RCL187-C001,4,1,2321010,263
RCL188-C001,3,1,0560009,23
RCL187-C001,4,1,92110646,7
RCL187-C001,4,1,9111512,4
RCL188-C001,3,1,92110634,104
RCL187-C001,5,1,92110613,171
RCL187-C001,5,1,92110607,6
RCL188-C001,3,1,9111602,479
RCL188-C001,3,1,0560008,1
RCL187-C001,5,1,92110191,2
RCL188-C001,4,1,080596028688,32
RCL188-C001,4,1,92110192,17
RCL187-C001,6,1,2608605070,183
RCL188-C001,4,1,9111316,3
RCL188-C001,5,1,2321055,212
RCL187-C002,1,1,92110629,46
RCL188-C001,5,1,2321981,1649
RCL188-C001,5,1,0130024,20
RCL188-C001,5,1,0200011,231
RCL188-C002,1,1,2321056,398
RCL187-C002,2,1,9111184,10
RCL188-C002,2,1,0140738,5
RCL188-C002,2,1,0610970,5
RCL188-C002,2,1,0010776,3
RCL188-C002,2,1,9130605,26
RCL188-C002,3,1,9111168,40
RCL188-C002,3,1,0140741,2
RCL188-C002,3,1,0011163,54
RCL188-C002,3,1,0140742,30
RCL188-C002,4,1,0006002,30
RCL188-C002,4,1,2321182,20
RCL188-C002,4,1,9111498,123
RCL188-C002,4,1,0610005,1
RCL188-C002,5,1,0011156,157
RCL188-C002,5,1,9914067,55
RCL188-C003,1,1,5120542,15
RCL188-C003,2,1,1619P0530601,1
RCL188-C003,2,1,9111508,117
RCL188-C003,2,1,0610012,5
RCL188-C003,3,1,92110639,30
RCL187-C003,2,1,9914062,69
RCL187-C003,2,1,9111197,3
RCL188-C003,3,1,2321533,84
RCL187-C003,3,1,92110637,42
RCL188-C003,4,1,5121026,1
RCL188-C003,4,1,5121072,1
RCL188-C003,5,1,0998052,41
RCL188-C003,5,1,0610013,9
RCL188-C003,5,1,2321054,335
RCL188-C004,1,1,0140737,33
RCL188-C004,2,1,9130254,1
RCL188-C004,2,1,0420267,13
RCL187-C004,1,1,92110608,7
RCL188-C004,2,1,0610968,33
RCL188-C004,2,1,2321542,210
RCL188-C004,2,1,9111576,56
RCL187-C004,2,1,92110578,997
RCL188-C004,3,1,f00061108501,1
RCL188-C004,3,1,5121140,1
RCL188-C004,3,1,2321544,94
RCL188-C004,4,1,0560012,13
RCL188-C004,5,1,2321057,111
RCL188-C004,5,1,92110224,18
RCL189-C001,1,1,0230043,507
RCL189-C001,1,1,0140025,23
RCL189-C001,1,1,0230009,156
RCL189-C001,2,1,0200002,145
RCL189-C001,2,1,0460149,77
RCL189-C001,2,1,1143002,37
RCL189-C001,2,1,0230040,42
RCL189-C001,2,1,0380029,11
RCL188-C001,1,1,9111005,18
RCL189-C001,3,1,0640002,194
RCL189-C001,3,1,7008302,98
RCL189-C001,3,1,0010077,32
RCL189-C001,4,1,0490023,67
RCL189-C001,4,1,0230010,125
RCL189-C001,4,1,0010065,10
RCL189-C001,4,1,0410007,28
RCL188-C001,2,1,9111077,1
RCL189-C001,4,1,0611050,77
RCL189-C001,5,1,0010053,29
RCL189-C001,5,1,0460151,26
RCL189-C002,1,1,0230027,102
RCL188-C001,3,1,2321876,2
RCL189-C002,1,1,0490026,70
RCL189-C002,1,1,0230030,30
RCL189-C002,1,1,0010073,21
RCL188-C001,4,1,0560011,13
RCL189-C002,2,1,0380030,12
RCL189-C002,2,1,0490027,17
RCL189-C002,2,1,0230050,97
RCL189-C002,3,1,0230029,35
RCL189-C002,3,1,0420154,110
RCL189-C002,4,1,1700143,29
RCL189-C002,4,1,1700136,22
RCL189-C002,4,1,1700090,26
RCL188-C002,2,1,0610967,5
RCL189-C002,4,1,1700065,45
RCL189-C002,5,1,0230014,209
RCL189-C002,5,1,0230016,414
RCL188-C002,3,1,0585305,15
RCL188-C002,3,1,0560006,5
RCL189-C002,5,1,0230022,235
RCL189-C003,1,1,1700099,57
RCL189-C003,1,1,1700134,16
RCL189-C003,1,1,1700144,6
RCL189-C003,1,1,1700082,4
RCL189-C003,1,1,1700135,15
RCL189-C003,2,1,0524060,7
RCL189-C003,2,1,9180020,17
RCL189-C003,2,1,1700138,14
RCL189-C003,3,1,0126068,32
RCL189-C003,3,1,0524088,19
RCL188-C003,1,1,5121198,48
RCL189-C003,3,1,888317003903,10
RCL189-C003,3,1,0506173,6
RCL189-C003,4,1,0130006,97
RCL189-C003,5,1,1619BZ0100,1
RCL189-C004,1,1,0011172,106
RCL189-C004,2,1,9914056,17
RCL189-C004,4,1,0610972,54
RCL188-C003,4,1,9914061,70
RCL189-C004,4,1,0610025,28
RCL189-C004,5,1,0420010,11
RCL190-C001,1,1,0709088,14
RCL190-C001,1,1,07013773,26
RCL190-C001,1,1,1190102,61
RCL190-C001,2,1,0410299,52
RCL190-C001,2,1,17093216,30
RCL190-C001,2,1,0709200,72
RCL190-C001,2,1,0709117,14
RCL190-C001,2,1,7417000508239,15
RCL190-C001,2,1,0709063,174
RCL190-C001,2,1,0205001,28
RCL190-C001,3,1,0707013,16
RCL190-C001,3,1,17093218,36
RCL190-C001,3,1,0707009,67
RCL190-C001,3,1,0707008,22
RCL190-C001,3,1,0707010,29
RCL190-C001,4,1,0140824,36
RCL190-C001,4,1,0709066,29
RCL190-C001,4,1,0709011,23
RCL190-C001,4,1,0707028,6
RCL190-C001,4,1,0707007,21
RCL190-C001,4,1,0709108,73
RCL190-C001,5,1,2321439,17258
RCL191-C001,2,1,0709092,20
RCL191-C001,2,1,0709067,51
RCL191-C001,3,1,0709061,254
RCL191-C001,3,1,0707015,27
RCL191-C001,3,1,1141056,60
RCL191-C001,4,1,1101001,16
RCL191-C001,4,1,0707016,20
RCL191-C001,5,1,2321435,983
RCL191-C001,5,1,1143001,59
RCL192-C001,1,1,0140823,45
RCL192-C001,2,1,0707006,45
RCL192-C001,2,1,0709085,13
RCL189-C001,5,1,9211233,1325
RCL192-C001,2,1,0707027,49
RCL192-C001,3,1,0707041,16
RCL192-C001,4,1,4418125,1
RCL192-C001,4,1,17093223,1
RCL192-C001,4,1,17093225,13
RCL192-C001,5,1,17093221,9
RCL193-C001,1,1,7002016,10
RCL193-C001,1,1,7001840,16
RCL193-C001,2,1,7002019,6
RCL193-C001,2,1,7002014,14
RCL193-C001,2,1,5009033,10
RCL193-C001,2,1,7002022,5
RCL193-C001,2,1,7001367,14
RCL189-C002,4,1,1700101,9
RCL189-C002,4,1,1700081,37
RCL189-C002,4,1,1700070,5
RCL189-C002,4,1,1700124,17
RCL189-C002,4,1,1700069,7
RCL189-C002,4,1,1700127,20
RCL189-C002,4,1,1700084,12
RCL189-C002,4,1,1700093,17
RCL193-C001,2,1,5009031,24
RCL193-C001,3,1,7002021,3
RCL193-C001,3,1,8705002,2
RCL193-C001,3,1,9700002,13
RCL193-C001,3,1,7441050500059,13
RCL193-C001,4,1,3352082,5
RCL193-C001,4,1,7002013,3
RCL193-C001,4,1,3352002,54
RCL189-C003,1,1,1700092,19
RCL189-C003,1,1,1700103,25
RCL193-C001,4,1,7002006,8
RCL193-C001,4,1,7001994,10
RCL193-C001,4,1,8352151,31
RCL193-C001,5,1,8002009,2280
RCL193-C001,5,1,7002050,102
RCL194-C001,1,1,2330055,166
RCL189-C003,2,1,0540063,3
RCL194-C001,1,1,8002002,150
RCL194-C001,1,1,2330052,54
RCL194-C001,2,1,0200005,177
RCL194-C001,2,1,0010072,43
RCL194-C001,2,1,0460132,18
RCL194-C001,3,1,0140031,39
RCL194-C001,3,1,0640001,124
RCL194-C001,3,1,0300719,24
RCL194-C001,4,1,0010062,58
RCL194-C001,4,1,2321038,103
RCL194-C001,4,1,1190001,57
RCL194-C001,4,1,0200006,1163
RCL194-C001,4,1,0200008,143
RCL194-C001,4,1,0010063,302
RCL194-C001,5,1,0590012,12
RCL194-C001,5,1,0420149,94
RCL194-C001,5,1,0570068,62
RCL194-C001,5,1,0230011,124
RCL194-C001,5,1,0010068,46
RCL194-C002,1,1,2330053,102
RCL194-C002,2,1,0460148,410
RCL194-C002,2,1,8002003,3450
RCL194-C002,2,1,8002024,247
RCL194-C002,2,1,2330050,126
RCL194-C002,3,1,0560018,1200
RCL194-C002,3,1,2321060,148
RCL194-C002,3,1,2330051,173
RCL190-C001,3,1,0709010,34
RCL190-C001,3,1,17093215,11
RCL194-C002,4,1,8002011,941
RCL194-C002,4,1,2330056,162
RCL194-C002,4,1,2321053,58
RCL194-C002,5,1,0420148,256
RCL194-C002,5,1,0490029,391
RCL194-C002,5,1,0640005,46
RCL194-C002,5,1,0230025,230
RCL194-C003,1,1,1500001,60
RCL194-C003,1,1,0640003,18
RCL191-C001,1,1,9100084,8
RCL194-C003,2,1,0200010,17
RCL191-C001,1,1,10250001,4
RCL191-C001,2,1,3270403,31
RCL194-C003,2,1,0010064,230
RCL194-C003,3,1,0230007,84
RCL191-C001,2,1,0709090,8
RCL191-C001,2,1,0709167,24
RCL194-C003,3,1,1143003,38
RCL194-C003,3,1,0200009,78
RCL194-C003,4,1,0560013,7
RCL194-C003,4,1,0640004,48
RCL191-C001,4,1,0709324,38
RCL194-C003,4,1,4020452,10
RCL194-C003,4,1,0612001,90
RCL194-C003,5,1,8002017,390
RCL192-C001,1,1,17093217,3
RCL192-C001,1,1,0707017,22
RCL194-C003,5,1,0230017,312
RCL194-C004,1,1,9130238,53
RCL194-C004,1,1,9130250,13
RCL194-C004,1,1,92110146,7
RCL194-C004,1,1,0420111,3
RCL192-C001,5,1,0709084,4
RCL194-C004,1,1,9130237,5
RCL194-C004,1,1,0420109,47
RCL192-C001,4,1,0200100,7
RCL194-C004,2,1,92110689,5
RCL194-C004,2,1,9112035,5
RCL193-C001,1,1,7002015,4
RCL194-C004,2,1,0420024,30
RCL194-C004,3,1,0420079,4
RCL194-C004,3,1,9130214,6
RCL194-C004,4,1,9130209,5
RCL194-C004,4,1,0420030,2
RCL194-C004,4,1,92110141,9
RCL194-C004,4,1,9111344,12
RCL194-C004,4,1,0420005,9
RCL194-C004,4,1,9130244,10
RCL194-C004,4,1,0420001,10
RCL193-C001,3,1,5009034,3
RCL194-C004,5,1,0420082,20
RCL194-C004,5,1,0420122,12
RCL194-C004,5,1,9130201,53
RCL194-C004,5,1,9130210,6
RCL194-C004,5,1,0420113,6
RCL194-C004,6,1,2321034,17
RCL194-C004,6,1,2321033,18
RCL194-C004,6,1,92110652,2
RCL194-C004,6,1,9130205,15
RCL194-C004,6,1,9111351,2
RCL194-C004,7,1,0420086,9
RCL194-C004,7,1,92110142,5
RCL194-C004,7,1,9111126,2
RCL194-C004,7,1,9112040,7
RCL194-C004,7,1,0420120,11
RCL194-C004,7,1,9130246,4
RCL194-C004,8,1,0011154,50
RCL194-C004,8,1,2610020216,64
RCL194-C004,8,1,9111206,550
RCL194-C004,8,1,0420024,380
RCL194-C004,8,1,92110650,3
RCL194-C004,8,1,92110689,12
RCL195-C001,1,1,5170028,15
RCL195-C001,1,1,0420136,488
RCL195-C001,1,1,0010057,147
RCL195-C001,1,1,0140022,90
RCL195-C001,1,1,0380019,25
RCL195-C001,2,1,0380022,15
RCL195-C001,2,1,0380024,8
RCL195-C001,2,1,0380013,75
RCL195-C001,2,1,0380009,173
RCL195-C001,2,1,0140026,45
RCL195-C001,3,1,0190083,12
RCL195-C001,3,1,0380006,193
RCL195-C001,3,1,0420145,122
RCL195-C001,3,1,0420146,124
RCL195-C001,3,1,0420151,135
RCL195-C001,4,1,0460144,52
RCL195-C001,4,1,0230012,99
RCL195-C001,5,1,0230005,329
RCL195-C001,5,1,0230003,156
RCL195-C001,5,1,0420139,620
RCL195-C002,1,1,0560017,1500
RCL195-C002,1,1,0490016,9
RCL195-C002,1,1,3265002,92
RCL195-C002,1,1,0030002,19
RCL195-C002,1,1,3265003,53
RCL195-C002,2,1,0130026,671
RCL195-C002,2,1,0300718,71
RCL195-C002,2,1,0190085,46
RCL195-C002,2,1,0010070,23
RCL195-C002,3,1,0200004,65
RCL195-C002,3,1,0410002,45
RCL195-C002,4,1,0420153,165
RCL195-C002,4,1,0300720,21
RCL195-C002,4,1,0300722,96
RCL195-C002,5,1,0010078,74
RCL194-C004,1,1,92110148,5
RCL195-C002,5,1,0460142,1050
RCL195-C002,5,1,2321049,452
RCL194-C004,1,1,9111093,7
RCL195-C003,1,1,2608601052,9
RCL195-C003,1,1,0420038,20
RCL195-C003,1,1,9111007,30
RCL195-C003,1,1,0420085,18
RCL195-C003,1,1,92110151,25
RCL194-C004,2,1,0420028,67
RCL194-C004,2,1,9130248,3
RCL194-C004,2,1,9111271,66
RCL194-C004,5,1,92110155,66
RCL194-C004,2,1,2610020216,64
RCL194-C004,2,1,9130241,9
RCL194-C004,7,1,92110159,191
RCL194-C004,3,1,0420032,4
RCL194-C004,3,1,0420033,1
RCL194-C004,3,1,92110143,4
RCL194-C004,3,1,2610020210,24
RCL195-C003,1,1,9130212,5
RCL195-C003,2,1,0611704,66
RCL195-C003,2,1,9111206,141
RCL195-C003,2,1,0420084,7
RCL195-C003,2,1,9130211,13
RCL195-C003,3,1,92110150,43
RCL194-C004,4,1,9111248,16
RCL195-C003,3,1,0420044,34
RCL195-C003,3,1,9111328,10
RCL195-C003,3,1,2321030,16
RCL195-C003,3,1,9111183,8
RCL195-C003,4,1,92110651,6
RCL195-C003,4,1,9111489,3
RCL195-C003,4,1,9111599,11
RCL194-C004,6,1,9111180,4
RCL195-C003,4,1,9112038,2
RCL195-C003,4,1,92110145,1
RCL195-C003,5,1,0420007,1
RCL195-C003,5,1,92110160,16
RCL195-C003,5,1,0420027,142
RCL195-C003,5,1,2610020213,7
RCL195-C003,6,1,2610017507,40
RCL195-C003,6,1,9111068,8
RCL195-C003,6,1,0420002,24
RCL195-C003,6,1,0420029,3
RCL195-C003,6,1,2610020209,49
RCL195-C003,7,1,0011154,15
RCL195-C003,7,1,0011161,59
RCL195-C003,7,1,0011150,18
RCL195-C003,7,1,0420088,15
RCL195-C003,7,1,0011151,12
RCL195-C003,8,1,0011150,169
RCL195-C003,8,1,0011151,144
RCL195-C003,8,1,0011152,42
RCL195-C003,8,1,0011154,160
RCL195-C003,8,1,0420028,60
RCL195-C003,8,1,92110649,7
RCL195-C003,8,1,92110650,27
RCL195-C004,1,1,92110147,18
RCL195-C004,1,1,9130200,48
RCL195-C004,1,1,92110156,27
RCL195-C004,1,1,0420098,20
RCL195-C004,1,1,92110158,108
RCL195-C004,1,1,92110149,2
RCL195-C004,1,1,9130216,42
RCL195-C004,2,1,9111008,8
RCL195-C004,2,1,9111412,5
RCL195-C004,2,1,92110153,23
RCL195-C004,2,1,0420087,8
RCL195-C004,2,1,92110144,14
RCL195-C004,3,1,9111069,7
RCL195-C004,3,1,92110139,1
RCL195-C004,3,1,9112036,6
RCL195-C004,4,1,9112039,6
RCL195-C004,4,1,9130206,49
RCL195-C004,5,1,0420081,10
RCL195-C002,3,1,0998006,800
RCL195-C004,5,1,9111031,3
RCL195-C004,6,1,9111199,10
RCL195-C004,7,1,0011153,77
RCL195-C002,4,1,0585270,8
RCL195-C004,7,1,0011152,24
RCL195-C004,7,1,0011159,10
RCL195-C004,8,1,0011152,117
RCL195-C004,8,1,0011154,32
RCL195-C004,8,1,0011159,186
RCL195-C004,8,1,2610020213,25
RCL195-C004,8,1,9111206,600
RCL195-C004,8,1,9111279,95
RCL195-C004,8,1,92110648,15
RCL196-C001,1,1,0380023,31
RCL196-C001,1,1,0570062,17
RCL196-C001,1,1,0230033,8
RCL195-C003,2,1,9111030,25
RCL195-C003,2,1,9111308,10
RCL196-C001,2,1,0490010,23
RCL196-C001,2,1,0611024,9
RCL196-C001,3,1,0420132,858
RCL195-C003,3,1,9130202,21
RCL196-C001,3,1,0010075,20
RCL196-C001,3,1,0380012,61
RCL196-C001,3,1,0380017,186
RCL195-C003,4,1,0560003,11
RCL196-C001,3,1,0300723,261
RCL196-C001,3,1,0380028,29
RCL196-C001,4,1,0420133,1108
RCL195-C003,4,1,0611700,4
RCL196-C001,4,1,5170026,16
RCL195-C003,5,1,92110650,12
RCL196-C001,4,1,0300721,76
RCL196-C001,4,1,0610150,59
RCL196-C001,4,1,2321036,1300
RCL196-C001,5,1,0340001,25
RCL195-C003,6,1,9112033,11
RCL195-C003,6,1,9111078,4
RCL196-C001,5,1,0460136,36
RCL196-C001,5,1,0230036,26
RCL196-C002,1,1,0230004,139
RCL196-C002,1,1,0230044,32
RCL196-C002,1,1,0230019,184
RCL196-C002,2,1,0420128,141
RCL196-C002,2,1,0420126,71
RCL196-C002,2,1,0420135,664
RCL196-C002,2,1,0420129,120
RCL196-C002,2,1,2321051,72
RCL196-C002,2,1,0380021,58
RCL196-C002,3,1,3265020,30
RCL196-C002,3,1,0590011,16
RCL196-C002,3,1,0440370,9
RCL196-C002,3,1,0010058,20
RCL195-C004,1,1,0560004,7
RCL195-C004,1,1,0420123,8
RCL196-C002,4,1,5170025,6
RCL196-C002,4,1,0230015,113
RCL196-C002,4,1,0230018,57
RCL196-C002,4,1,0200007,169
RCL196-C002,4,1,0490020,3
RCL196-C002,5,1,0560020,583
RCL195-C004,2,1,0420080,4
RCL196-C002,5,1,0010067,21
RCL197-C001,1,1,0010076,32
RCL197-C001,1,1,0560016,42
RCL197-C001,1,1,0010054,39
RCL197-C001,2,1,0230024,148
RCL197-C001,2,1,0440371,21
RCL197-C001,2,1,1260001,8
RCL197-C001,2,1,0230046,148
RCL197-C001,3,1,0010074,40
RCL197-C001,3,1,0420147,38
RCL195-C004,6,1,9112030,16
RCL197-C001,3,1,0230023,15
RCL197-C001,3,1,0380005,293
RCL197-C001,4,1,0230008,189
RCL197-C001,4,1,0650001,10
RCL197-C001,4,1,0230039,12
RCL197-C001,4,1,0410005,34
RCL197-C001,5,1,8002010,1822
RCL197-C001,5,1,0230042,29
RCL197-C001,5,1,0420138,333
RCL197-C002,1,1,2321040,41
RCL197-C002,1,1,2321042,30
RCL197-C002,1,1,0130023,30
RCL197-C002,1,1,0300725,106
RCL197-C002,2,1,2321044,23
RCL197-C002,2,1,0560015,27
RCL197-C002,2,1,0230026,224
RCL197-C002,2,1,2321046,94
RCL197-C002,3,1,0130025,317
RCL197-C002,3,1,0570069,149
RCL197-C002,3,1,2321050,69
RCL197-C002,3,1,0010061,5
RCL197-C002,3,1,0590013,4
RCL197-C002,4,1,0230032,52
RCL197-C002,4,1,0366220,24
RCL197-C002,4,1,0230013,104
RCL197-C002,4,1,0010050,14
RCL197-C002,4,1,0230045,218
RCL197-C002,4,1,0140024,57
RCL197-C002,5,1,0010079,47
RCL197-C002,5,1,0590008,37
RCL197-C002,5,1,0140032,596
RCL198-C001,1,1,1195044,22
RCL198-C001,1,1,1195029,12
RCL198-C001,1,1,1195042,7
RCL198-C001,1,1,1195039,11
RCL198-C001,1,1,1195030,14
RCL198-C001,1,1,1195001,32
RCL198-C001,1,1,1195038,20
RCL198-C001,1,1,1195023,14
RCL198-C001,1,1,1195028,10
RCL198-C001,1,1,1195013,39
RCL198-C001,1,1,1195045,9
RCL198-C001,1,1,1195037,33
RCL198-C001,1,1,1195020,11
RCL198-C001,1,1,1195050,18
RCL198-C001,1,1,1195048,14
RCL198-C001,2,1,1195046,3
RCL198-C001,2,1,1195031,6
RCL198-C001,2,1,1195014,11
RCL198-C001,2,1,1195040,15
RCL198-C001,2,1,1195010,34
RCL198-C001,2,1,1195006,48
RCL198-C001,2,1,1195053,5
RCL198-C001,2,1,1195008,20
RCL198-C001,2,1,1195016,18
RCL198-C001,2,1,1195019,11
RCL198-C001,2,1,1195025,29
RCL198-C001,2,1,1195021,6
RCL198-C001,3,1,1195052,35
RCL198-C001,3,1,1195041,26
RCL198-C001,3,1,1195011,11
RCL198-C001,3,1,1195036,24
RCL198-C001,3,1,1195009,34
RCL198-C001,3,1,1195003,16
RCL198-C001,3,1,1195033,3
RCL198-C001,3,1,1195005,46
RCL198-C001,3,1,1195032,14
RCL198-C001,3,1,1195018,8
RCL198-C001,3,1,1195024,20
RCL198-C001,3,1,1195002,18
RCL198-C001,4,1,1195026,7
RCL198-C001,4,1,1195035,4
RCL198-C001,4,1,1195012,21
RCL198-C001,4,1,1195015,15
RCL198-C001,4,1,1195017,8
RCL198-C001,4,1,1195007,21
RCL198-C001,4,1,1195034,9
RCL198-C001,4,1,1195000,59
RCL198-C001,4,1,1195027,10
RCL198-C001,5,1,8002006,3100
RCL198-C001,5,1,0230048,356
RCL199-C001,1,1,3352076,2
RCL199-C001,1,1,3352108,16
RCL199-C001,1,1,3352014,5
RCL199-C001,1,1,3352107,5
RCL199-C001,1,1,3352004,12
RCL199-C001,2,1,3352058,1
RCL199-C001,2,1,3352042,2
RCL199-C001,2,1,8704012,2
RCL199-C001,3,1,8708001,8
RCL199-C001,3,1,8708003,7
RCL197-C002,5,1,3018005,491
RCL199-C001,3,1,8708005,7
RCL199-C001,3,1,3352040,9
RCL199-C001,4,1,3352074,4
RCL199-C001,4,1,3352162,5
RCL199-C001,4,1,8704010,4
RCL199-C001,4,1,3352034,7
RCL199-C001,4,1,3352008,8
RCL199-C001,4,1,3352012,11
RCL199-C001,4,1,3352010,11
RCL199-C001,5,1,0010059,62
RCL200-C001,1,1,1205000,2
RCL200-C001,1,1,1205001,7
RCL200-C001,1,1,1205013,7
RCL200-C001,1,1,1205010,11
RCL201-C001,3,1,0560014,37
RCL201-C001,3,1,0380011,70
RCL201-C001,3,1,0420127,29
RCL201-C001,3,1,0380002,229
RCL201-C001,3,1,0420134,171
RCL201-C001,3,1,0420125,109
RCL201-C001,4,1,0420130,544
RCL201-C001,4,1,0560022,104
RCL201-C001,4,1,0380014,47
RCL201-C001,4,1,0380007,321
RCL201-C001,4,1,5170031,92
RCL201-C001,4,1,0380027,79
RCL201-C001,5,1,0230028,426
RCL201-C002,1,1,0460140,22
RCL201-C002,1,1,0410003,32
RCL201-C002,1,1,0585008,31
RCL201-C002,2,1,0420140,523
RCL200-C001,2,1,1205012,3
RCL200-C001,2,1,1205002,7
RCL200-C001,2,1,1205006,14
RCL200-C001,2,1,1205017,4
RCL198-C001,3,1,1195051,12
RCL200-C001,3,1,1205037,13
RCL200-C001,3,1,1205036,16
RCL200-C001,3,1,1205035,8
RCL200-C001,3,1,1205011,5
RCL200-C001,4,1,1205031,1
RCL200-C001,4,1,1205028,10
RCL200-C001,4,1,1205023,6
RCL200-C001,4,1,1205034,2
RCL198-C001,4,1,1195022,1
RCL200-C001,4,1,1205008,11
RCL200-C001,4,1,1205030,6
RCL200-C001,4,1,1205029,2
RCL200-C001,4,1,1205025,1
RCL200-C001,4,1,1205021,2
RCL200-C001,4,1,1195049,8
RCL200-C001,4,1,1195043,3
RCL200-C001,5,1,0230031,32
RCL201-C001,1,1,0420142,203
RCL201-C001,1,1,0230034,37
RCL201-C001,1,1,0230049,18
RCL201-C001,1,1,0410016,1
RCL201-C001,2,1,3070002,72
RCL201-C001,2,1,3265021,135
RCL201-C001,3,1,0420143,45
RCL201-C002,2,1,0570065,32
RCL201-C002,2,1,0420144,100
RCL201-C002,2,1,0611023,127
RCL199-C001,3,1,3352080,7
RCL201-C002,3,1,7008301,145
RCL201-C002,3,1,0610152,3
RCL201-C002,3,1,0140021,42
RCL201-C002,3,1,2322001,13
RCL201-C002,4,1,0380008,328
RCL201-C002,4,1,0380010,168
RCL201-C002,4,1,0140027,45
RCL201-C002,4,1,0380004,364
RCL201-C002,5,1,0410009,31
RCL201-C002,5,1,0230037,86
RCL201-C002,5,1,0420131,1140
RCL201-C003,1,1,8002019,21
RCL201-C003,1,1,0410019,114
RCL201-C003,1,1,2330054,94
RCL201-C003,2,1,8002014,171
RCL201-C003,2,1,0012001,4
RCL201-C003,3,1,8002005,400
RCL201-C003,3,1,0610170,8
RCL200-C001,2,1,1205005,7
RCL200-C001,4,1,1205026,3
RCL201-C001,2,1,0998007,15
RCL201-C001,2,1,0998011,20
RCL201-C001,2,1,0998008,10
RCL201-C001,2,1,0998010,10
RCL200-C001,2,1,5010019,4
RCL200-C001,4,1,1205027,10
RCL200-C001,4,1,1205024,23
RCL201-C003,3,1,0410018,37
RCL201-C003,3,1,8002025,220
RCL201-C003,4,1,8002001,3600
RCL201-C003,4,1,0460147,534
RCL201-C003,4,1,8002013,1070
RCL201-C003,4,1,8002020,305
RCL201-C003,5,1,1143004,41
RCL201-C003,5,1,0010066,38
RCL201-C003,5,1,8002018,160
RCL201-C004,1,1,2321039,44
RCL201-C004,1,1,1143006,26
RCL201-C004,1,1,4020451,82
RCL201-C004,2,1,0460146,2071
RCL201-C004,2,1,8002012,1040
RCL201-C004,2,1,8002008,1281
RCL201-C004,2,1,0410011,3
RCL201-C004,3,1,0230041,97
RCL201-C004,4,1,8002004,51
RCL201-C004,4,1,8002007,701
RCL201-C004,4,1,8002021,185
RCL201-C004,4,1,8002023,100
RCL201-C004,5,1,0420137,896
RCL201-C004,5,1,0150002,42
RCL201-C004,5,1,0460145,10
RCL202-C001,1,1,0610147,43
RCL202-C001,1,1,2322002,130
RCL202-C001,1,1,0640008,35
RCL202-C001,1,1,0150003,12
RCL202-C001,2,1,2321045,28
RCL202-C001,2,1,0010052,37
RCL202-C001,2,1,0380026,51
RCL202-C001,2,1,2321043,211
RCL202-C001,2,1,0510011,10
RCL202-C001,3,1,0140023,52
RCL202-C001,3,1,0490015,69
RCL202-C001,3,1,0010080,7
RCL202-C001,3,1,0010056,15
RCL202-C001,3,1,0460141,13
RCL202-C001,4,1,8706004,840
RCL202-C001,4,1,0560019,2
RCL202-C001,4,1,0300724,80
RCL202-C001,4,1,0490009,26
RCL202-C001,5,1,0460135,1
RCL202-C002,1,1,0380020,9
RCL202-C002,1,1,0490013,55
RCL202-C002,1,1,0570064,25
RCL202-C002,1,1,0010060,15
RCL202-C002,2,1,2321041,54
RCL202-C002,2,1,0460143,317
RCL202-C002,2,1,0490014,32
RCL202-C002,2,1,0030001,12
RCL202-C002,2,1,0230006,117
RCL202-C002,3,1,0560021,658
RCL202-C002,3,1,0420150,27
RCL202-C002,3,1,0510012,19
RCL202-C002,3,1,4020450,111
RCL202-C002,4,1,0420152,67
RCL201-C004,3,1,8002016,200
RCL202-C002,4,1,0230052,395
RCL202-C002,4,1,4020455,35
RCL202-C002,4,1,0230021,146
RCL202-C002,4,1,2321059,39
RCL202-C002,4,1,0230047,497
RCL202-C002,4,1,2321058,87
RCL203-C001,1,1,0010069,12
RCL203-C001,1,1,8670001,15
RCL203-C001,1,1,7501215,86
RCL203-C001,1,1,0640007,18
RCL203-C001,1,1,5170029,15
RCL203-C001,2,1,4020453,54
RCL203-C001,2,1,2321047,84
RCL203-C001,2,1,0010051,8
RCL203-C001,2,1,0380025,33
RCL203-C001,2,1,0610151,40
RCL203-C001,2,1,2321052,46
RCL203-C001,3,1,7501216,22
RCL203-C001,3,1,0010055,50
RCL203-C001,3,1,0380003,708
RCL203-C001,3,1,1143005,41
RCL203-C001,3,1,0570067,12
RCL203-C001,4,1,7501218,33
RCL203-C001,4,1,0230020,161
RCL203-C001,4,1,0230035,8
RCL203-C001,4,1,0380018,69
RCL203-C002,1,1,3070003,52
RCL203-C002,2,1,0150001,16
RCL203-C002,2,1,2321048,79
RCL203-C002,2,1,2321035,1096
RCL203-C002,2,1,0420141,426
RCL203-C002,3,1,5170027,5
RCL203-C002,3,1,0420124,133
RCL203-C002,4,1,3265001,11
RCL203-C002,4,1,0230038,43
RCL203-C002,4,1,0180001,113
RCL203-C002,5,1,2321048,2
RCL80-C001,2,1,5106065,1
RCL80-C001,2,1,5140011,1
RCL80-C001,2,1,5136991,1
RCL80-C001,2,1,3700033,1
RCL80-C001,2,1,3700139,1
RCL80-C001,2,1,3700320,1
RCL80-C001,2,1,5136968,1
RCL80-C001,2,1,3700410,1
RCL80-C001,2,1,3700482,1
RCL80-C001,2,1,5137003,1
RCL80-C001,2,1,3700181,2
RCL80-C001,2,1,3700210,3
RCL80-C001,2,1,3700212,1
RCL80-C001,2,1,3700218,2
RCL80-C001,2,1,3700517,1
RCL80-C001,2,1,5137004,1
RCL80-C001,2,1,3700217,2
RCL80-C001,2,1,9400082,5
RCL83-C001,1,1,7550649,25
RCL83-C001,1,1,7060201,423
RCL83-C001,2,1,7550629,39
RCL83-C001,2,1,7060212,88
RCL83-C001,3,1,0011348,1
RCL83-C001,3,1,260570301401,1
RCL83-C001,3,1,7550667,10
RCL83-C001,4,1,3033012,357
RCL83-C001,4,1,7550627,14
RCL83-C001,4,1,7550626,7
RCL83-C001,5,1,7550646,102
RCL83-C001,5,1,3003005,4
RCL83-C001,5,1,3003026,45
RCL83-C002,1,1,2390017,132
RCL83-C002,2,1,0050160,107
RCL83-C002,3,1,0050162,74
RCL83-C002,4,1,0050166,9
RCL83-C002,5,1,0050110,68
RCL83-C003,1,1,3270301,32
RCL83-C003,1,1,8352909,1
RCL83-C003,2,1,3018015,6
RCL83-C003,2,1,7041948,76
RCL83-C003,2,1,023690004,8
RCL83-C004,1,1,7040006,88
RCL83-C004,2,1,7041023,44
RCL83-C004,2,1,3018013,7
RCL83-C004,2,1,1500508,6
RCL83-C004,2,1,7041031,22
RCL83-C004,4,1,7041020,54
RCL83-C004,5,1,7041029,50
RCL83-C004,5,1,7041032,10
RCL85-C001,1,1,2205009,69
RCL85-C001,1,1,2205005,93
RCL85-C001,2,1,1515037,687
RCL85-C001,3,1,2205014,99
RCL85-C001,3,1,1515034,5
RCL85-C001,4,1,2205013,168
RCL85-C001,4,1,7041028,8
RCL85-C001,5,1,7041027,22
RCL85-C003,3,1,2320918,2
RCL86-C001,2,1,2990161,27
RCL86-C001,2,1,5800002,12
RCL86-C001,2,1,2990156,1
RCL86-C001,2,1,2990163,27
RCL86-C001,2,1,5800001,23
RCL83-C001,3,1,7550918,89
RCL86-C001,2,1,5800003,127
RCL86-C001,3,1,2990065,318
RCL86-C001,3,1,2990162,27
RCL86-C001,4,1,2990078,1
RCL86-C001,4,1,2990143,1
RCL86-C001,4,1,2990160,9
RCL86-C001,4,1,2990168,5
RCL86-C001,4,1,2990077,39
RCL86-C001,4,1,2990158,66
RCL86-C001,4,1,2990066,121
RCL86-C001,5,1,2990144,11
RCL86-C001,5,1,2990172,114
RCL86-C002,1,1,7090644,250
RCL83-C002,3,1,2390010,38
RCL86-C002,1,1,5800007,22
RCL83-C002,4,1,2390012,9
RCL86-C002,2,1,2990188,16
RCL86-C002,3,1,2990187,8
RCL86-C002,3,1,7090656,98
RCL86-C002,4,1,2990192,43
RCL86-C002,5,1,2990071,43
RCL86-C003,1,1,7090630,24
RCL83-C003,2,1,3270302,24
RCL86-C003,2,1,2320052,9
RCL86-C003,2,1,2320015,494
RCL86-C003,2,1,2320902,4
RCL83-C004,1,1,7041530,55
RCL86-C003,2,1,7090633,286
RCL86-C003,3,1,2320037,721
RCL86-C003,3,1,2320750,15
RCL86-C003,3,1,7090649,8
RCL86-C003,4,1,7090641,125
RCL83-C004,3,1,7041030,8
RCL83-C004,4,1,7041509,61
RCL86-C003,4,1,2320708,18
RCL83-C004,5,1,7040312,114
RCL86-C003,4,1,7090647,1
RCL86-C003,5,1,2990072,8
RCL86-C003,5,1,2320029,361
RCL86-C004,1,1,7090632,87
RCL86-C004,2,1,7090621,23
RCL86-C004,2,1,2320041,12
RCL85-C001,2,1,2205011,110
RCL85-C001,2,1,2235111,10
RCL86-C004,2,1,7090631,249
RCL86-C004,3,1,7090629,108
RCL86-C004,3,1,2320923,3
RCL86-C004,3,1,7090622,4
RCL86-C004,3,1,7090640,2
RCL85-C001,4,1,15005003,5
RCL86-C004,3,1,2320011,117
RCL86-C004,3,1,2320038,20
RCL86-C004,3,1,2320713,5
RCL86-C004,4,1,7090643,70
RCL85-C002,4,1,6095242,335
RCL86-C004,4,1,7090645,58
RCL86-C004,5,1,2320006,29
RCL86-C004,5,1,7090627,3
RCL86-C004,5,1,7090642,203
RCL86-C004,5,1,2320004,100
RCL86-C004,5,1,2321993,6
RCL87-C001,1,1,0611026,7
RCL87-C001,1,1,0130027,38
RCL87-C001,2,1,0410015,5
RCL87-C001,2,1,0460134,20
RCL87-C001,3,1,0410008,32
RCL87-C001,3,1,0410010,20
RCL87-C001,3,1,8706006,19
RCL87-C001,3,1,2321037,125
RCL87-C001,4,1,0460133,11
RCL87-C001,4,1,0366002,39
RCL87-C001,4,1,0460137,20
RCL87-C001,5,1,0590028,68
RCL87-C001,5,1,0460138,18
RCL88-C001,3,1,0610171,22
RCL91-C001,1,1,2320018,194
RCL91-C001,1,1,2320035,529
RCL91-C001,2,1,2320036,265
RCL91-C001,2,1,2321996,94
RCL91-C001,2,1,2320714,8
RCL91-C001,2,1,2320754,30
RCL91-C001,2,1,2321849,2
RCL91-C001,2,1,2321850,36
RCL91-C001,2,1,2320030,1
RCL91-C001,2,1,2320051,14
RCL91-C001,3,1,2321992,19
RCL91-C001,3,1,2320048,2
RCL91-C001,3,1,2320033,102
RCL91-C001,3,1,2321853,57
RCL91-C001,3,1,2320751,6
RCL91-C001,3,1,2320012,360
RCL91-C001,4,1,2320042,1
RCL91-C001,4,1,2320009,52
RCL91-C001,4,1,2320014,39
RCL91-C002,3,1,3029116,129
RCL91-C002,5,1,2321991,68
RCL91-C003,2,1,7090648,3
RCL91-C003,3,1,2320047,16
RCL91-C003,5,1,7090626,807
RCL92-C001,1,1,7090646,123
RCL92-C001,2,1,1032109,17
RCL92-C001,3,1,1032119,20
RCL92-C001,3,1,1032120,10
RCL92-C001,3,1,1032121,41
RCL92-C001,4,1,1032113,13
RCL92-C001,5,1,2320922,105
RCL92-C002,1,1,1032112,20
RCL92-C002,2,1,1032123,26
RCL92-C002,2,1,1032115,26
RCL92-C002,3,1,1032118,10
RCL92-C002,5,1,1032119,10
RCL94-C001,4,1,3029261,34
RCL94-C001,5,1,9913008,45
RCL95-C001,2,1,7507282,55
RCL95-C001,2,1,7507283,62
RCL95-C001,2,1,7507281,37
RCL95-C001,2,1,7507319,50
RCL95-C001,2,1,7507280,8
RCL95-C001,3,1,7507286,22
RCL95-C001,3,1,7507287,25
RCL95-C001,3,1,7507285,21
RCL95-C001,3,1,7507284,43
RCL95-C001,3,1,7507317,10
RCL95-C001,4,1,7507316,14
RCL95-C001,4,1,7507328,34
RCL95-C001,4,1,7507329,35
RCL95-C001,4,1,7507322,24
RCL95-C002,1,1,7507289,35
RCL95-C002,1,1,7507337,26
RCL95-C002,2,1,7507335,164
RCL95-C002,2,1,7507292,36
RCL95-C002,2,1,7507294,54
RCL95-C002,2,1,7507295,40
RCL95-C002,3,1,7507296,179
RCL95-C002,3,1,7507299,28
RCL95-C002,3,1,7507297,41
RCL95-C002,3,1,7507298,22
RCL95-C002,4,1,7507313,62
RCL95-C002,4,1,7507312,3
RCL95-C002,4,1,7507336,12
RCL95-C002,4,1,7507315,1
RCL95-C002,4,1,7507314,101
RCL95-C003,1,1,7507301,76
RCL95-C003,1,1,7507300,18
RCL95-C003,1,1,7507302,26
RCL95-C003,2,1,7507307,6
RCL95-C003,2,1,7507306,10
RCL95-C003,2,1,7507304,54
RCL95-C003,3,1,7507310,31
RCL95-C003,3,1,7507311,81
RCL95-C003,3,1,7507308,38
RCL95-C003,3,1,7507326,26
RCL95-C003,3,1,7507309,54
RCL95-C003,4,1,7507333,79
RCL95-C003,4,1,7507332,60
RCL95-C003,4,1,7507324,53
RCL99-C001,2,1,5500197,77
RCL91-C002,4,1,2321985,160
RCL100-C001,1,1,9041273,35
RCL100-C001,1,1,9041275,23
RCL100-C001,2,1,9041220,22
RCL100-C001,2,1,9041213,68
RCL100-C001,3,1,9041219,16
RCL100-C001,3,1,9041247,453
RCL100-C001,3,1,9041259,544
RCL100-C001,4,1,9041231,36
RCL100-C001,4,1,9041221,33
RCL100-C001,4,1,9041212,59
RCL100-C001,5,1,9041278,5
RCL100-C001,5,1,9041267,18
RCL100-C002,1,1,9041262,36
RCL100-C002,1,1,9041209,413
RCL100-C002,1,1,9041227,766
RCL100-C002,2,1,9041216,158
RCL100-C002,2,1,9041218,1179
RCL100-C002,2,1,9041266,1190
RCL100-C002,2,1,9041229,11
RCL100-C002,3,1,9041208,16
RCL100-C002,3,1,9041248,82
RCL100-C002,3,1,9041223,7
RCL100-C002,4,1,9041234,13
RCL100-C002,4,1,9041244,47
RCL100-C002,4,1,9041256,16
RCL100-C002,4,1,9041239,111
RCL100-C002,4,1,9041240,262
RCL100-C002,5,1,9041245,23
RCL100-C002,5,1,9041249,47
RCL100-C003,1,1,9041217,1
RCL100-C003,1,1,9041251,17
RCL100-C003,2,1,9041252,40
RCL100-C003,2,1,9041222,76
RCL100-C003,2,1,9041241,290
RCL100-C003,3,1,9041255,2
RCL100-C003,4,1,9041272,16
RCL100-C003,4,1,048970020,2
RCL100-C003,4,1,9041232,29
RCL100-C003,5,1,9041207,16
RCL100-C001,1,1,9041253,20
RCL100-C001,4,1,9041226,295
RCL100-C001,4,1,9041236,24
RCL100-C003,4,1,9041258,22
RCL100-C003,5,1,9041237,27
RCL100-C003,5,1,9041274,36
RCL101-C001,3,1,3352172,57
RCL101-C001,3,1,3352174,217
RCL104-C003,5,1,5120400,28
RCL105-C003,2,1,9111423,2608
RCL107-C001,3,1,8015003,12
RCL107-C003,3,1,6095002,6
RCL108-C001,2,1,6010025,1543
RCL109-C001,1,1,1535267,10
RCL109-C001,4,1,7550927,539
RCL111-C001,2,1,7501137,2700
RCL114-C001,3,1,5170042,700
RCL114-C003,2,1,5170045,6
RCL114-C003,2,1,9041087,12
RCL114-C003,4,1,9041083,48
RCL115-C001,4,1,4020215,133
RCL115-C002,1,1,2505023575,8
RCL115-C002,3,1,2330014,12
RCL115-C002,3,1,3080005,4
RCL115-C003,1,1,0560100,3
RCL115-C003,3,1,3256014,263
RCL115-C003,4,1,3256011,239
RCL115-C004,2,1,0380000,3
RCL115-C004,2,1,3349112,16
RCL115-C004,2,1,0460101,18
RCL115-C004,4,1,3349010,17
RCL116-C001,2,1,0050139,114
RCL116-C001,2,1,0050118,34
RCL116-C001,5,1,7060237,135
RCL116-C002,1,1,6401105,14
RCL116-C002,4,1,6401102,23
RCL116-C003,1,1,7060061,33
RCL116-C003,2,1,7060022,392
RCL116-C003,4,1,7060057,18
RCL116-C004,1,1,1210002,38
RCL116-C004,2,1,0050008,159
RCL117-C002,4,1,7060110,25
RCL117-C002,4,1,7060123,93
RCL117-C002,5,1,7060231,17
RCL117-C003,3,1,7060210,19
RCL118-C002,1,1,5170507,412
RCL118-C003,3,1,5240402,31
RCL119-C001,2,1,5120104,231
RCL119-C001,3,1,3003023,778
RCL119-C001,4,1,3003074,105
RCL119-C002,3,1,5120405,42
RCL120-C003,3,1,5120402,1
RCL120-C004,1,1,8352902,6
RCL124-C002,2,1,6020460,19
RCL129-C001,2,1,7041022,14
RCL130-C001,2,1,7041014,63
RCL131-C001,1,1,6101000,111
RCL131-C001,4,1,5501134,29
RCL131-C002,2,1,6100260,2
RCL131-C002,4,1,5501135,54
RCL131-C004,2,1,6101047,108
RCL132-C002,5,1,500121,50
RCL132-C001,2,1,610099,20
RCL133-C001,5,1,7550286,24
RCL134-C002,2,1,7503051,1
RCL134-C004,3,1,7500512,43
RCL134-C004,3,1,7500533,14
RCL134-C004,4,1,7500511,1
RCL135-C001,3,1,7503603,5
RCL135-C001,4,1,7503131,16
RCL135-C001,4,1,500410,2
RCL136-C001,3,1,500414,1
RCL136-C001,3,1,500481,10
RCL136-C001,5,1,500090,41
RCL137-C001,1,1,3018010,113
RCL137-C001,4,1,3018018,29
RCL139-C002,2,1,5240032,42
RCL139-C004,3,1,7550082,88
RCL139-C004,4,1,5090110,18
RCL140-C002,5,1,5140016,7
RCL141-C001,3,1,9041204,10
RCL141-C003,1,1,5180007,100
RCL142-C001,4,1,7506190,276
RCL143-C001,1,1,2321534,182
RCL144-C001,1,1,4050012,9
RCL144-C001,3,1,4050013,7
RCL146-C004,3,1,5090101,15
RCL146-C004,3,1,5203112,4
RCL147-C001,1,1,7550790,6
RCL147-C001,5,1,7550818,7
RCL147-C001,5,1,7550816,25
RCL147-C002,4,1,7507051,3
RCL148-C003,2,1,7506892,27
RCL148-C003,2,1,7506252,216
RCL148-C003,3,1,7507252,1
RCL148-C004,1,1,7506830,6
RCL149-C002,1,1,7506430,114
RCL149-C004,3,1,7502902,1
RCL152-C001,1,1,7506088,52
RCL152-C002,1,1,7502433,12
RCL152-C002,1,1,7506046,60
RCL152-C002,5,1,7550794,29
RCL153-C002,2,1,7506018,76
RCL153-C002,3,1,7502472,87
RCL153-C003,1,1,7506982,5
RCL155-C001,4,1,7506824,5
RCL155-C002,2,1,7506433,39
RCL155-C002,2,1,7506275,68
RCL155-C003,1,1,7506284,20
RCL155-C003,2,1,7506862,12
RCL155-C003,2,1,7506856,18
RCL155-C003,3,1,7507246,110
RCL156-C001,4,1,7054030,6
RCL157-C001,2,1,7054531,17
RCL159-C002,4,1,878629,19
RCL159-C003,2,1,961944,12
RCL159-C004,1,1,2352304,2
RCL160-C001,3,1,961910,82
RCL160-C001,4,1,961911,232
RCL160-C003,4,1,961947,6
RCL161-C004,2,1,5009112,1
RCL161-C004,2,1,5009113,1
RCL161-C004,2,1,5009105,1
RCL161-C004,3,1,6010022,123
RCL162-C001,5,1,2330103,70
RCL163-C001,3,1,0570007,1
RCL164-C001,1,1,6150021,26
RCL164-C001,3,1,4535412,2
RCL164-C001,4,1,4530140,100
RCL164-C001,5,1,4535002,17
RCL165-C001,1,1,61500245,15
RCL165-C001,2,1,4530159,7
RCL165-C001,3,1,8690055,16
RCL165-C001,5,1,6150025,78
RCL166-C001,4,1,3029267,8
RCL167-C001,1,1,2330168,54
RCL168-C003,5,1,2320201,130
RCL168-C004,3,1,2320025,1
RCL168-C004,6,1,2330106,264
RCL170-C001,3,1,7501912,106
RCL170-C002,5,1,7551092,3
RCL172-C001,2,1,7501911,13
RCL172-C001,3,1,7501916,11
RCL172-C003,2,1,7501214,10
RCL172-C003,3,1,7501076,12
RCL172-C003,3,1,501500,94
RCL172-C003,4,1,7551086,45
RCL173-C001,3,1,7551078,17
RCL173-C002,2,1,7062502,18
RCL173-C002,4,1,7501777,78
RCL173-C003,1,1,052450011,20
RCL173-C003,1,1,7500693,200
RCL173-C003,2,1,7501917,8
RCL174-C001,1,1,7501038,5
RCL174-C001,1,1,7501128,6
RCL174-C001,3,1,7501138,142
RCL174-C001,3,1,7501143,17
RCL174-C002,4,1,7500710,7
RCL174-C002,5,1,7551025,693
RCL174-C003,2,1,501520,19
RCL174-C003,3,1,501537,69
RCL174-C003,3,1,052440167,17
RCL174-C003,5,1,7501712,182
RCL175-C003,1,1,7500709,20
RCL175-C003,2,1,52440427,31
RCL175-C003,3,1,052440038,83
RCL175-C003,4,1,7090521,64
RCL175-C003,4,1,7500711,54
RCL175-C004,1,1,7500623,2
RCL176-C001,1,1,8352916,4
RCL176-C001,3,1,7001839,13
RCL178-C001,3,1,2392345,6
RCL178-C001,3,1,2392379,9
RCL179-C001,2,1,2392398,6
RCL179-C001,4,1,2392383,6
RCL180-C001,1,1,9200214,66
RCL180-C001,4,1,9041280,32
RCL180-C003,2,1,9200238,116
RCL180-C004,4,1,9200182,17
RCL180-C004,4,1,9200371,6
RCL180-C004,4,1,9200265,10
RCL180-C004,4,1,9200165,28
RCL180-C004,5,1,9200127,9
RCL181-C001,2,1,7550004,88
RCL181-C001,2,1,9200713,20
RCL181-C001,3,1,9200325,97
RCL181-C001,3,1,9200322,45
RCL181-C001,3,1,9200332,229
RCL181-C001,3,1,9200323,109
RCL181-C001,3,1,9200330,129
RCL181-C001,3,1,9200329,3
RCL181-C001,4,1,9200328,31
RCL181-C001,4,1,9200324,26
RCL181-C001,4,1,9200331,221
RCL181-C001,4,1,9200326,21
RCL181-C001,4,1,9200327,11
RCL181-C001,5,1,6010033,1
RCL181-C002,2,1,9200301,190
RCL181-C002,2,1,9200144,57
RCL181-C002,3,1,9200161,33
RCL181-C002,3,1,9200541,220
RCL181-C002,3,1,9041029,16
RCL181-C002,4,1,044090006,1
RCL181-C002,4,1,9041206,1
RCL181-C002,4,1,5120130,4
RCL181-C002,4,1,9200162,69
RCL181-C002,4,1,9041010,443
RCL181-C002,4,1,9041073,60
RCL181-C003,2,1,7550002,38
RCL181-C003,2,1,9200394,20
RCL181-C003,3,1,9041032,459
RCL181-C003,3,1,9200305,278
RCL181-C003,3,1,7550005,720
RCL181-C003,4,1,9200314,743
RCL181-C003,5,1,9200246,163
RCL181-C004,3,1,9200179,26
RCL182-C001,1,1,0524101,12
RCL182-C004,2,1,0524032,9
RCL182-C004,4,1,0524054,3
RCL182-C004,4,1,9180128,22
RCL183-C001,1,1,76174060621,15
RCL183-C001,3,1,0132034,48
RCL183-C001,4,1,0522001,4
RCL183-C002,1,1,0524118,12
RCL183-C002,1,1,0506020,6
RCL183-C002,2,1,0120018,27
RCL183-C002,3,1,0524022,5
RCL183-C002,4,1,0506125,16
RCL183-C002,4,1,0524017,3
RCL183-C003,2,1,0506021,1
RCL183-C003,5,1,0526393,29
RCL184-C001,3,1,2392330,8
RCL184-C001,4,1,2392338,10
RCL185-C001,1,1,2392354,8
RCL185-C001,3,1,2375003,13
RCL185-C001,3,1,2352027,1
RCL186-C002,5,1,9111367,110
RCL187-C001,2,1,0011169,1
RCL187-C001,3,1,9111171,1
RCL187-C001,6,1,9112025,112
RCL187-C002,1,1,92110185,25
RCL187-C002,3,1,9112024,184
RCL187-C002,3,1,2321536,14
RCL187-C002,4,1,9111395,168
RCL187-C002,4,1,9111491,5
RCL187-C003,2,1,0011173,10
RCL187-C003,4,1,2321539,27
RCL187-C004,1,1,92110200,6
RCL187-C004,1,1,9111198,1
RCL187-C004,3,1,2321540,29
RCL187-C004,4,1,92110610,4
RCL188-C002,1,1,2321871,35
RCL188-C002,2,1,91307023,1
RCL188-C004,1,1,92110631,13
RCL188-C004,2,1,9111505,27
RCL188-C004,3,1,5120544,6
RCL188-C004,4,1,9111422,18
RCL189-C001,3,1,0380032,4
RCL189-C003,1,1,1700123,43
RCL189-C003,1,1,1700097,23
RCL189-C003,1,1,1600138,2
RCL189-C003,1,1,1700095,49
RCL189-C004,5,1,0610037,2
RCL191-C001,1,1,10250000,2
RCL192-C001,3,1,0440368,4
RCL193-C001,1,1,9700000,6
RCL193-C001,2,1,7001838,6
RCL193-C001,3,1,7001993,12
RCL194-C004,1,1,0420008,21
RCL194-C004,2,1,0420036,4
RCL194-C004,5,1,9111009,2
RCL194-C004,5,1,92110154,1
RCL195-C003,5,1,92110152,8
RCL195-C003,6,1,9111329,10
RCL195-C004,1,1,9111247,7
RCL195-C004,1,1,9111279,25
RCL195-C004,2,1,9112037,7
RCL195-C004,3,1,0420110,17
RCL195-C004,6,1,9111111,3
RCL195-C004,7,1,0560023,10
RCL196-C001,1,1,0010071,23
RCL197-C001,1,1,0590009,2
RCL199-C001,2,1,5007000,24
RCL199-C001,3,1,3352070,2
RCL199-C001,3,1,3352034,4
RCL199-C001,3,1,3352074,9
RCL199-C001,4,1,3352044,9
RCL199-C001,4,1,8708001,17
RCL199-C001,4,1,3352002,60
RCL201-C001,3,1,0365017,1
RCL201-C002,1,1,0490021,6
RCL201-C002,2,1,0590004,25
RCL202-C002,1,1,0410001,15
RCL202-C002,5,1,2321372,10582
RCL203-C001,4,1,0208001,20
RCL203-C002,3,1,0380015,11
RCL83-C001,3,1,7060105,13
RCL83-C002,1,1,1600134,11
RCL83-C002,5,1,5100013,3
RCL83-C002,5,1,7040310,21
RCL83-C003,4,1,5001001,18
RCL85-C001,1,1,2233007,7
RCL85-C001,3,1,2235103,13
RCL85-C001,5,1,2205007,67
RCL85-C002,2,1,5800006,2
RCL85-C002,3,1,7090650,6
RCL86-C001,2,1,5010005,2
RCL203-C002,1,1,3270110,301
RCL203-C002,1,1,0190084,113
RCL86-C002,2,1,1600112,27
RCL86-C003,4,1,2320057,17
RCL86-C003,5,1,7090623,4
RCL86-C004,4,1,7090651,13
RCL86-C004,4,1,2320709,28
RCL91-C002,2,1,5500402,4
RCL92-C002,3,1,1032122,68
RCL92-C002,4,1,1032116,24
RCL95-C001,1,1,7507279,21
RCL95-C001,1,1,7507318,5
RCL95-C001,4,1,7507320,56
RCL95-C001,4,1,7507321,59
RCL95-C001,4,1,7507323,56
RCL95-C002,3,1,7507338,1
RCL95-C003,1,1,7507303,166
RCL95-C003,2,1,7507305,11
RCL95-C003,4,1,7507334,3
RCL95-C003,4,1,7507325,90
RCL99-C001,1,1,5500197,1
RCL91-C001,4,1,2321995,249
RCL91-C001,4,1,2321994,353
RCL91-C001,4,1,2320008,7
RCL91-C001,4,1,2321982,1001
RCL91-C001,4,1,2320086,3
RCL91-C001,4,1,2321989,75
RCL91-C001,5,1,2320019,144
RCL91-C001,5,1,2320055,15
RCL91-C001,5,1,2321990,5
RCL91-C002,1,1,6095270,12
RCL91-C002,2,1,7002036,30