articulo,pasillo,columna,nivel,clase,tipo,picks,consumo,rack_actual,niveles_a_armar
0420006,MZ01,1,N01,D,NORMAL,3,0,SIN UBICACIÓN ACTUAL,5
0560004,MZ01,1,N01,D,NORMAL,3,0.008,RCL195-C004-N01-1,5
9111008,MZ01,1,N01,D,NORMAL,3,0.001,RCL195-C004-N02-1,5
9112036,MZ01,1,N01,D,NORMAL,3,0.001,RCL195-C004-N03-1,5
3070002,MZ01,1,N02,D,NORMAL,3,0.003,RCL201-C001-N02-1,5
7041029,MZ01,1,N02,D,NORMAL,3,0.064,RCL83-C004-N05-1,5
7041020,MZ01,1,N02,D,NORMAL,3,0.11,RCL83-C004-N04-1,5
023690004,MZ01,1,N02,D,NORMAL,3,0.004,RCL83-C003-N02-1,5
1205020,MZ01,1,N03,D,NORMAL,3,0.002,SIN UBICACIÓN ACTUAL,5
1205009,MZ01,1,N03,D,NORMAL,3,0.048,RCL200-C001-N02-1,5
1205011,MZ01,1,N03,D,NORMAL,3,0.01,RCL200-C001-N03-1,5
1205023,MZ01,1,N03,D,NORMAL,3,0.001,RCL200-C001-N04-1,5
3018005,MZ01,1,N04,D,NORMAL,3,0.004,RCL197-C002-N05-1,5
0011152,MZ01,1,N04,D,NORMAL,3,0.001,RCL195-C003-N08-1 / RCL195-C004-N07-1 / RCL195-C004-N08-1,5
9112030,MZ01,1,N04,D,NORMAL,3,0.004,RCL195-C004-N06-1,5
9130242,MZ01,1,N04,D,NORMAL,3,0.001,SIN UBICACIÓN ACTUAL,5
92110147,MZ01,1,N05,D,NORMAL,3,0.005,RCL195-C004-N01-1,5
9111279,MZ01,1,N05,D,NORMAL,3,0.001,RCL195-C003-N08-1 / RCL195-C004-N01-1 / RCL195-C004-N08-1,5
0560001,MZ01,1,N05,D,NORMAL,3,0.009,RCL195-C003-N07-1,5
0011154,MZ01,1,N05,D,NORMAL,3,0.001,RCL194-C004-N08-1 / RCL195-C003-N07-1 / RCL195-C003-N08-1 / RCL195-C004-N08-1,5
0186010,MZ01,2,N01,D,NORMAL,3,0.031,SIN UBICACIÓN ACTUAL,5
0540113,MZ01,2,N01,D,NORMAL,3,0.053,RCL182-C003-N04-1,5
0164003,MZ01,2,N01,D,NORMAL,3,0.014,RCL182-C004-N03-1,5
0574023,MZ01,2,N01,D,NORMAL,3,0.007,SIN UBICACIÓN ACTUAL,5
0140017,MZ01,2,N02,D,NORMAL,3,0.123,SIN UBICACIÓN ACTUAL,5
6095230,MZ01,2,N02,D,NORMAL,3,0,SIN UBICACIÓN ACTUAL,5
1535037,MZ01,2,N02,D,NORMAL,3,0,SIN UBICACIÓN ACTUAL,5
0506124,MZ01,2,N02,D,NORMAL,3,0.008,RCL183-C002-N01-1,5
0106010,MZ01,2,N03,D,NORMAL,3,0.047,RCL183-C001-N04-1,5
1525014,MZ01,2,N03,D,NORMAL,3,0.059,RCL183-C001-N05-1,5
0506020,MZ01,2,N03,D,NORMAL,3,0.001,RCL183-C002-N01-1,5
0506034,MZ01,2,N03,D,NORMAL,3,0.002,SIN UBICACIÓN ACTUAL,5
0540070,MZ01,2,N04,D,NORMAL,3,0.002,RCL183-C001-N03-1,5
0540104,MZ01,2,N04,D,NORMAL,3,0.25,RCL183-C001-N02-1,5
0506042,MZ01,2,N04,D,NORMAL,3,0.015,RCL183-C001-N01-1,5
1558003,MZ01,2,N04,D,NORMAL,3,0.002,RCL182-C004-N05-1,5
0140012,MZ01,2,N05,D,NORMAL,3,0.001,SIN UBICACIÓN ACTUAL,5
9041999,MZ01,2,N05,D,NORMAL,3,0.001,SIN UBICACIÓN ACTUAL,5
9200139,MZ01,2,N05,D,NORMAL,3,0.001,RCL181-C004-N03-1,5
9200154,MZ01,2,N05,D,NORMAL,3,0.013,RCL181-C004-N02-1,5
9041071,MZ01,3,N01,D,NORMAL,3,0.009,RCL180-C001-N01-1,5
2392349,MZ01,3,N01,D,NORMAL,3,0.01,RCL179-C001-N01-1,5
2392391,MZ01,3,N01,D,NORMAL,3,0.003,RCL179-C001-N02-1,5
9200192,MZ01,3,N01,D,NORMAL,3,0.002,RCL180-C001-N01-1,5
9200199,MZ01,3,N02,D,NORMAL,3,0.016,RCL180-C004-N02-1,5
7550002,MZ01,3,N02,D,NORMAL,3,0.25,RCL181-C003-N02-1,5
9200182,MZ01,3,N02,D,NORMAL,3,0,RCL180-C004-N04-1,5
9200187,MZ01,3,N02,D,NORMAL,3,0.068,RCL180-C004-N03-1,5
9200124,MZ01,3,N03,D,NORMAL,3,0.085,RCL180-C004-N01-1,5
9200148,MZ01,3,N03,D,NORMAL,3,0.004,RCL180-C003-N01-1,5
9200279,MZ01,3,N03,D,NORMAL,3,0.006,RCL180-C003-N02-1,5
9200129,MZ01,3,N03,D,NORMAL,3,0.051,RCL180-C003-N03-1,5
9200183,MZ01,3,N04,D,NORMAL,3,0.045,RCL180-C002-N01-1,5
9041049,MZ01,3,N04,D,NORMAL,3,0.175,RCL180-C001-N05-1,5
9200120,MZ01,3,N04,D,NORMAL,3,0.023,RCL180-C001-N04-1,5
9200225,MZ01,3,N04,D,NORMAL,3,0.079,RCL180-C001-N03-1,5
2352020,MZ01,3,N05,D,NORMAL,3,0.013,RCL178-C001-N04-1,5
2352326,MZ01,3,N05,D,NORMAL,3,0.012,RCL178-C001-N02-1,5
2352329,MZ01,3,N05,D,NORMAL,3,0.011,RCL178-C001-N02-1,5
2392352,MZ01,3,N05,D,NORMAL,3,0.006,RCL178-C001-N02-1,5
61003014,MZ01,4,N01,D,NORMAL,3,0.008,RCL132-C001-N03-1,5
5035117,MZ01,4,N01,D,NORMAL,3,0.062,RCL132-C001-N05-1,5
500302,MZ01,4,N01,D,NORMAL,3,0.001,RCL134-C001-N04-1,5
7503051,MZ01,4,N01,D,NORMAL,3,0.001,SIN UBICACIÓN ACTUAL,5
5140003,MZ01,4,N02,D,NORMAL,3,0.15,RCL147-C004-N01-1,5
7507102,MZ01,4,N02,D,NORMAL,3,0.002,SIN UBICACIÓN ACTUAL,5
5203112,MZ01,4,N02,D,NORMAL,3,0.033,RCL146-C004-N03-1,5
5035001,MZ01,4,N02,D,NORMAL,3,0.019,RCL146-C002-N03-1,5
5140029,MZ01,4,N03,D,NORMAL,3,0.033,RCL139-C001-N01-1,5
5180007,MZ01,4,N03,D,NORMAL,3,0.056,RCL141-C003-N01-1,5
7040300,MZ01,4,N03,D,NORMAL,3,0.031,RCL145-C001-N03-1,5
7040307,MZ01,4,N03,D,NORMAL,3,0.036,RCL145-C001-N04-1,5
3018010,MZ01,4,N04,D,NORMAL,3,0.109,RCL137-C001-N01-1,5
500410,MZ01,4,N04,D,NORMAL,3,0.011,RCL135-C001-N04-1,5
501429,MZ01,4,N04,D,NORMAL,3,0.001,RCL135-C001-N01-1,5
7500524,MZ01,4,N04,D,NORMAL,3,0.061,SIN UBICACIÓN ACTUAL,5
3525061,MZ01,4,N05,D,NORMAL,3,0.3,RCL131-C001-N03-1,5
7040015,MZ01,4,N05,D,NORMAL,3,0.057,RCL129-C001-N01-1,5
5502159,MZ01,4,N05,D,NORMAL,3,0.007,RCL127-C004-N03-1,5
7550609,MZ01,4,N05,D,NORMAL,3,0.133,SIN UBICACIÓN ACTUAL,5
7060116,MZ01,5,N01,D,NORMAL,3,0.011,RCL117-C002-N04-1,5
7550632,MZ01,5,N01,D,NORMAL,3,0.036,SIN UBICACIÓN ACTUAL,5
7060121,MZ01,5,N01,D,NORMAL,3,0.007,RCL117-C001-N05-1,5
7060200,MZ01,5,N01,D,NORMAL,3,0.194,RCL117-C002-N03-1,5
3003074,MZ01,5,N02,D,NORMAL,3,0.033,RCL119-C001-N04-1,5
3033011,MZ01,5,N02,D,NORMAL,3,0.002,RCL120-C004-N03-1,5
5120415,MZ01,5,N02,D,NORMAL,3,0.007,RCL120-C003-N01-1,5
5120416,MZ01,5,N02,D,NORMAL,3,0.009,RCL120-C001-N03-1,5
3003023,MZ01,5,N03,D,NORMAL,3,0.01,RCL119-C001-N03-1,5
5180402,MZ01,5,N03,D,NORMAL,3,0.007,RCL118-C003-N05-1,5
5240417,MZ01,5,N03,D,NORMAL,3,0.201,RCL118-C003-N05-1,5
5140603,MZ01,5,N03,D,NORMAL,3,0.145,RCL118-C004-N01-1,5
5170511,MZ01,5,N04,D,NORMAL,3,0.024,RCL118-C002-N03-1,5
5170510,MZ01,5,N04,D,NORMAL,3,0.022,RCL118-C002-N03-1,5
7060228,MZ01,5,N04,D,NORMAL,3,0.043,RCL117-C003-N04-1,5
7550970,MZ01,5,N04,D,NORMAL,3,0.039,RCL117-C003-N01-1,5
0230001,MZ01,5,N05,D,NORMAL,3,0.264,RCL115-C003-N01-1,5
4020221,MZ01,5,N05,D,NORMAL,3,0.007,RCL115-C001-N01-1,5
6010025,MZ01,5,N05,D,NORMAL,3,0.004,RCL108-C001-N02-1,5
6401014,MZ01,5,N05,D,NORMAL,3,0.048,RCL107-C003-N03-1,5
0140741,MZ01,6,N01,D,NORMAL,2,0.011,RCL188-C002-N03-1,5
0006002,MZ01,6,N01,D,NORMAL,2,0.012,RCL188-C002-N04-1,5
92110644,MZ01,6,N01,D,NORMAL,2,0,SIN UBICACIÓN ACTUAL,5
5121188,MZ01,6,N01,D,NORMAL,2,0,SIN UBICACIÓN ACTUAL,5
5009033,MZ01,6,N02,D,NORMAL,2,0.032,RCL193-C001-N02-1,5
0707027,MZ01,6,N02,D,NORMAL,2,0.144,RCL192-C001-N02-1,5
0190053,MZ01,6,N02,D,NORMAL,2,0.038,RCL192-C001-N02-1,5
0709090,MZ01,6,N02,D,NORMAL,2,0.004,RCL191-C001-N02-1,5
1700095,MZ01,6,N03,D,NORMAL,2,0.009,RCL189-C003-N01-1,5
0130006,MZ01,6,N03,D,NORMAL,2,0.002,RCL189-C003-N04-1,5
0610037,MZ01,6,N03,D,NORMAL,2,0.011,RCL189-C004-N05-1,5
0601028,MZ01,6,N03,D,NORMAL,2,0.006,RCL191-C001-N01-1,5
1700127,MZ01,6,N04,D,NORMAL,2,0.024,RCL189-C002-N04-1,5
1700081,MZ01,6,N04,D,NORMAL,2,0.005,RCL189-C002-N04-1,5
1700084,MZ01,6,N04,D,NORMAL,2,0.004,RCL189-C002-N04-1,5
2321544,MZ01,6,N04,D,NORMAL,2,0.001,RCL188-C004-N03-1,5
91307023,MZ01,6,N05,D,NORMAL,2,0.066,RCL188-C002-N02-1,5
9111432,MZ01,6,N05,D,NORMAL,2,0.004,RCL188-C001-N04-1,5
9111256,MZ01,6,N05,D,NORMAL,2,0.001,RCL188-C001-N04-1,5
0560008,MZ01,6,N05,D,NORMAL,2,0.009,RCL188-C001-N03-1,5
9130262,MZ01,7,N01,D,NORMAL,2,0.001,RCL187-C002-N02-1,5
9112025,MZ01,7,N01,D,NORMAL,2,0.002,RCL187-C001-N06-1,5
92110627,MZ01,7,N01,D,NORMAL,2,0,SIN UBICACIÓN ACTUAL,5
92110185,MZ01,7,N01,D,NORMAL,2,0.006,RCL187-C002-N01-1,5
0560007,MZ01,7,N02,D,NORMAL,2,0.004,RCL188-C001-N02-1,5
2321872,MZ01,7,N02,D,NORMAL,2,0.008,RCL188-C001-N03-1,5
9111431,MZ01,7,N02,D,NORMAL,2,0.001,SIN UBICACIÓN ACTUAL,5
2321876,MZ01,7,N02,D,NORMAL,2,0,RCL188-C001-N03-1,5
9111226,MZ01,7,N03,D,NORMAL,2,0.008,SIN UBICACIÓN ACTUAL,5
2321540,MZ01,7,N03,D,NORMAL,2,0.001,RCL187-C004-N03-1,5
92110614,MZ01,7,N03,D,NORMAL,2,0.002,SIN UBICACIÓN ACTUAL,5
9111005,MZ01,7,N03,D,NORMAL,2,0.007,RCL188-C001-N01-1,5
9111198,MZ01,7,N04,D,NORMAL,2,0.031,RCL187-C004-N01-1,5
92110137,MZ01,7,N04,D,NORMAL,2,0.003,SIN UBICACIÓN ACTUAL,5
92110215,MZ01,7,N04,D,NORMAL,2,0,SIN UBICACIÓN ACTUAL,5
92110687,MZ01,7,N04,D,NORMAL,2,0.003,RCL187-C002-N02-1,5
92110191,MZ01,7,N05,D,NORMAL,2,0.011,RCL187-C001-N05-1,5
92110581,MZ01,7,N05,D,NORMAL,2,0.003,RCL187-C001-N05-1,5
92110607,MZ01,7,N05,D,NORMAL,2,0.002,RCL187-C001-N05-1,5
9111514,MZ01,7,N05,D,NORMAL,2,0.041,RCL187-C001-N03-1,5
2352011,MZ01,8,N01,D,NORMAL,2,0.017,RCL179-C001-N02-1,5
2392332,MZ01,8,N01,D,NORMAL,2,0.003,RCL179-C001-N04-1,5
9200197,MZ01,8,N01,D,NORMAL,2,0.119,RCL180-C002-N05-1,5
9200238,MZ01,8,N01,D,NORMAL,2,0.005,RCL180-C003-N02-1,5
0540111,MZ01,8,N02,D,NORMAL,2,0.001,RCL182-C001-N03-1,5
9180059,MZ01,8,N02,D,NORMAL,2,0.028,SIN UBICACIÓN ACTUAL,5
9200162,MZ01,8,N02,D,NORMAL,2,0.043,RCL181-C002-N04-1,5
9200220,MZ01,8,N02,D,NORMAL,2,0.076,RCL181-C002-N03-1,5
9200195,MZ01,8,N03,D,NORMAL,2,0.004,RCL180-C004-N04-1,5
9200178,MZ01,8,N03,D,NORMAL,2,0.018,RCL180-C004-N05-1,5
9200194,MZ01,8,N03,D,NORMAL,2,0.085,RCL180-C004-N05-1,5
915743,MZ01,8,N03,D,NORMAL,2,0.012,RCL181-C002-N02-1,5
9200245,MZ01,8,N04,D,NORMAL,2,0.139,RCL180-C004-N03-1,5
9200201,MZ01,8,N04,D,NORMAL,2,0.001,RCL180-C004-N01-1,5
9200319,MZ01,8,N04,D,NORMAL,2,0.05,RCL180-C003-N04-1,5
9200581,MZ01,8,N04,D,NORMAL,2,0.011,RCL180-C003-N04-1,5
2392337,MZ01,8,N05,D,NORMAL,2,0.001,RCL179-C001-N02-1,5
2352012,MZ01,8,N05,D,NORMAL,2,0.024,RCL178-C001-N05-1,5
2352018,MZ01,8,N05,D,NORMAL,2,0.023,RCL178-C001-N04-1,5
2392325,MZ01,8,N05,D,NORMAL,2,0.004,RCL178-C001-N03-1,5
7551035,MZ01,9,N01,D,NORMAL,2,0.001,RCL174-C002-N04-1,5
52440492,MZ01,9,N01,D,NORMAL,2,0.009,RCL174-C001-N01-1,5
052440116,MZ01,9,N01,D,NORMAL,2,0.005,RCL174-C001-N04-1,5
7550379,MZ01,9,N01,D,NORMAL,2,0,RCL174-C002-N04-1,5
901018,MZ01,9,N02,D,NORMAL,2,0.049,RCL177-C001-N03-1,5
2392351,MZ01,9,N02,D,NORMAL,2,0.026,RCL178-C001-N02-1,5
2352014,MZ01,9,N02,D,NORMAL,2,0.024,RCL178-C001-N02-1,5
2392374,MZ01,9,N02,D,NORMAL,2,0.006,RCL178-C001-N02-1,5
7002018,MZ01,9,N03,D,NORMAL,2,0.037,RCL177-C001-N02-1,5
7550356,MZ01,9,N03,D,NORMAL,2,0,RCL175-C004-N03-1,5
7550361,MZ01,9,N03,D,NORMAL,2,0,RCL173-C001-N01-1,5
1601016,MZ01,9,N03,D,NORMAL,2,0.456,RCL177-C001-N01-1,5
7551036,MZ01,9,N04,D,NORMAL,2,0.006,RCL175-C001-N02-1,5
052440047,MZ01,9,N04,D,NORMAL,2,0.003,RCL174-C003-N04-1,5
501537,MZ01,9,N04,D,NORMAL,2,0.004,RCL174-C003-N03-1,5
7501074,MZ01,9,N04,D,NORMAL,2,0.013,RCL174-C002-N05-1,5
7500698,MZ01,9,N05,D,NORMAL,2,0.001,RCL173-C003-N04-1,5
7550482,MZ01,9,N05,D,NORMAL,2,0.001,RCL173-C003-N01-1,5
7501777,MZ01,9,N05,D,NORMAL,2,0.013,RCL173-C002-N04-1,5
7062502,MZ01,9,N05,D,NORMAL,2,0.035,RCL173-C002-N02-1,5
7506862,MZ01,10,N01,B,NORMAL,16,0.003,RCL155-C003-N02-1,5
6010027,MZ01,10,N01,B,NORMAL,16,0.004,RCL161-C004-N03-1,5
7507119,MZ01,10,N01,B,NORMAL,16,0.801,RCL170-C001-N02-1,5
7501669,MZ01,10,N01,B,NORMAL,16,0.049,RCL173-C001-N04-1,5
5170028,MZ01,10,N02,B,NORMAL,16,0.046,RCL195-C001-N01-1,5
0420120,MZ01,10,N02,B,NORMAL,16,0.001,RCL194-C004-N07-1,5
9111029,MZ01,10,N02,B,NORMAL,16,0.001,SIN UBICACIÓN ACTUAL,5
0420005,MZ01,10,N02,B,NORMAL,16,0.001,SIN UBICACIÓN ACTUAL,5
0011168,MZ01,10,N03,B,NORMAL,16,0.007,RCL187-C002-N04-1,5
0230027,MZ01,10,N03,B,NORMAL,16,0.281,RCL189-C002-N01-1,5
0230029,MZ01,10,N03,B,NORMAL,16,0.008,RCL189-C002-N03-1,5
0230007,MZ01,10,N03,B,NORMAL,16,0.065,RCL194-C003-N03-1,5
0610053,MZ01,10,N04,B,NORMAL,16,0.045,RCL187-C001-N03-1,5
7599007,MZ01,10,N04,B,NORMAL,16,0.01,SIN UBICACIÓN ACTUAL,5
0126001,MZ01,10,N04,B,NORMAL,16,0.004,SIN UBICACIÓN ACTUAL,5
2352322,MZ01,10,N04,B,NORMAL,16,0.037,RCL178-C001-N02-1,5
035940002,MZ01,10,N05,B,NORMAL,16,0.077,SIN UBICACIÓN ACTUAL,5
7502432,MZ01,10,N05,B,NORMAL,16,0.148,RCL155-C002-N02-1,5
2330300,MZ01,10,N05,B,NORMAL,16,0.008,RCL153-C002-N04-1,5
7507214,MZ01,10,N05,B,NORMAL,16,0.011,RCL148-C003-N01-1,5
2392319,MZ01,11,N01,B,NORMAL,15,0.005,RCL184-C001-N03-1,5
7599001,MZ01,11,N01,B,NORMAL,15,0.015,SIN UBICACIÓN ACTUAL,5
0570015,MZ01,11,N01,B,NORMAL,15,0.079,RCL183-C003-N04-1,5
2380003,MZ01,11,N01,B,NORMAL,15,0.06,RCL184-C001-N02-1,5
0420001,MZ01,11,N02,B,NORMAL,15,0.001,RCL194-C004-N04-1,5
0380021,MZ01,11,N02,B,NORMAL,15,0.004,RCL196-C002-N02-1,5
0420135,MZ01,11,N02,B,NORMAL,15,0,RCL196-C002-N02-1,5
9130212,MZ01,11,N02,B,NORMAL,15,0,RCL195-C003-N01-1,5
0490029,MZ01,11,N03,B,NORMAL,15,0.005,RCL194-C002-N05-1,5
0230010,MZ01,11,N03,B,NORMAL,15,0.002,RCL189-C001-N04-1,5
0707008,MZ01,11,N03,B,NORMAL,15,0.002,RCL190-C001-N03-1,5
0640001,MZ01,11,N03,B,NORMAL,15,0.002,RCL194-C001-N03-1,5
0140048,MZ01,11,N04,B,NORMAL,15,0.072,RCL188-C004-N05-1,5
92110643,MZ01,11,N04,B,NORMAL,15,0.001,RCL187-C004-N04-1,5
9111500,MZ01,11,N04,B,NORMAL,15,0.003,RCL187-C004-N01-1,5
0011173,MZ01,11,N04,B,NORMAL,15,0.005,RCL187-C003-N02-1,5
9111513,MZ01,11,N05,B,NORMAL,15,0.004,RCL182-C003-N05-1,5
8352916,MZ01,11,N05,B,NORMAL,15,0.042,RCL176-C001-N01-1,5
052440049,MZ01,11,N05,B,NORMAL,15,0.082,RCL175-C003-N03-1,5
501507,MZ01,11,N05,B,NORMAL,15,0.059,RCL175-C001-N02-1,5
4020215,MZ01,12,N01,B,NORMAL,15,0.004,RCL115-C001-N04-1,5
5170514,MZ01,12,N01,B,NORMAL,15,0.006,RCL118-C001-N03-1,5
7041022,MZ01,12,N01,B,NORMAL,15,0.074,RCL129-C001-N02-1,5
3040524,MZ01,12,N01,B,NORMAL,15,0.05,RCL131-C002-N03-1,5
7500693,MZ01,12,N02,B,NORMAL,15,0.005,RCL173-C003-N01-1,5
7501756,MZ01,12,N02,B,NORMAL,15,0.568,RCL173-C001-N04-1,5
0460953,MZ01,12,N02,B,NORMAL,15,0.003,RCL165-C001-N02-1,5
2385106,MZ01,12,N02,B,NORMAL,15,0.038,RCL162-C001-N03-1,5
7054001,MZ01,12,N03,B,NORMAL,15,0.028,RCL149-C002-N05-1,5
7506132,MZ01,12,N03,B,NORMAL,15,0.014,SIN UBICACIÓN ACTUAL,5
7506219,MZ01,12,N03,B,NORMAL,15,0.025,RCL152-C004-N02-1,5
7506078,MZ01,12,N03,B,NORMAL,15,0.013,RCL155-C003-N01-1,5
7506226,MZ01,12,N04,B,NORMAL,15,0.074,RCL149-C002-N03-1,5
3018118,MZ01,12,N04,B,NORMAL,15,0.022,SIN UBICACIÓN ACTUAL,5
500458,MZ01,12,N04,B,NORMAL,15,0.046,RCL134-C002-N04-1,5
5501135,MZ01,12,N04,B,NORMAL,15,0.007,RCL131-C002-N04-1,5
0380015,MZ01,12,N05,B,NORMAL,14,0.017,RCL203-C002-N03-1,5
8002023,MZ01,12,N05,B,NORMAL,14,0.075,RCL201-C004-N04-1,5
0460146,MZ01,12,N05,B,NORMAL,14,0.004,RCL201-C004-N02-1,5
1143006,MZ01,12,N05,B,NORMAL,14,0.142,RCL201-C004-N01-1,5
0490010,MZ01,13,N01,B,NORMAL,13,0.008,RCL196-C001-N02-1,5
0230012,MZ01,13,N01,B,NORMAL,13,0.013,RCL195-C001-N04-1,5
0420098,MZ01,13,N01,B,NORMAL,13,0.001,SIN UBICACIÓN ACTUAL,5
92110153,MZ01,13,N01,B,NORMAL,13,0.063,SIN UBICACIÓN ACTUAL,5
5180405,MZ01,13,N02,B,NORMAL,14,0.015,RCL118-C002-N04-1,5
7041021,MZ01,13,N02,B,NORMAL,14,0.151,RCL129-C001-N03-1,5
6036803,MZ01,13,N02,B,NORMAL,14,0.718,RCL125-C002-N05-1,5
6020452,MZ01,13,N02,B,NORMAL,14,0.003,RCL124-C002-N03-1,5
4020214,MZ01,13,N03,B,NORMAL,14,0.015,RCL115-C001-N02-1,5
0610147,MZ01,13,N03,B,NORMAL,13,0.038,RCL202-C001-N01-1,5
2321058,MZ01,13,N03,B,NORMAL,13,0,RCL202-C002-N04-1,5
0150001,MZ01,13,N03,B,NORMAL,13,0.031,RCL203-C002-N02-1,5
8002007,MZ01,13,N04,B,NORMAL,13,0.073,RCL201-C004-N04-1,5
1205000,MZ01,13,N04,B,NORMAL,13,0.022,RCL200-C001-N01-1,5
8002006,MZ01,13,N04,B,NORMAL,13,0.083,RCL198-C001-N05-1,5
1195036,MZ01,13,N04,B,NORMAL,13,0.005,RCL198-C001-N03-1,5
0420136,MZ01,13,N05,B,NORMAL,13,0.008,RCL195-C001-N01-1,5
9130214,MZ01,13,N05,B,NORMAL,13,0.001,SIN UBICACIÓN ACTUAL,5
7001367,MZ01,13,N05,B,NORMAL,13,0.022,RCL193-C001-N02-1,5
0640002,MZ01,13,N05,B,NORMAL,13,0.002,RCL189-C001-N03-1,5
7506125,MZ01,14,N01,B,NORMAL,13,0.006,RCL153-C001-N02-1,5
7062412,MZ01,14,N01,B,NORMAL,13,0.104,RCL153-C003-N04-1,5
7506242,MZ01,14,N01,B,NORMAL,13,0.104,RCL155-C002-N01-1,5
7507246,MZ01,14,N01,B,NORMAL,13,0.026,RCL155-C003-N03-1,5
9111576,MZ01,14,N02,B,NORMAL,13,0.09,RCL188-C004-N02-1,5
92110611,MZ01,14,N02,B,NORMAL,13,0.01,RCL187-C004-N02-1,5
2321370,MZ01,14,N02,B,NORMAL,13,0,RCL187-C002-N04-1,5
01757931,MZ01,14,N02,B,NORMAL,13,0.002,RCL182-C002-N02-1,5
52440427,MZ01,14,N03,B,NORMAL,13,0.007,RCL175-C003-N02-1,5
9200317,MZ01,14,N03,B,NORMAL,13,0.135,RCL180-C002-N01-1,5
9200149,MZ01,14,N03,B,NORMAL,13,0.15,RCL180-C002-N02-1,5
9200327,MZ01,14,N03,B,NORMAL,13,0.016,RCL181-C001-N04-1,5
038070002,MZ01,14,N04,B,NORMAL,13,0.013,RCL168-C004-N03-1,5
2330432,MZ01,14,N04,B,NORMAL,13,0.014,SIN UBICACIÓN ACTUAL,5
878629,MZ01,14,N04,B,NORMAL,13,0.016,RCL159-C002-N04-1,5
2385092,MZ01,14,N04,B,NORMAL,13,0.017,RCL159-C001-N04-1,5
7062404,MZ01,14,N05,B,NORMAL,13,0.016,RCL149-C002-N01-1,5
7506267,MZ01,14,N05,B,NORMAL,13,0.036,SIN UBICACIÓN ACTUAL,5
5140007,MZ01,14,N05,B,NORMAL,13,0.163,RCL142-C001-N03-1,5
5170020,MZ01,14,N05,B,NORMAL,13,0.128,RCL141-C003-N02-1,5
5035002,MZ01,15,N01,B,NORMAL,12,0.09,RCL146-C003-N03-1,5
7506156,MZ01,15,N01,B,NORMAL,12,0.025,RCL147-C001-N04-1,5
7506017,MZ01,15,N01,B,NORMAL,12,0.328,RCL147-C002-N02-1,5
7507240,MZ01,15,N01,B,NORMAL,12,0.01,RCL147-C004-N03-1,5
7054040,MZ01,15,N02,B,NORMAL,12,0.01,RCL157-C001-N05-1,5
7171304,MZ01,15,N02,B,NORMAL,12,0.229,RCL155-C003-N04-1,5
7506158,MZ01,15,N02,B,NORMAL,12,0.014,SIN UBICACIÓN ACTUAL,5
2385093,MZ01,15,N02,B,NORMAL,12,0.048,RCL159-C002-N02-1,5
7506154,MZ01,15,N03,B,NORMAL,12,0.014,RCL155-C003-N02-1,5
7090046,MZ01,15,N03,B,NORMAL,12,0.138,RCL152-C004-N02-1,5
7506018,MZ01,15,N03,B,NORMAL,12,0.021,SIN UBICACIÓN ACTUAL,5
7507206,MZ01,15,N03,B,NORMAL,12,0.003,RCL155-C003-N02-1,5
7506290,MZ01,15,N04,B,NORMAL,12,0.029,SIN UBICACIÓN ACTUAL,5
9041820,MZ01,15,N04,B,NORMAL,12,0.007,RCL152-C003-N03-1,5
7506104,MZ01,15,N04,B,NORMAL,12,0.156,RCL152-C003-N02-1,5
7506422,MZ01,15,N04,B,NORMAL,12,0.235,RCL148-C001-N01-1,5
5180044,MZ01,15,N05,B,NORMAL,12,0.009,RCL139-C003-N03-1,5
5240044,MZ01,15,N05,B,NORMAL,12,0.017,RCL146-C003-N01-1,5
7040007,MZ01,15,N05,B,NORMAL,12,0.055,RCL145-C001-N05-1,5
5240023,MZ01,15,N05,B,NORMAL,12,0.053,RCL139-C004-N01-1,5
2385008,MZ01,16,N01,A,NORMAL,630,0.6,RCL160-C004-N05-1,5
500110,MZ01,16,N01,A,NORMAL,533,0.25,RCL136-C001-N01-1,5
4530146,MZ01,16,N01,A,NORMAL,276,0.049,RCL164-C001-N02-1,5
2330404,MZ01,16,N01,A,NORMAL,85,0,RCL167-C003-N04-1,5
6104570,MZ01,16,N02,A,NORMAL,1470,0.12,RCL132-C001-N04-1,5
6100130,MZ01,16,N02,A,NORMAL,627,0.212,RCL131-C003-N04-1,5
5170012,MZ01,16,N02,A,NORMAL,572,0.196,RCL138-C004-N04-1,5
2352300,MZ01,16,N02,A,NORMAL,772,0.245,RCL160-C004-N03-1,5
5170015,MZ01,16,N03,A,NORMAL,540,0.168,RCL139-C003-N04-1,5
1628821,MZ01,16,N03,A,NORMAL,650,0.731,RCL159-C001-N02-1,5
7060249,MZ01,16,N04,A,NORMAL,323,0.003,SIN UBICACIÓN ACTUAL,5
7506190,MZ01,16,N04,A,NORMAL,645,0.656,RCL142-C001-N04-1,5
6104588,MZ01,16,N04,A,NORMAL,504,0.114,RCL131-C001-N04-1,5
5501136,MZ01,16,N04,A,NORMAL,446,0.047,RCL131-C002-N04-1,5
665597,MZ01,16,N05,A,NORMAL,572,0.445,RCL160-C002-N04-1,5
1628820,MZ01,16,N05,A,NORMAL,544,0.383,RCL160-C003-N03-1,5
961911,MZ01,16,N05,A,NORMAL,292,0.056,SIN UBICACIÓN ACTUAL,5
7060241,MZ01,16,N05,A,NORMAL,223,0.009,RCL117-C002-N02-1,5
2352302,MZ01,17,N01,A,NORMAL,144,0.014,RCL160-C003-N01-1,5
6100166,MZ01,17,N01,A,NORMAL,196,0.06,RCL131-C002-N01-1,5
6100127,MZ01,17,N01,A,NORMAL,411,0.457,RCL132-C002-N04-1,5
61003012,MZ01,17,N01,A,NORMAL,430,0.359,RCL131-C002-N04-1,5
5501125,MZ01,17,N02,A,NORMAL,491,0.323,RCL131-C001-N04-1,5
1629145,MZ01,17,N02,A,NORMAL,418,0.207,RCL160-C003-N04-1,5
2330178,MZ01,17,N02,A,NORMAL,506,0.365,RCL168-C003-N01-1,5
6020412,MZ01,17,N02,A,NORMAL,132,0.002,RCL122-C001-N05-1,5
3525093,MZ01,17,N03,A,NORMAL,484,0.626,RCL132-C002-N03-1,5
052440038,MZ01,17,N03,A,NORMAL,85,0.002,RCL175-C003-N03-1,5
7060101,MZ01,17,N03,A,NORMAL,220,0.021,RCL117-C003-N03-1,5
500117,MZ01,17,N03,A,NORMAL,353,0.25,RCL134-C002-N03-1,5
2385007,MZ01,17,N04,A,NORMAL,440,0.35,RCL159-C004-N01-1,5
6104579,MZ01,17,N04,A,NORMAL,436,0.425,RCL132-C003-N05-1,5
500116,MZ01,17,N04,A,NORMAL,237,0.056,RCL134-C002-N02-1,5
7550935,MZ01,17,N04,A,NORMAL,218,0.043,SIN UBICACIÓN ACTUAL,5
4530158,MZ01,17,N05,A,NORMAL,135,0.014,RCL165-C001-N05-1,5
7502488,MZ01,17,N05,A,NORMAL,418,0.83,RCL147-C002-N03-1,5
500111,MZ01,17,N05,A,NORMAL,153,0.047,RCL134-C003-N02-1,5
6100165,MZ01,17,N05,A,NORMAL,90,0.008,RCL126-C004-N02-1,5
7502426,MZ01,18,N01,A,NORMAL,335,0.214,RCL149-C001-N03-1,5
7502424,MZ01,18,N01,A,NORMAL,331,0.194,RCL155-C003-N04-1,5
7502458,MZ01,18,N01,A,NORMAL,236,0.098,SIN UBICACIÓN ACTUAL,5
7506200,MZ01,18,N01,A,NORMAL,359,0.389,RCL155-C002-N03-1,5
879165,MZ01,18,N02,A,NORMAL,390,0.349,RCL159-C004-N02-1,5
7506136,MZ01,18,N02,A,NORMAL,414,0.549,RCL148-C004-N05-1,5
052440039,MZ01,18,N02,A,NORMAL,69,0.002,RCL170-C001-N05-1,5
7506420,MZ01,18,N03,A,NORMAL,383,0.32,RCL155-C001-N04-1,5
7506257,MZ01,18,N03,A,NORMAL,409,0.533,RCL148-C002-N02-1,5
4530148,MZ01,18,N03,A,NORMAL,138,0.029,RCL163-C001-N02-1,5
5140039,MZ01,18,N03,A,NORMAL,103,0.017,RCL141-C002-N03-1,5
7502404,MZ01,18,N04,A,NORMAL,135,0.045,RCL152-C001-N03-1,5
5140310,MZ01,18,N04,A,NORMAL,409,0.843,RCL138-C004-N05-1,5
6020426,MZ01,18,N04,A,NORMAL,75,0.011,RCL123-C001-N05-1,5
961927,MZ01,18,N05,A,NORMAL,336,0.849,RCL159-C004-N04-1,5
666054,MZ01,18,N05,A,NORMAL,131,0.026,RCL160-C003-N01-1,5
6100129,MZ01,18,N05,A,NORMAL,127,0.025,RCL131-C001-N04-1,5
5180020,MZ01,19,CUERPO,A,CUERPO,331,1.063,RCL146-C001-N05-1,1
9200330,MZ01,20,N01,A,NORMAL,67,0.007,RCL181-C001-N03-1,5
7507048,MZ01,20,N01,A,NORMAL,112,0.019,RCL152-C004-N03-1,5
7506376,MZ01,20,N01,A,NORMAL,302,0.536,RCL149-C003-N03-1,5
7502438,MZ01,20,N01,A,NORMAL,275,0.333,RCL155-C002-N05-1,5
7060202,MZ01,20,N02,A,NORMAL,312,0.177,SIN UBICACIÓN ACTUAL,5
7601214,MZ01,20,N02,A,NORMAL,316,0.501,RCL152-C003-N05-1,5
1574675,MZ01,20,N02,A,NORMAL,324,0.157,RCL159-C001-N04-1,5
4530156,MZ01,20,N02,A,NORMAL,145,0.063,RCL166-C001-N02-1,5
5170019,MZ01,20,N03,A,NORMAL,323,0.955,RCL138-C004-N02-1,5
7702045342031,MZ01,20,N04,A,NORMAL,312,0.946,RCL159-C001-N05-1,5
023450002,MZ01,20,N05,A,NORMAL,272,0.219,RCL168-C001-N02-1,5
2385001,MZ01,20,N05,A,NORMAL,283,0.417,RCL160-C004-N04-1,5
2330235,MZ01,20,N05,A,NORMAL,230,0.227,RCL160-C002-N02-1,5
052440149,MZ01,20,N05,A,NORMAL,99,0.034,RCL172-C001-N02-1,5
5140015,MZ01,21,CUERPO,A,CUERPO,282,2.777,RCL140-C004-N01-1,1
3525004,MZ01,22,CUERPO,A,CUERPO,276,1.98,RCL127-C002-N03-1,1
500115,MZ01,23,CUERPO,A,CUERPO,269,1.587,RCL134-C002-N04-1,1
5140016,MZ01,24,CUERPO,A,CUERPO,261,1.12,RCL140-C002-N02-1 / RCL140-C002-N05-1,1
5140009,MZ01,25,CUERPO,A,CUERPO,233,1.896,RCL146-C001-N03-1,1
8352920,MZ01,26,N01,A,NORMAL,55,0.007,RCL176-C001-N03-1,5
7506404,MZ01,26,N01,A,NORMAL,213,0.754,RCL147-C001-N03-1,5
1535262,MZ01,26,N01,A,NORMAL,177,0.1,RCL183-C004-N01-1,5
4530147,MZ01,26,N01,A,NORMAL,104,0.038,RCL166-C001-N04-1,5
5180003,MZ01,26,N02,A,NORMAL,222,0.542,RCL138-C003-N04-1,5
6020434,MZ01,26,N02,A,NORMAL,219,0.252,RCL121-C001-N03-1,5
6020416,MZ01,26,N02,A,NORMAL,214,0.095,RCL124-C003-N04-1,5
0380004,MZ01,26,N02,A,NORMAL,59,0.009,RCL201-C002-N04-1,5
1500001,MZ01,26,N03,A,NORMAL,58,0.004,RCL194-C003-N01-1,5
052440180,MZ01,26,N03,A,NORMAL,73,0.017,RCL174-C002-N01-1,5
2385002,MZ01,26,N03,A,NORMAL,208,0.306,RCL159-C002-N05-1,5
7702045342062,MZ01,26,N03,A,NORMAL,221,0.57,RCL159-C004-N03-1,5
5180017,MZ01,26,N04,A,NORMAL,221,0.521,RCL139-C001-N05-1,5
665598,MZ01,26,N04,A,NORMAL,205,0.118,RCL160-C002-N03-1,5
6020424,MZ01,26,N04,A,NORMAL,200,0.173,RCL121-C001-N04-1,5
6010022,MZ01,26,N04,A,NORMAL,124,0.04,RCL161-C004-N03-1,5
031480018,MZ01,26,N05,A,NORMAL,208,0.72,RCL162-C002-N04-1,5
7503101,MZ01,26,N05,A,NORMAL,182,0.173,RCL134-C001-N01-1,5
0380005,MZ01,26,N05,A,NORMAL,55,0.004,RCL197-C001-N03-1,5
0420127,MZ01,26,N05,A,NORMAL,37,0.002,RCL201-C001-N03-1,5
7502420,MZ01,27,N01,A,NORMAL,199,0.378,RCL155-C002-N03-1,5
7090620,MZ01,27,N01,A,NORMAL,199,0.433,RCL158-C001-N04-1,5
7060206,MZ01,27,N01,A,NORMAL,59,0.017,RCL117-C004-N02-1,5
7506122,MZ01,27,N01,A,NORMAL,117,0.067,RCL155-C002-N01-1,5
031260039,MZ01,27,N02,A,NORMAL,205,0.9,RCL162-C004-N04-1,5
5501130,MZ01,27,N03,A,NORMAL,192,0.225,RCL131-C002-N02-1,5
3352010,MZ01,27,N03,A,NORMAL,71,0.019,RCL199-C001-N04-1,5
7601212,MZ01,27,N03,A,NORMAL,205,0.262,RCL153-C002-N05-1,5
5140500,MZ01,27,N03,A,NORMAL,204,0.394,RCL138-C001-N02-1,5
7090038,MZ01,27,N04,A,NORMAL,83,0.033,RCL152-C001-N03-1,5
7501131,MZ01,27,N04,A,NORMAL,203,0.853,RCL175-C002-N05-1,5
0420141,MZ01,27,N04,A,NORMAL,56,0.011,RCL203-C002-N02-1,5
0420134,MZ01,27,N04,A,NORMAL,34,0.002,RCL201-C001-N03-1,5
5180030,MZ01,27,N05,A,NORMAL,198,0.896,RCL107-C003-N04-1,5
6020402,MZ01,27,N05,A,NORMAL,54,0.003,RCL123-C001-N05-1,5
7550974,MZ01,28,CUERPO,A,CUERPO,202,2.256,RCL112-C001-N01-1,1
0220002,MZ01,29,CUERPO,A,CUERPO,198,1.963,RCL141-C003-N02-1,1
3525007,MZ01,30,CUERPO,A,CUERPO,198,2.379,RCL127-C003-N02-1,1
7040010,MZ01,31,CUERPO,B,CUERPO,27,2.347,RCL107-C002-N01-1,1
1190001,MZ01,32,N01,B,NORMAL,25,0.008,RCL194-C001-N04-1,5
8002002,MZ01,32,N01,B,NORMAL,25,0.207,RCL194-C001-N01-1,5
9130206,MZ01,32,N01,B,NORMAL,25,0.002,SIN UBICACIÓN ACTUAL,5
0010068,MZ01,32,N01,B,NORMAL,25,0.023,RCL194-C001-N05-1,5
0460923,MZ01,32,N02,B,NORMAL,26,0.023,RCL164-C001-N02-1,5
0324400250,MZ01,32,N02,B,NORMAL,26,0.016,RCL162-C002-N03-1,5
2330430,MZ01,32,N02,B,NORMAL,26,0.014,SIN UBICACIÓN ACTUAL,5
7506218,MZ01,32,N02,B,NORMAL,26,0.079,RCL147-C003-N04-1,5
0380011,MZ01,32,N03,B,NORMAL,25,0.017,RCL201-C001-N03-1,5
0230041,MZ01,32,N03,B,NORMAL,25,0.036,RCL201-C004-N03-1,5
5140045,MZ01,32,N03,B,NORMAL,26,0.142,RCL139-C001-N04-1,5
6032642,MZ01,32,N03,B,NORMAL,26,0.165,RCL124-C001-N01-1,5
1195024,MZ01,32,N04,B,NORMAL,25,0.011,RCL198-C001-N03-1,5
1195016,MZ01,32,N04,B,NORMAL,25,0.004,RCL198-C001-N02-1,5
0230013,MZ01,32,N04,B,NORMAL,25,0.04,RCL197-C002-N04-1,5
1260001,MZ01,32,N04,B,NORMAL,25,0.042,RCL197-C001-N02-1,5
7001994,MZ01,32,N05,B,NORMAL,25,0.017,RCL193-C001-N04-1,5
0230016,MZ01,32,N05,B,NORMAL,25,0.008,RCL189-C002-N05-1,5
9203006,MZ01,32,N05,B,NORMAL,25,0.117,RCL184-C001-N02-1,5
7501938,MZ01,32,N05,B,NORMAL,25,0.019,RCL175-C001-N01-1,5
500463,MZ01,33,N01,B,NORMAL,25,0.929,RCL134-C001-N05-1,5
0140846,MZ01,33,N02,B,NORMAL,25,0.052,RCL171-C001-N02-1,5
7501917,MZ01,33,N02,B,NORMAL,25,0.013,RCL173-C003-N02-1,5
7501082,MZ01,33,N02,B,NORMAL,25,0.043,RCL170-C001-N01-1,5
4535412,MZ01,33,N02,B,NORMAL,25,0.277,RCL164-C001-N03-1,5
7501199467122,MZ01,33,N03,B,NORMAL,25,0.03,RCL160-C003-N02-1,5
7500390,MZ01,33,N03,B,NORMAL,25,0.201,SIN UBICACIÓN ACTUAL,5
7550784,MZ01,33,N03,B,NORMAL,25,0.12,RCL149-C004-N01-1,5
6150013,MZ01,33,N03,B,NORMAL,25,0.015,RCL164-C001-N01-1,5
5170010,MZ01,33,N04,B,NORMAL,25,0.084,RCL141-C001-N02-1,5
7025205,MZ01,33,N04,B,NORMAL,25,0.049,RCL149-C003-N01-1,5
7506280,MZ01,33,N04,B,NORMAL,25,0.023,RCL147-C002-N03-1,5
500090,MZ01,33,N04,B,NORMAL,25,0.081,RCL136-C001-N05-1,5
6032616,MZ01,33,N05,B,NORMAL,25,0.175,RCL124-C004-N05-1,5
6010019,MZ01,33,N05,B,NORMAL,25,0.047,SIN UBICACIÓN ACTUAL,5
6036809,MZ01,33,N05,B,NORMAL,25,0.16,RCL122-C001-N02-1,5
7060223,MZ01,33,N05,B,NORMAL,25,0.016,RCL117-C001-N03-1,5
2330165,MZ01,34,N01,B,NORMAL,23,0.284,RCL167-C003-N03-1,5
2380004,MZ01,34,N01,B,NORMAL,23,0.028,RCL185-C001-N01-1,5
7501143,MZ01,34,N01,B,NORMAL,23,0.018,RCL174-C001-N03-1,5
7501732,MZ01,34,N01,B,NORMAL,23,0.002,RCL170-C003-N01-1,5
5140019,MZ01,34,N02,B,NORMAL,24,0.065,RCL141-C002-N05-1,5
5180023,MZ01,34,N02,B,NORMAL,24,0.066,RCL146-C001-N01-1,5
5140042,MZ01,34,N02,B,NORMAL,24,0.233,RCL141-C002-N02-1,5
500149,MZ01,34,N02,B,NORMAL,24,0.118,RCL135-C001-N06-1,5
92110159,MZ01,34,N03,B,NORMAL,23,0.019,RCL194-C004-N07-1,5
0380009,MZ01,34,N03,B,NORMAL,23,0.01,RCL195-C001-N02-1,5
1195007,MZ01,34,N03,B,NORMAL,23,0.007,RCL198-C001-N04-1,5
0560022,MZ01,34,N03,B,NORMAL,23,0.005,RCL201-C001-N04-1,5
9130205,MZ01,34,N04,B,NORMAL,23,0.002,SIN UBICACIÓN ACTUAL,5
0010053,MZ01,34,N04,B,NORMAL,23,0.022,RCL189-C001-N05-1,5
2321870,MZ01,34,N04,B,NORMAL,23,0.086,RCL187-C001-N02-1,5
9211232,MZ01,34,N04,B,NORMAL,23,0,RCL185-C001-N05-1,5
6150018,MZ01,34,N05,B,NORMAL,23,0.19,RCL166-C001-N01-1,5
7502451,MZ01,34,N05,B,NORMAL,23,0.029,RCL155-C003-N04-1,5
2395402,MZ01,34,N05,B,NORMAL,23,0.052,RCL155-C002-N01-1,5
7506258,MZ01,34,N05,B,NORMAL,23,0.003,RCL152-C003-N01-1,5
7040009,MZ01,35,CUERPO,B,CUERPO,24,1.188,RCL113-C002-N03-1,1
3270100,MZ01,36,N01,B,NORMAL,22,0.257,RCL116-C004-N02-1,5
5120418,MZ01,36,N01,B,NORMAL,22,0.022,RCL120-C001-N01-1,5
6032003,MZ01,36,N01,B,NORMAL,22,0.067,RCL128-C001-N04-1,5
7550211,MZ01,36,N01,B,NORMAL,22,0.008,RCL135-C001-N01-1,5
7500710,MZ01,36,N02,B,NORMAL,22,0.073,RCL174-C002-N04-1,5
7501093,MZ01,36,N02,B,NORMAL,22,0.044,RCL172-C002-N02-1,5
0140845,MZ01,36,N02,B,NORMAL,22,0.034,RCL171-C001-N03-1,5
031260001,MZ01,36,N02,B,NORMAL,22,0.044,SIN UBICACIÓN ACTUAL,5
7090070,MZ01,36,N03,B,NORMAL,22,0.594,RCL155-C002-N03-1,5
7041070,MZ01,36,N03,B,NORMAL,22,0.013,RCL147-C004-N02-1,5
4050001,MZ01,36,N03,B,NORMAL,22,0.008,SIN UBICACIÓN ACTUAL,5
7506431,MZ01,36,N03,B,NORMAL,22,0.24,RCL152-C002-N05-1,5
7090049,MZ01,36,N04,B,NORMAL,22,0.1,RCL152-C002-N01-1,5
7090050,MZ01,36,N04,B,NORMAL,22,0.412,RCL149-C003-N02-1,5
7506432,MZ01,36,N04,B,NORMAL,22,0.18,RCL147-C001-N02-1,5
500191,MZ01,36,N04,B,NORMAL,22,0.013,RCL136-C001-N04-1,5
1143004,MZ01,36,N05,B,NORMAL,21,0.043,RCL201-C003-N05-1,5
0050003,MZ01,36,N05,B,NORMAL,22,0.102,RCL115-C003-N05-1,5
0560019,MZ01,36,N05,B,NORMAL,21,0.005,RCL202-C001-N04-1,5
0420137,MZ01,36,N05,B,NORMAL,21,0.002,RCL201-C004-N05-1,5
9111286,MZ02,1,N01,D,NORMAL,3,0.001,RCL194-C004-N06-1,5
2321033,MZ02,1,N01,D,NORMAL,3,0.001,RCL194-C004-N06-1,5
0420032,MZ02,1,N01,D,NORMAL,3,0.001,RCL194-C004-N03-1,5
9130248,MZ02,1,N01,D,NORMAL,3,0.003,RCL194-C004-N02-1,5
2610020209,MZ02,1,N02,D,NORMAL,3,0,RCL195-C003-N06-1,5
9111078,MZ02,1,N02,D,NORMAL,3,0.005,RCL195-C003-N06-1,5
2610017507,MZ02,1,N02,D,NORMAL,3,0,RCL195-C003-N06-1,5
0420088,MZ02,1,N02,D,NORMAL,3,0.001,RCL195-C003-N07-1,5
9111599,MZ02,1,N03,D,NORMAL,3,0.002,RCL195-C003-N04-1,5
0420009,MZ02,1,N03,D,NORMAL,3,0.033,SIN UBICACIÓN ACTUAL,5
2321030,MZ02,1,N03,D,NORMAL,3,0.003,RCL195-C003-N03-1,5
92110150,MZ02,1,N03,D,NORMAL,3,0.001,RCL195-C003-N03-1,5
0420026,MZ02,1,N04,D,NORMAL,3,0.01,SIN UBICACIÓN ACTUAL,5
9111328,MZ02,1,N04,D,NORMAL,3,0.001,RCL195-C003-N03-1,5
9111235,MZ02,1,N04,D,NORMAL,3,0.001,RCL195-C003-N01-1,5
9112040,MZ02,1,N04,D,NORMAL,3,0.002,RCL194-C004-N07-1,5
92110689,MZ02,1,N05,D,NORMAL,3,0.003,RCL194-C004-N02-1 / RCL194-C004-N08-1,5
9112035,MZ02,1,N05,D,NORMAL,3,0.001,SIN UBICACIÓN ACTUAL,5
0709010,MZ02,1,N05,D,NORMAL,3,0.047,RCL190-C001-N03-1,5
1700103,MZ02,1,N05,D,NORMAL,3,0.008,RCL189-C003-N01-1,5
92110200,MZ02,2,N01,D,NORMAL,3,0.02,RCL187-C004-N01-1,5
2321875,MZ02,2,N01,D,NORMAL,3,0.045,RCL187-C001-N01-1,5
9914062,MZ02,2,N01,D,NORMAL,3,0.003,RCL187-C003-N02-1,5
9101569,MZ02,2,N01,D,NORMAL,3,0.007,RCL187-C003-N03-1,5
1700093,MZ02,2,N02,D,NORMAL,3,0.004,RCL189-C002-N04-1,5
1700082,MZ02,2,N02,D,NORMAL,3,0.007,RCL189-C003-N01-1,5
1700123,MZ02,2,N02,D,NORMAL,3,0.007,RCL189-C003-N01-1,5
1700124,MZ02,2,N02,D,NORMAL,3,0.009,RCL189-C002-N04-1,5
9111422,MZ02,2,N03,D,NORMAL,3,0.134,RCL188-C004-N04-1,5
92110187,MZ02,2,N03,D,NORMAL,3,0.018,RCL188-C001-N04-1,5
0140738,MZ02,2,N03,D,NORMAL,3,0.121,RCL188-C002-N02-1,5
0560006,MZ02,2,N03,D,NORMAL,3,0.004,RCL188-C002-N03-1,5
92110647,MZ02,2,N04,D,NORMAL,3,0,RCL187-C004-N04-1,5
9111148,MZ02,2,N04,D,NORMAL,3,0.007,RCL187-C004-N02-1,5
92110617,MZ02,2,N04,D,NORMAL,3,0.002,SIN UBICACIÓN ACTUAL,5
92110578,MZ02,2,N04,D,NORMAL,3,0,RCL187-C004-N02-1,5
2375008,MZ02,2,N05,D,NORMAL,3,0.003,RCL185-C001-N04-1,5
2392338,MZ02,2,N05,D,NORMAL,3,0.003,RCL184-C001-N04-1,5
2392330,MZ02,2,N05,D,NORMAL,3,0.017,RCL184-C001-N03-1,5
2392382,MZ02,2,N05,D,NORMAL,3,0.006,RCL184-C001-N02-1,5
7507006,MZ02,3,N01,D,NORMAL,3,0.021,RCL172-C002-N04-1,5
7551021,MZ02,3,N01,D,NORMAL,3,0.002,RCL172-C003-N02-1,5
7501120,MZ02,3,N01,D,NORMAL,3,0.002,SIN UBICACIÓN ACTUAL,5
7501140,MZ02,3,N01,D,NORMAL,3,0.003,SIN UBICACIÓN ACTUAL,5
2392390,MZ02,3,N02,D,NORMAL,3,0.005,RCL178-C001-N02-1,5
2352328,MZ02,3,N02,D,NORMAL,3,0.004,RCL178-C001-N01-1,5
1109033,MZ02,3,N02,D,NORMAL,3,0.003,RCL175-C004-N03-1,5
7500890,MZ02,3,N02,D,NORMAL,3,0.095,RCL175-C003-N05-1,5
7551064,MZ02,3,N03,D,NORMAL,3,0.001,RCL174-C003-N03-1,5
7501075,MZ02,3,N03,D,NORMAL,3,0.023,RCL175-C002-N01-1,5
7551053,MZ02,3,N03,D,NORMAL,3,0.006,RCL175-C002-N02-1,5
7501081,MZ02,3,N03,D,NORMAL,3,0.077,RCL175-C003-N05-1,5
7551025,MZ02,3,N04,D,NORMAL,3,0.004,RCL174-C002-N05-1,5
052440130,MZ02,3,N04,D,NORMAL,3,0.004,RCL174-C002-N01-1,5
7501094,MZ02,3,N04,D,NORMAL,3,0.009,RCL173-C003-N02-1,5
052450011,MZ02,3,N04,D,NORMAL,3,0.007,RCL173-C003-N01-1,5
7501915,MZ02,3,N05,D,NORMAL,3,0.015,RCL172-C002-N02-1,5
7501153,MZ02,3,N05,D,NORMAL,3,0.012,RCL172-C002-N01-1,5
2320020,MZ02,3,N05,D,NORMAL,3,0.056,RCL168-C004-N04-1,5
2320160,MZ02,3,N05,D,NORMAL,3,0.017,RCL168-C004-N04-1,5
7507244,MZ02,4,N01,D,NORMAL,3,0.004,RCL149-C004-N02-1,5
7502022,MZ02,4,N01,D,NORMAL,3,0.038,SIN UBICACIÓN ACTUAL,5
7507106,MZ02,4,N01,D,NORMAL,3,0.012,RCL149-C001-N04-1,5
7550720,MZ02,4,N01,D,NORMAL,3,0.011,RCL149-C002-N02-1,5
0570008,MZ02,4,N02,D,NORMAL,3,0.006,RCL163-C001-N04-1,5
2320203,MZ02,4,N02,D,NORMAL,3,0.03,RCL168-C004-N01-1,5
3300306,MZ02,4,N02,D,NORMAL,3,0.007,RCL168-C004-N01-1,5
3300301,MZ02,4,N02,D,NORMAL,3,0.034,SIN UBICACIÓN ACTUAL,5
0239001,MZ02,4,N03,D,NORMAL,3,0.021,RCL159-C003-N02-1,5
7506429,MZ02,4,N03,D,NORMAL,3,0.036,RCL154-C002-N05-1,5
7507030,MZ02,4,N03,D,NORMAL,3,0.05,RCL155-C003-N03-1,5
961935,MZ02,4,N03,D,NORMAL,3,0.011,SIN UBICACIÓN ACTUAL,5
7507202,MZ02,4,N04,D,NORMAL,3,0.005,RCL153-C004-N03-1,5
7506328,MZ02,4,N04,D,NORMAL,3,0.151,RCL152-C004-N04-1,5
7506316,MZ02,4,N04,D,NORMAL,3,0.241,RCL152-C004-N01-1,5
7550820,MZ02,4,N04,D,NORMAL,3,0.019,RCL149-C004-N04-1,5
7506530,MZ02,4,N05,D,NORMAL,3,0.03,SIN UBICACIÓN ACTUAL,5
7507250,MZ02,4,N05,D,NORMAL,3,0.009,RCL148-C004-N03-1,5
7550800,MZ02,4,N05,D,NORMAL,3,0.038,RCL148-C004-N01-1,5
7507057,MZ02,4,N05,D,NORMAL,3,0.007,RCL148-C003-N04-1,5
92110128,MZ02,5,N01,D,NORMAL,2,0.004,RCL195-C004-N07-1,5
1205026,MZ02,5,N01,D,NORMAL,2,0.001,RCL200-C001-N04-1,5
1205022,MZ02,5,N01,D,NORMAL,2,0.003,SIN UBICACIÓN ACTUAL,5
1205004,MZ02,5,N01,D,NORMAL,2,0.015,RCL200-C001-N05-1,5
6401019,MZ02,5,N02,D,NORMAL,3,0.028,RCL107-C003-N03-1,5
6401020,MZ02,5,N02,D,NORMAL,3,0.04,RCL106-C002-N03-1,5
6401022,MZ02,5,N02,D,NORMAL,3,0.119,RCL106-C002-N01-1,5
15005003,MZ02,5,N02,D,NORMAL,2,0.001,RCL85-C001-N04-1,5
2390002,MZ02,5,N03,D,NORMAL,2,0.013,SIN UBICACIÓN ACTUAL,5
7040006,MZ02,5,N03,D,NORMAL,2,0.109,RCL83-C004-N01-1,5
7040312,MZ02,5,N03,D,NORMAL,2,0.403,RCL83-C004-N05-1,5
1535263,MZ02,5,N03,D,NORMAL,2,0.001,SIN UBICACIÓN ACTUAL,5
3003005,MZ02,5,N04,D,NORMAL,2,0.008,RCL83-C001-N05-1,5
9913008,MZ02,5,N04,D,NORMAL,2,0.321,RCL94-C001-N05-1,5
7060201,MZ02,5,N04,D,NORMAL,2,0.156,RCL83-C001-N01-1,5
0460143,MZ02,5,N04,D,NORMAL,2,0.002,RCL202-C002-N02-1,5
9111111,MZ02,5,N05,D,NORMAL,2,0.001,RCL195-C004-N06-1,5
9112041,MZ02,5,N05,D,NORMAL,2,0.001,RCL195-C004-N06-1,5
9111222,MZ02,5,N05,D,NORMAL,2,0.001,RCL195-C004-N03-1,5
9112037,MZ02,5,N05,D,NORMAL,2,0.001,RCL195-C004-N02-1,5
2610020205,MZ02,6,N01,D,NORMAL,2,0.001,SIN UBICACIÓN ACTUAL,5
2610020214,MZ02,6,N01,D,NORMAL,2,0.001,RCL194-C004-N02-1,5
9130240,MZ02,6,N01,D,NORMAL,2,0.003,RCL194-C004-N03-1,5
9111248,MZ02,6,N01,D,NORMAL,2,0.002,RCL194-C004-N04-1,5
9112043,MZ02,6,N02,D,NORMAL,2,0,RCL195-C003-N06-1,5
2610020207,MZ02,6,N02,D,NORMAL,2,0.001,SIN UBICACIÓN ACTUAL,5
0560002,MZ02,6,N02,D,NORMAL,2,0.009,RCL195-C003-N07-1,5
0560005,MZ02,6,N02,D,NORMAL,2,0.007,RCL195-C003-N06-1,5
0611700,MZ02,6,N03,D,NORMAL,2,0,RCL195-C003-N04-1,5
0420038,MZ02,6,N03,D,NORMAL,2,0,RCL195-C003-N01-1,5
9111206,MZ02,6,N03,D,NORMAL,2,0.001,RCL194-C004-N08-1 / RCL195-C003-N02-1 / RCL195-C004-N08-1,5
9111303,MZ02,6,N03,D,NORMAL,2,0,RCL195-C003-N03-1,5
2321032,MZ02,6,N04,D,NORMAL,2,0.001,RCL194-C004-N06-1,5
2321031,MZ02,6,N04,D,NORMAL,2,0.001,RCL194-C004-N06-1,5
92110652,MZ02,6,N04,D,NORMAL,2,0.001,RCL194-C004-N06-1,5
2321034,MZ02,6,N04,D,NORMAL,2,0.001,RCL194-C004-N06-1,5
9130250,MZ02,6,N05,D,NORMAL,2,0.002,RCL194-C004-N01-1,5
0420109,MZ02,6,N05,D,NORMAL,2,0,RCL194-C004-N01-1,5
2321060,MZ02,6,N05,D,NORMAL,2,0.081,RCL194-C002-N03-1,5
7002025,MZ02,6,N05,D,NORMAL,2,0.04,RCL193-C001-N04-1,5
0114015,MZ02,7,N01,D,NORMAL,2,0.007,RCL183-C002-N05-1,5
9180114,MZ02,7,N01,D,NORMAL,2,0.088,RCL183-C002-N05-1,5
0506007,MZ02,7,N01,D,NORMAL,2,0.003,RCL183-C003-N01-1,5
0506021,MZ02,7,N01,D,NORMAL,2,0.007,RCL183-C003-N02-1,5
92110188,MZ02,7,N02,D,NORMAL,2,0.005,RCL187-C001-N02-1,5
9111267,MZ02,7,N02,D,NORMAL,2,0.043,RCL187-C001-N01-1,5
2392393,MZ02,7,N02,D,NORMAL,2,0.021,RCL185-C001-N04-1,5
3352148,MZ02,7,N02,D,NORMAL,2,0.001,SIN UBICACIÓN ACTUAL,5
0540507,MZ02,7,N03,D,NORMAL,2,0.006,RCL183-C004-N03-1,5
0140039,MZ02,7,N03,D,NORMAL,2,0.009,RCL183-C004-N05-1,5
2392340,MZ02,7,N03,D,NORMAL,2,0.006,RCL184-C001-N02-1,5
2392341,MZ02,7,N03,D,NORMAL,2,0.003,RCL184-C001-N04-1,5
0506166,MZ02,7,N04,D,NORMAL,2,0.065,SIN UBICACIÓN ACTUAL,5
0506017,MZ02,7,N04,D,NORMAL,2,0.064,RCL183-C004-N01-1,5
0120025,MZ02,7,N04,D,NORMAL,2,0.064,RCL183-C003-N04-1,5
9180151,MZ02,7,N04,D,NORMAL,2,0.009,RCL183-C003-N04-1,5
0126012,MZ02,7,N05,D,NORMAL,2,0,SIN UBICACIÓN ACTUAL,5
0134005,MZ02,7,N05,D,NORMAL,2,0.16,RCL183-C001-N04-1,5
9180138,MZ02,7,N05,D,NORMAL,2,0.469,RCL183-C001-N03-1,5
0126028,MZ02,7,N05,D,NORMAL,2,0.002,SIN UBICACIÓN ACTUAL,5
0190005,MZ02,8,N01,D,NORMAL,2,0.206,SIN UBICACIÓN ACTUAL,5
0186004,MZ02,8,N01,D,NORMAL,2,0.006,SIN UBICACIÓN ACTUAL,5
0130015,MZ02,8,N01,D,NORMAL,2,0.01,RCL182-C002-N04-1,5
0174012,MZ02,8,N01,D,NORMAL,2,0.004,RCL182-C003-N01-1,5
76174060553,MZ02,8,N02,D,NORMAL,2,0.042,RCL183-C001-N01-1,5
0122005,MZ02,8,N02,D,NORMAL,2,0.012,SIN UBICACIÓN ACTUAL,5
0132004,MZ02,8,N02,D,NORMAL,2,0.012,RCL183-C001-N02-1,5
0524042,MZ02,8,N02,D,NORMAL,2,0.004,RCL183-C001-N02-1,5
STHT05867LA,MZ02,8,N03,D,NORMAL,2,0.03,SIN UBICACIÓN ACTUAL,5
0574016,MZ02,8,N03,D,NORMAL,2,0.005,RCL182-C004-N03-1,5
0524057,MZ02,8,N03,D,NORMAL,2,0.001,RCL182-C004-N04-1,5
0144098,MZ02,8,N03,D,NORMAL,2,0.003,RCL183-C001-N01-1,5
0506026,MZ02,8,N04,D,NORMAL,2,0.002,RCL182-C004-N03-1,5
01647342,MZ02,8,N04,D,NORMAL,2,0,RCL182-C004-N03-1,5
1525011,MZ02,8,N04,D,NORMAL,2,0.027,SIN UBICACIÓN ACTUAL,5
0118085,MZ02,8,N04,D,NORMAL,2,0.004,RCL182-C003-N04-1,5
0506179,MZ02,8,N05,D,NORMAL,2,0.002,RCL182-C002-N03-1,5
0130002,MZ02,8,N05,D,NORMAL,2,0.003,RCL182-C002-N01-1,5
92110227,MZ02,8,N05,D,NORMAL,2,0.001,RCL182-C001-N05-1,5
0126006,MZ02,8,N05,D,NORMAL,2,0.058,SIN UBICACIÓN ACTUAL,5
2320209,MZ02,9,N01,D,NORMAL,2,0.027,RCL168-C004-N06-1,5
052440134,MZ02,9,N01,D,NORMAL,2,0.004,RCL170-C001-N01-1,5
052450003,MZ02,9,N01,D,NORMAL,2,0.011,RCL170-C001-N01-1,5
052440169,MZ02,9,N01,D,NORMAL,2,0.029,RCL170-C001-N02-1,5
052450008,MZ02,9,N02,D,NORMAL,2,0.042,SIN UBICACIÓN ACTUAL,5
052440164,MZ02,9,N02,D,NORMAL,2,0.013,RCL173-C001-N01-1,5
7550618,MZ02,9,N02,D,NORMAL,2,0.005,RCL172-C002-N04-1,5
052440150,MZ02,9,N02,D,NORMAL,2,0.004,RCL172-C002-N03-1,5
2390021,MZ02,9,N03,D,NORMAL,2,0.013,RCL171-C001-N05-1,5
7501692,MZ02,9,N03,D,NORMAL,2,0.007,RCL172-C001-N04-1,5
7507005,MZ02,9,N03,D,NORMAL,2,0.009,RCL172-C002-N01-1,5
52440217,MZ02,9,N03,D,NORMAL,2,0.012,SIN UBICACIÓN ACTUAL,5
7501724,MZ02,9,N04,D,NORMAL,2,0.076,RCL170-C002-N05-1,5
7501928,MZ02,9,N04,D,NORMAL,2,0.011,RCL170-C002-N03-1,5
7501749,MZ02,9,N04,D,NORMAL,2,0.008,RCL170-C001-N03-1,5
7501157,MZ02,9,N04,D,NORMAL,2,0.008,RCL170-C001-N03-1,5
2320206,MZ02,9,N05,D,NORMAL,2,0,SIN UBICACIÓN ACTUAL,5
2320164,MZ02,9,N05,D,NORMAL,2,0.002,RCL168-C004-N02-1,5
2320208,MZ02,9,N05,D,NORMAL,2,0.03,RCL168-C004-N01-1,5
2320122,MZ02,9,N05,D,NORMAL,2,0.007,RCL168-C003-N05-1,5
9200314,MZ02,10,CUERPO,B,CUERPO,16,1.676,RCL181-C003-N04-1,1
1195040,MZ02,11,N01,B,NORMAL,15,0.009,RCL198-C001-N02-1,5
5170031,MZ02,11,N01,B,NORMAL,15,0.019,RCL201-C001-N04-1,5
2330054,MZ02,11,N01,B,NORMAL,15,0.165,RCL201-C003-N01-1,5
8002005,MZ02,11,N01,B,NORMAL,15,0.672,RCL201-C003-N03-1,5
5240015,MZ02,11,N02,B,NORMAL,16,0.044,RCL139-C002-N02-1,5
5240418,MZ02,11,N02,B,NORMAL,16,0.11,RCL126-C003-N02-1,5
6032005,MZ02,11,N02,B,NORMAL,16,0.019,RCL124-C003-N04-1,5
5170507,MZ02,11,N02,B,NORMAL,16,0.016,RCL118-C002-N01-1,5
7060210,MZ02,11,N03,B,NORMAL,16,0.06,RCL117-C003-N03-1,5
0050004,MZ02,11,N03,B,NORMAL,16,0.029,RCL115-C004-N04-1,5
6032001,MZ02,11,N03,B,NORMAL,16,0.002,RCL116-C002-N03-1,5
7060133,MZ02,11,N03,B,NORMAL,16,0.037,RCL117-C003-N02-1,5
4020216,MZ02,11,N04,B,NORMAL,16,0.006,RCL115-C001-N03-1,5
0570067,MZ02,11,N04,B,NORMAL,15,0.18,RCL203-C001-N03-1,5
2321045,MZ02,11,N04,B,NORMAL,15,0.005,RCL202-C001-N02-1,5
0150003,MZ02,11,N04,B,NORMAL,15,0.034,RCL202-C001-N01-1,5
0560020,MZ02,11,N05,B,NORMAL,15,0.002,RCL196-C002-N05-1,5
1195046,MZ02,11,N05,B,NORMAL,15,0.001,RCL198-C001-N02-1,5
1195028,MZ02,11,N05,B,NORMAL,15,0.002,RCL198-C001-N01-1,5
0230008,MZ02,11,N05,B,NORMAL,15,0.008,RCL197-C001-N04-1,5
0709200,MZ02,12,N01,B,NORMAL,14,0.032,RCL190-C001-N02-1,5
0010065,MZ02,12,N01,B,NORMAL,14,0.011,RCL189-C001-N04-1,5
0200002,MZ02,12,N01,B,NORMAL,14,0.012,RCL189-C001-N02-1,5
9111498,MZ02,12,N01,B,NORMAL,14,0.004,RCL188-C002-N04-1,5
1195026,MZ02,12,N02,B,NORMAL,14,0.002,RCL198-C001-N04-1,5
1205013,MZ02,12,N02,B,NORMAL,14,0.089,RCL200-C001-N01-1,5
1195035,MZ02,12,N02,B,NORMAL,14,0.014,RCL198-C001-N04-1,5
1205008,MZ02,12,N02,B,NORMAL,14,0.05,RCL200-C001-N04-1,5
3265020,MZ02,12,N03,B,NORMAL,14,0.057,RCL196-C002-N03-1,5
0340001,MZ02,12,N03,B,NORMAL,14,0.047,RCL196-C001-N05-1,5
92110155,MZ02,12,N03,B,NORMAL,14,0.011,RCL194-C004-N05-1,5
0010064,MZ02,12,N03,B,NORMAL,14,0.012,RCL194-C003-N02-1,5
8002009,MZ02,12,N04,B,NORMAL,14,0.265,RCL193-C001-N05-1,5
2330056,MZ02,12,N04,B,NORMAL,14,0.16,RCL194-C002-N04-1,5
0010063,MZ02,12,N04,B,NORMAL,14,0.004,RCL194-C001-N04-1,5
0709085,MZ02,12,N04,B,NORMAL,14,0.005,RCL192-C001-N02-1,5
92110634,MZ02,12,N05,B,NORMAL,14,0,RCL188-C001-N03-1,5
2321536,MZ02,12,N05,B,NORMAL,14,0.003,RCL187-C002-N03-1,5
92110632,MZ02,12,N05,B,NORMAL,14,0.001,RCL187-C001-N05-1,5
92110646,MZ02,12,N05,B,NORMAL,14,0,RCL187-C001-N04-1,5
7090625,MZ02,13,N01,B,NORMAL,14,0.013,RCL156-C001-N01-1,5
7506378,MZ02,13,N01,B,NORMAL,14,0.198,RCL149-C001-N02-1,5
7506109,MZ02,13,N01,B,NORMAL,14,0.007,RCL149-C001-N04-1,5
7506832,MZ02,13,N01,B,NORMAL,14,0.01,RCL152-C004-N03-1,5
4530200,MZ02,13,N02,B,NORMAL,14,0.037,RCL177-C001-N02-1,5
9250001,MZ02,13,N02,B,NORMAL,14,0.014,RCL185-C001-N04-1,5
9200208,MZ02,13,N02,B,NORMAL,14,0.014,SIN UBICACIÓN ACTUAL,5
2352324,MZ02,13,N02,B,NORMAL,14,0.03,SIN UBICACIÓN ACTUAL,5
7501145,MZ02,13,N03,B,NORMAL,14,0.053,RCL174-C001-N03-1,5
7501916,MZ02,13,N03,B,NORMAL,14,0.008,RCL172-C001-N03-1,5
7501772,MZ02,13,N03,B,NORMAL,14,0.009,RCL172-C002-N04-1,5
7501952,MZ02,13,N03,B,NORMAL,14,0.02,RCL174-C001-N02-1,5
7501911,MZ02,13,N04,B,NORMAL,14,0.024,RCL172-C001-N02-1,5
3300215,MZ02,13,N04,B,NORMAL,14,0.173,SIN UBICACIÓN ACTUAL,5
2330426,MZ02,13,N04,B,NORMAL,14,0.025,RCL167-C002-N05-1,5
4530157,MZ02,13,N04,B,NORMAL,14,0.001,SIN UBICACIÓN ACTUAL,5
7506978,MZ02,13,N05,B,NORMAL,14,0.372,RCL149-C001-N01-1,5
7507200,MZ02,13,N05,B,NORMAL,14,0.011,RCL147-C001-N03-1,5
5180005,MZ02,13,N05,B,NORMAL,14,0.422,RCL141-C004-N04-1,5
3018100,MZ02,13,N05,B,NORMAL,14,0.013,RCL137-C001-N02-1,5
0490015,MZ02,14,N01,B,NORMAL,12,0.01,RCL202-C001-N03-1,5
0490013,MZ02,14,N01,B,NORMAL,12,0.003,RCL202-C002-N01-1,5
0490014,MZ02,14,N01,B,NORMAL,12,0.05,RCL202-C002-N02-1,5
0560021,MZ02,14,N01,B,NORMAL,12,0.001,RCL202-C002-N03-1,5
500125,MZ02,14,N02,B,NORMAL,13,0.016,RCL135-C001-N01-1,5
6032652,MZ02,14,N02,B,NORMAL,13,0.053,RCL122-C001-N04-1,5
6020432,MZ02,14,N02,B,NORMAL,13,0.002,RCL122-C001-N03-1,5
5170403,MZ02,14,N02,B,NORMAL,13,0.001,RCL120-C001-N02-1,5
6401012,MZ02,14,N03,B,NORMAL,13,0.061,RCL116-C002-N01-1,5
6095001,MZ02,14,N03,B,NORMAL,13,0.015,SIN UBICACIÓN ACTUAL,5
7060118,MZ02,14,N03,B,NORMAL,13,0.042,SIN UBICACIÓN ACTUAL,5
5120405,MZ02,14,N03,B,NORMAL,13,0.019,RCL119-C002-N03-1,5
4020211,MZ02,14,N04,B,NORMAL,13,0.014,RCL115-C002-N01-1,5
4020225,MZ02,14,N04,B,NORMAL,13,0.009,RCL115-C001-N03-1,5
4020220,MZ02,14,N04,B,NORMAL,13,0.014,RCL115-C001-N01-1,5
5120400,MZ02,14,N04,B,NORMAL,13,0.369,RCL104-C003-N05-1,5
8002008,MZ02,14,N05,B,NORMAL,12,0.086,RCL201-C004-N02-1,5
8002001,MZ02,14,N05,B,NORMAL,12,0.156,RCL201-C003-N04-1,5
0460140,MZ02,14,N05,B,NORMAL,12,0.202,RCL201-C002-N01-1,5
0420130,MZ02,14,N05,B,NORMAL,12,0.001,RCL201-C001-N04-1,5
2392320,MZ02,15,N01,B,NORMAL,12,0.002,RCL184-C001-N03-1,5
7500712,MZ02,15,N01,B,NORMAL,12,0.005,RCL174-C003-N04-1,5
0120095,MZ02,15,N01,B,NORMAL,12,0.015,SIN UBICACIÓN ACTUAL,5
0114013,MZ02,15,N01,B,NORMAL,12,0.01,RCL182-C004-N05-1,5
0230023,MZ02,15,N02,B,NORMAL,12,0.011,RCL197-C001-N03-1,5
0420143,MZ02,15,N02,B,NORMAL,12,0.002,RCL201-C001-N03-1,5
0420142,MZ02,15,N02,B,NORMAL,12,0.002,RCL201-C001-N01-1,5
8708005,MZ02,15,N02,B,NORMAL,12,0.01,RCL199-C001-N03-1,5
0420153,MZ02,15,N03,B,NORMAL,12,0.001,RCL195-C002-N04-1,5
0010062,MZ02,15,N03,B,NORMAL,12,0.007,RCL194-C001-N04-1,5
92110154,MZ02,15,N03,B,NORMAL,12,0.002,RCL194-C004-N05-1,5
0230003,MZ02,15,N03,B,NORMAL,12,0,RCL195-C001-N05-1,5
0410299,MZ02,15,N04,B,NORMAL,12,0.012,RCL190-C001-N02-1,5
0230050,MZ02,15,N04,B,NORMAL,12,0.001,RCL189-C002-N02-1,5
7008302,MZ02,15,N04,B,NORMAL,12,0.001,RCL189-C001-N03-1,5
9101570,MZ02,15,N04,B,NORMAL,12,0.017,RCL186-C002-N05-1,5
52440426,MZ02,15,N05,B,NORMAL,12,0.002,RCL174-C003-N03-1,5
7062921,MZ02,15,N05,B,NORMAL,12,0,RCL168-C004-N03-1,5
3256824,MZ02,15,N05,B,NORMAL,12,0.081,RCL162-C001-N05-1,5
2385111,MZ02,15,N05,B,NORMAL,12,0.117,RCL161-C003-N04-1,5
0410009,MZ02,16,N01,B,NORMAL,11,0.053,RCL201-C002-N05-1,5
0460147,MZ02,16,N01,B,NORMAL,11,0.007,RCL201-C003-N04-1,5
5170027,MZ02,16,N01,B,NORMAL,11,0.017,RCL203-C002-N03-1,5
7041032,MZ02,16,N01,B,NORMAL,11,0.053,RCL83-C004-N05-1,5
5180029,MZ02,16,N02,B,NORMAL,12,0.005,RCL139-C003-N01-1,5
5230109,MZ02,16,N02,B,NORMAL,12,0.008,RCL139-C002-N02-1,5
5140044,MZ02,16,N02,B,NORMAL,12,0.09,RCL139-C001-N03-1,5
501420,MZ02,16,N02,B,NORMAL,12,0.004,RCL135-C001-N03-1,5
5120409,MZ02,16,N03,B,NORMAL,12,0.456,SIN UBICACIÓN ACTUAL,5
5120442,MZ02,16,N03,B,NORMAL,12,0.077,RCL120-C004-N03-1,5
5120406,MZ02,16,N03,B,NORMAL,12,0.156,SIN UBICACIÓN ACTUAL,5
7040000,MZ02,16,N03,B,NORMAL,12,0.041,RCL130-C001-N01-1,5
5120431,MZ02,16,N04,B,NORMAL,12,0.037,RCL120-C002-N02-1,5
0020000,MZ02,16,N04,B,NORMAL,12,0.226,SIN UBICACIÓN ACTUAL,5
9203203,MZ02,16,N04,B,NORMAL,12,0.1,SIN UBICACIÓN ACTUAL,5
0020001,MZ02,16,N04,B,NORMAL,12,0.119,SIN UBICACIÓN ACTUAL,5
7008301,MZ02,16,N05,B,NORMAL,11,0.001,RCL201-C002-N03-1,5
3265021,MZ02,16,N05,B,NORMAL,11,0.07,RCL201-C001-N02-1,5
1205027,MZ02,16,N05,B,NORMAL,11,0.003,RCL200-C001-N04-1,5
3352076,MZ02,16,N05,B,NORMAL,11,0.002,RCL199-C001-N01-1,5
9111077,MZ02,17,N01,B,NORMAL,11,0.002,RCL188-C001-N02-1,5
2352027,MZ02,17,N01,B,NORMAL,11,0.002,RCL185-C001-N03-1,5
92110633,MZ02,17,N01,B,NORMAL,11,0,SIN UBICACIÓN ACTUAL,5
0011160,MZ02,17,N01,B,NORMAL,11,0.007,SIN UBICACIÓN ACTUAL,5
92110156,MZ02,17,N02,B,NORMAL,11,0.002,RCL195-C004-N01-1,5
1195033,MZ02,17,N02,B,NORMAL,11,0.001,RCL198-C001-N03-1,5
1195047,MZ02,17,N02,B,NORMAL,11,0.001,SIN UBICACIÓN ACTUAL,5
0420133,MZ02,17,N02,B,NORMAL,11,0.001,RCL196-C001-N04-1,5
9111329,MZ02,17,N03,B,NORMAL,11,0,RCL195-C003-N06-1,5
9130210,MZ02,17,N03,B,NORMAL,11,0,RCL194-C004-N05-1,5
92110142,MZ02,17,N03,B,NORMAL,11,0.014,RCL194-C004-N07-1,5
9130202,MZ02,17,N03,B,NORMAL,11,0.009,RCL195-C003-N03-1,5
8002011,MZ02,17,N04,B,NORMAL,11,0.249,RCL194-C002-N04-1,5
0707013,MZ02,17,N04,B,NORMAL,11,0.002,RCL190-C001-N03-1,5
0380030,MZ02,17,N04,B,NORMAL,11,0.05,RCL189-C002-N02-1,5
0490026,MZ02,17,N04,B,NORMAL,11,0.001,RCL189-C002-N01-1,5
2352026,MZ02,17,N05,B,NORMAL,11,0.012,RCL185-C001-N01-1,5
2392328,MZ02,17,N05,B,NORMAL,11,0.006,RCL184-C001-N02-1,5
1515036,MZ02,17,N05,B,NORMAL,11,0.005,RCL183-C004-N05-1,5
0190004,MZ02,17,N05,B,NORMAL,11,0.003,RCL182-C001-N03-1,5
7506402,MZ02,18,N01,B,NORMAL,11,0.2,RCL149-C001-N02-1,5
7506048,MZ02,18,N01,B,NORMAL,11,0.018,RCL149-C004-N02-1,5
VH901700AV,MZ02,18,N01,B,NORMAL,11,0.075,RCL150-C001-N01-1,5
7550812,MZ02,18,N01,B,NORMAL,11,0.075,RCL155-C001-N01-1,5
9200324,MZ02,18,N02,B,NORMAL,11,0.1,RCL181-C001-N04-1,5
9200334,MZ02,18,N02,B,NORMAL,11,0.061,RCL180-C001-N03-1,5
2352323,MZ02,18,N02,B,NORMAL,11,0.028,SIN UBICACIÓN ACTUAL,5
7500711,MZ02,18,N02,B,NORMAL,11,0.005,RCL175-C003-N04-1,5
2320124,MZ02,18,N03,B,NORMAL,11,0.004,RCL167-C001-N01-1,5
2320025,MZ02,18,N03,B,NORMAL,11,0.027,RCL168-C004-N03-1,5
7501913,MZ02,18,N03,B,NORMAL,11,0.018,RCL170-C002-N04-1,5
7500834,MZ02,18,N03,B,NORMAL,11,0.196,RCL175-C002-N04-1,5
7501944,MZ02,18,N04,B,NORMAL,11,0.765,RCL170-C002-N02-1,5
033010027,MZ02,18,N04,B,NORMAL,11,0.069,RCL161-C002-N03-1,5
7506160,MZ02,18,N04,B,NORMAL,11,0.014,RCL155-C003-N02-1,5
7506449,MZ02,18,N04,B,NORMAL,11,0.033,RCL153-C003-N02-1,5
7507212,MZ02,18,N05,B,NORMAL,11,0.013,RCL148-C001-N01-1,5
5140033,MZ02,18,N05,B,NORMAL,11,0.07,RCL141-C001-N01-1,5
7500521,MZ02,18,N05,B,NORMAL,11,0.003,RCL134-C004-N04-1,5
7550086,MZ02,18,N05,B,NORMAL,11,0.162,RCL134-C002-N02-1,5
0050000,MZ02,19,N01,B,NORMAL,11,0.016,SIN UBICACIÓN ACTUAL,5
4020219,MZ02,19,N01,B,NORMAL,11,0.033,RCL115-C001-N01-1,5
0230020,MZ02,19,N01,B,NORMAL,10,0.002,RCL203-C001-N04-1,5
2321047,MZ02,19,N01,B,NORMAL,10,0.005,RCL203-C001-N02-1,5
7040014,MZ02,19,N02,B,NORMAL,11,0.052,RCL130-C001-N01-1,5
6101057,MZ02,19,N02,B,NORMAL,11,0.025,RCL131-C001-N02-1,5
7041014,MZ02,19,N02,B,NORMAL,11,0.08,RCL130-C001-N02-1,5
61001097,MZ02,19,N02,B,NORMAL,11,0.02,RCL132-C004-N02-1,5
6032007,MZ02,19,N03,B,NORMAL,11,0.604,RCL124-C004-N02-1,5
5120412,MZ02,19,N03,B,NORMAL,11,0.013,RCL119-C004-N04-1,5
5120438,MZ02,19,N03,B,NORMAL,11,0.079,RCL119-C002-N04-1,5
5120521,MZ02,19,N03,B,NORMAL,11,0.167,RCL119-C002-N02-1,5
7550928,MZ02,19,N04,B,NORMAL,11,0.084,RCL117-C001-N05-1,5
5170504,MZ02,19,N04,B,NORMAL,11,0.023,RCL118-C003-N04-1,5
5180403,MZ02,19,N04,B,NORMAL,11,0.012,RCL118-C003-N01-1,5
6401025,MZ02,19,N04,B,NORMAL,11,0.096,RCL116-C002-N03-1,5
0420152,MZ02,19,N05,B,NORMAL,10,0.002,RCL202-C002-N04-1,5
1205029,MZ02,19,N05,B,NORMAL,10,0.007,RCL200-C001-N04-1,5
3352042,MZ02,19,N05,B,NORMAL,10,0.01,RCL199-C001-N02-1,5
1195022,MZ02,19,N05,B,NORMAL,10,0.001,RCL198-C001-N04-1,5
7506170,MZ02,20,CUERPO,A,CUERPO,811,1.052,RCL153-C001-N03-1,1
7062417,MZ02,21,CUERPO,A,CUERPO,525,1.083,RCL155-C001-N03-1,1
5180021,MZ02,22,CUERPO,A,CUERPO,377,1.604,RCL107-C004-N04-1,1
7506457,MZ02,23,CUERPO,A,CUERPO,367,1.08,RCL148-C002-N01-1,1
038070015,MZ02,24,CUERPO,A,CUERPO,323,3.129,RCL110-C001-N03-1,1
878628,MZ02,25,CUERPO,A,CUERPO,289,1.092,RCL159-C003-N01-1,1
500113,MZ02,26,N01,A,NORMAL,128,0.042,RCL134-C003-N03-1,5
7502408,MZ02,26,N01,A,NORMAL,247,0.4,RCL148-C001-N05-1,5
7506248,MZ02,26,N01,A,NORMAL,262,0.431,RCL155-C001-N05-1,5
7550926,MZ02,26,N01,A,NORMAL,96,0.014,SIN UBICACIÓN ACTUAL,5
7110205,MZ02,26,N02,A,NORMAL,172,0.081,RCL152-C002-N02-1,5
297692,MZ02,26,N02,A,NORMAL,227,0.121,RCL159-C003-N03-1,5
5180002,MZ02,26,N02,A,NORMAL,276,0.695,RCL139-C004-N05-1,5
6150016,MZ02,26,N02,A,NORMAL,60,0,RCL164-C001-N03-1,5
0380003,MZ02,26,N03,A,NORMAL,62,0.004,RCL203-C001-N03-1,5
7506238,MZ02,26,N03,A,NORMAL,269,0.562,RCL147-C002-N04-1,5
031480013,MZ02,26,N03,A,NORMAL,243,0.333,RCL162-C004-N03-1,5
033010024,MZ02,26,N04,A,NORMAL,58,0,RCL161-C001-N03-1,5
2330176,MZ02,26,N04,A,NORMAL,146,0.068,RCL167-C002-N03-1,5
7506223,MZ02,26,N04,A,NORMAL,248,0.346,RCL148-C002-N03-1,5
2352301,MZ02,26,N04,A,NORMAL,268,0.483,RCL160-C004-N02-1,5
7506256,MZ02,26,N05,A,NORMAL,253,0.956,RCL155-C001-N02-1,5
5230104,MZ02,27,CUERPO,A,CUERPO,275,1.636,RCL139-C003-N05-1,1
3525015,MZ02,28,CUERPO,A,CUERPO,252,3.496,RCL126-C003-N05-1,1
0200007,MZ02,29,N01,A,NORMAL,62,0.005,RCL196-C002-N04-1,5
7090015,MZ02,29,N01,A,NORMAL,226,0.357,RCL147-C003-N02-1,5
5140041,MZ02,29,N01,A,NORMAL,226,0.465,RCL138-C001-N05-1,5
7502406,MZ02,29,N01,A,NORMAL,124,0.071,RCL148-C001-N02-1,5
2352001,MZ02,29,N02,A,NORMAL,222,0.16,RCL160-C002-N03-1,5
7060124,MZ02,29,N02,A,NORMAL,224,0.111,SIN UBICACIÓN ACTUAL,5
7040807,MZ02,29,N02,A,NORMAL,241,0.272,RCL148-C001-N04-1,5
052440056,MZ02,29,N02,A,NORMAL,243,0.333,RCL175-C001-N02-1,5
9200250,MZ02,29,N03,A,NORMAL,240,0.572,RCL180-C002-N04-1,5
5090109,MZ02,29,N03,A,NORMAL,223,0.233,RCL140-C003-N02-1,5
500109,MZ02,29,N03,A,NORMAL,146,0.094,RCL134-C001-N04-1,5
0420002,MZ02,29,N03,A,NORMAL,41,0,SIN UBICACIÓN ACTUAL,5
7060254,MZ02,29,N04,A,NORMAL,66,0.007,RCL117-C002-N03-1,5
961922,MZ02,29,N04,A,NORMAL,127,0.063,RCL160-C003-N04-1,5
7506400,MZ02,29,N04,A,NORMAL,232,0.48,RCL148-C001-N04-1,5
5180019,MZ02,29,N04,A,NORMAL,234,0.344,RCL138-C003-N05-1,5
7550925,MZ02,29,N05,A,NORMAL,42,0.002,SIN UBICACIÓN ACTUAL,5
038070013,MZ02,29,N05,A,NORMAL,225,0.681,RCL167-C002-N04-1,5
500118,MZ02,29,N05,A,NORMAL,223,0.202,RCL134-C001-N01-1,5
0610151,MZ02,29,N05,A,NORMAL,64,0.014,RCL203-C001-N02-1,5
038070020,MZ02,30,CUERPO,A,CUERPO,218,2.149,RCL104-C002-N04-1,1
1195037,MZ02,31,N01,B,NORMAL,27,0.015,RCL198-C001-N01-1,5
1195001,MZ02,31,N01,B,NORMAL,27,0.009,RCL198-C001-N01-1,5
5170017,MZ02,31,N01,B,NORMAL,27,0.006,RCL146-C004-N01-1,5
4020224,MZ02,31,N01,B,NORMAL,27,0.015,RCL115-C001-N02-1,5
6101504,MZ02,31,N02,B,NORMAL,27,0.05,RCL130-C001-N01-1,5
0460141,MZ02,31,N02,B,NORMAL,27,0.048,RCL202-C001-N03-1,5
7506437,MZ02,31,N02,B,NORMAL,27,0.249,RCL154-C002-N05-1,5
5007000,MZ02,31,N02,B,NORMAL,27,0.123,RCL199-C001-N02-1,5
7062416,MZ02,31,N03,B,NORMAL,27,0.039,RCL147-C003-N01-1,5
0380027,MZ02,31,N03,B,NORMAL,27,0.037,RCL201-C001-N04-1,5
7506152,MZ02,31,N03,B,NORMAL,27,0.036,RCL153-C004-N03-1,5
038070001,MZ02,31,N03,B,NORMAL,27,0.034,SIN UBICACIÓN ACTUAL,5
4020229,MZ02,31,N04,B,NORMAL,27,0.025,RCL115-C001-N03-1,5
6010026,MZ02,31,N04,B,NORMAL,27,0.029,RCL123-C001-N03-1,5
7506114,MZ02,31,N04,B,NORMAL,27,0.019,RCL155-C001-N04-1,5
7501691,MZ02,31,N04,B,NORMAL,27,0.019,RCL170-C003-N04-1,5
0300719,MZ02,31,N05,B,NORMAL,27,0.001,RCL194-C001-N03-1,5
500141,MZ02,31,N05,B,NORMAL,27,0.286,RCL134-C002-N05-1,5
5170405,MZ02,31,N05,B,NORMAL,27,0.283,RCL119-C004-N02-1,5
7506469,MZ02,31,N05,B,NORMAL,27,0.275,SIN UBICACIÓN ACTUAL,5
0010071,MZ02,32,N01,B,NORMAL,26,0.01,RCL196-C001-N01-1,5
0230044,MZ02,32,N01,B,NORMAL,26,0.116,RCL196-C002-N01-1,5
0590008,MZ02,32,N01,B,NORMAL,26,0.016,RCL197-C002-N05-1,5
1195025,MZ02,32,N01,B,NORMAL,26,0.007,RCL198-C001-N02-1,5
7501139,MZ02,32,N02,B,NORMAL,27,0.566,RCL173-C001-N03-1,5
0180001,MZ02,32,N02,B,NORMAL,26,0.004,RCL203-C002-N04-1,5
0010069,MZ02,32,N02,B,NORMAL,26,0.017,RCL203-C001-N01-1,5
033010038,MZ02,32,N02,B,NORMAL,27,0.16,SIN UBICACIÓN ACTUAL,5
4535002,MZ02,32,N03,B,NORMAL,27,0.433,RCL164-C001-N05-1,5
1205010,MZ02,32,N03,B,NORMAL,26,0.1,RCL200-C001-N01-1,5
0410018,MZ02,32,N03,B,NORMAL,26,0.058,RCL201-C003-N03-1,5
4020455,MZ02,32,N03,B,NORMAL,26,0.036,RCL202-C002-N04-1,5
7054069,MZ02,32,N04,B,NORMAL,27,0.896,RCL158-C001-N01-1,5
2321053,MZ02,32,N04,B,NORMAL,26,0,RCL194-C002-N04-1,5
1195027,MZ02,32,N04,B,NORMAL,25,0.002,RCL198-C001-N04-1,5
0420149,MZ02,32,N04,B,NORMAL,25,0.001,RCL194-C001-N05-1,5
7001837,MZ02,32,N05,B,NORMAL,26,0.005,RCL176-C001-N02-1,5
0230025,MZ02,32,N05,B,NORMAL,26,0.006,RCL194-C002-N05-1,5
2330052,MZ02,32,N05,B,NORMAL,26,0.099,RCL194-C001-N01-1,5
9200123,MZ02,32,N05,B,NORMAL,26,0.044,RCL180-C004-N02-1,5
6101518,MZ02,33,CUERPO,B,CUERPO,25,1.021,RCL131-C003-N01-1,1
9041045,MZ02,34,N01,B,NORMAL,24,0.972,RCL180-C002-N03-1,5
0010061,MZ02,34,N02,B,NORMAL,24,0.015,RCL197-C002-N03-1,5
0230015,MZ02,34,N02,B,NORMAL,24,0.006,RCL196-C002-N04-1,5
0230035,MZ02,34,N02,B,NORMAL,24,0.132,RCL203-C001-N04-1,5
7501218,MZ02,34,N02,B,NORMAL,24,0.017,RCL203-C001-N04-1,5
0200010,MZ02,34,N03,B,NORMAL,24,0.019,RCL194-C003-N02-1,5
0590012,MZ02,34,N03,B,NORMAL,24,0.038,RCL194-C001-N05-1,5
0380029,MZ02,34,N03,B,NORMAL,24,0.022,RCL189-C001-N02-1,5
2321049,MZ02,34,N03,B,NORMAL,24,0.005,RCL195-C002-N05-1,5
0230009,MZ02,34,N04,B,NORMAL,24,0.015,RCL189-C001-N01-1,5
9041043,MZ02,34,N04,B,NORMAL,24,0.058,RCL180-C001-N01-1,5
2392318,MZ02,34,N04,B,NORMAL,24,0.054,RCL179-C001-N04-1,5
2330168,MZ02,34,N04,B,NORMAL,24,0.014,RCL167-C001-N01-1,5
0570005,MZ02,34,N05,B,NORMAL,24,0.502,RCL165-C001-N04-1,5
033010026,MZ02,34,N05,B,NORMAL,24,0.058,RCL162-C003-N04-1,5
5090098,MZ02,34,N05,B,NORMAL,24,0.031,RCL146-C003-N01-1,5
5140020,MZ02,34,N05,B,NORMAL,24,0.089,RCL146-C001-N01-1,5
2321993,MZ02,35,N01,B,NORMAL,22,0.033,RCL86-C004-N05-1,5
0420124,MZ02,35,N01,B,NORMAL,22,0.002,RCL203-C002-N03-1,5
0640008,MZ02,35,N01,B,NORMAL,22,0.003,RCL202-C001-N01-1,5
3352012,MZ02,35,N01,B,NORMAL,22,0.039,RCL199-C001-N04-1,5
7041069,MZ02,35,N02,B,NORMAL,23,0.018,SIN UBICACIÓN ACTUAL,5
7090047,MZ02,35,N02,B,NORMAL,23,0.042,RCL149-C003-N02-1,5
7506126,MZ02,35,N02,B,NORMAL,23,0.066,RCL149-C002-N03-1,5
2395401,MZ02,35,N02,B,NORMAL,23,0.052,RCL152-C001-N02-1,5
5090110,MZ02,35,N03,B,NORMAL,23,0.475,RCL139-C004-N04-1,5
5180040,MZ02,35,N03,B,NORMAL,23,0.013,RCL139-C003-N01-1,5
5180014,MZ02,35,N03,B,NORMAL,23,0.031,RCL138-C003-N03-1,5
7550083,MZ02,35,N03,B,NORMAL,23,0.101,RCL133-C001-N05-1,5
0050001,MZ02,35,N04,B,NORMAL,23,0.034,RCL115-C002-N05-1,5
6036807,MZ02,35,N04,B,NORMAL,23,0.135,SIN UBICACIÓN ACTUAL,5
7060248,MZ02,35,N04,B,NORMAL,23,0.01,SIN UBICACIÓN ACTUAL,5
6032612,MZ02,35,N04,B,NORMAL,23,0.385,RCL108-C001-N05-1,5
0010078,MZ02,35,N05,B,NORMAL,22,0.026,RCL195-C002-N05-1,5
0190083,MZ02,35,N05,B,NORMAL,22,0.054,RCL195-C001-N03-1,5
7001840,MZ02,35,N05,B,NORMAL,22,0.058,RCL193-C001-N01-1,5
0230014,MZ02,35,N05,B,NORMAL,22,0.004,RCL189-C002-N05-1,5
6032662,MZ02,36,CUERPO,B,CUERPO,23,1.232,RCL125-C003-N05-1,1
7550835,MZ03,1,N01,D,NORMAL,2,0.015,RCL155-C002-N04-1,5
7506824,MZ03,1,N01,D,NORMAL,2,0.002,RCL155-C001-N04-1,5
7507050,MZ03,1,N01,D,NORMAL,2,0.021,RCL155-C001-N01-1,5
7506816,MZ03,1,N01,D,NORMAL,2,0.024,RCL153-C004-N04-1,5
2385091,MZ03,1,N02,D,NORMAL,2,0.048,RCL162-C004-N02-1,5
2321900,MZ03,1,N02,D,NORMAL,2,0.003,RCL167-C004-N02-1,5
4530145,MZ03,1,N02,D,NORMAL,2,0.004,SIN UBICACIÓN ACTUAL,5
2352056,MZ03,1,N02,D,NORMAL,2,0.019,SIN UBICACIÓN ACTUAL,5
961946,MZ03,1,N03,D,NORMAL,2,0.004,SIN UBICACIÓN ACTUAL,5
961918,MZ03,1,N03,D,NORMAL,2,0.005,RCL160-C001-N03-1,5
961917,MZ03,1,N03,D,NORMAL,2,0.002,RCL160-C001-N03-1,5
5700306,MZ03,1,N03,D,NORMAL,2,0.001,RCL159-C003-N04-1,5
7507055,MZ03,1,N04,D,NORMAL,2,0.112,RCL155-C003-N04-1,5
7054513,MZ03,1,N04,D,NORMAL,2,0.043,SIN UBICACIÓN ACTUAL,5
7090635,MZ03,1,N04,D,NORMAL,2,0.04,SIN UBICACIÓN ACTUAL,5
7506399,MZ03,1,N04,D,NORMAL,2,0.01,SIN UBICACIÓN ACTUAL,5
7506968,MZ03,1,N05,D,NORMAL,2,0.022,SIN UBICACIÓN ACTUAL,5
7550851,MZ03,1,N05,D,NORMAL,2,0.01,SIN UBICACIÓN ACTUAL,5
7506980,MZ03,1,N05,D,NORMAL,2,0.005,SIN UBICACIÓN ACTUAL,5
7506880,MZ03,1,N05,D,NORMAL,2,0.018,RCL153-C004-N03-1,5
8352900,MZ03,2,N01,D,NORMAL,2,0.041,RCL120-C002-N02-1,5
5170407,MZ03,2,N01,D,NORMAL,2,0.027,RCL119-C004-N01-1,5
5120454,MZ03,2,N01,D,NORMAL,2,0.004,RCL119-C004-N03-1,5
5120529,MZ03,2,N01,D,NORMAL,2,0.051,RCL120-C001-N01-1,5
5502186,MZ03,2,N02,D,NORMAL,2,0.022,RCL131-C004-N01-1,5
5120602,MZ03,2,N02,D,NORMAL,2,0.022,RCL132-C002-N05-1,5
61001651,MZ03,2,N02,D,NORMAL,2,0,RCL131-C004-N02-1,5
6101047,MZ03,2,N02,D,NORMAL,2,0,RCL131-C004-N02-1,5
3270002,MZ03,2,N03,D,NORMAL,2,0.069,RCL127-C004-N02-1,5
6032600,MZ03,2,N03,D,NORMAL,2,0.019,RCL124-C001-N05-1,5
7550604,MZ03,2,N03,D,NORMAL,2,0.03,RCL125-C003-N01-1,5
5500154,MZ03,2,N03,D,NORMAL,2,0.142,RCL126-C002-N01-1,5
7550631,MZ03,2,N04,D,NORMAL,2,0.022,RCL121-C001-N01-1,5
5140202,MZ03,2,N04,D,NORMAL,2,0.001,SIN UBICACIÓN ACTUAL,5
5120451,MZ03,2,N04,D,NORMAL,2,0.151,RCL120-C003-N02-1,5
5120433,MZ03,2,N04,D,NORMAL,2,0.004,RCL120-C002-N04-1,5
3003038,MZ03,2,N05,D,NORMAL,2,0.023,SIN UBICACIÓN ACTUAL,5
5120414,MZ03,2,N05,D,NORMAL,2,0.041,RCL119-C001-N01-1,5
5120538,MZ03,2,N05,D,NORMAL,2,0,RCL119-C001-N01-1,5
5240420,MZ03,2,N05,D,NORMAL,2,0.029,RCL118-C003-N02-1,5
7060060,MZ03,3,N01,D,NORMAL,2,0.006,RCL116-C003-N03-1,5
7060057,MZ03,3,N01,D,NORMAL,2,0.03,RCL116-C003-N04-1,5
7550980,MZ03,3,N01,D,NORMAL,2,0.204,SIN UBICACIÓN ACTUAL,5
7060110,MZ03,3,N01,D,NORMAL,2,0.01,RCL117-C002-N04-1,5
5170521,MZ03,3,N02,D,NORMAL,2,0.009,RCL118-C003-N01-1,5
5170512,MZ03,3,N02,D,NORMAL,2,0.039,RCL118-C002-N05-1,5
5170516,MZ03,3,N02,D,NORMAL,2,0.009,RCL118-C002-N04-1,5
5240419,MZ03,3,N02,D,NORMAL,2,0.027,RCL118-C002-N02-1,5
7060219,MZ03,3,N03,D,NORMAL,2,0.041,RCL117-C004-N04-1,5
5240412,MZ03,3,N03,D,NORMAL,2,0.066,RCL118-C001-N01-1,5
5240411,MZ03,3,N03,D,NORMAL,2,0.152,RCL118-C001-N02-1,5
5170518,MZ03,3,N03,D,NORMAL,2,0,RCL118-C001-N03-1,5
7060227,MZ03,3,N04,D,NORMAL,2,0.034,RCL117-C004-N03-1,5
7060207,MZ03,3,N04,D,NORMAL,2,0.055,RCL117-C003-N04-1,5
7060221,MZ03,3,N04,D,NORMAL,2,0.075,RCL117-C003-N02-1,5
7060117,MZ03,3,N04,D,NORMAL,2,0.027,RCL117-C003-N01-1,5
7060005,MZ03,3,N05,D,NORMAL,2,0.009,RCL116-C003-N02-1,5
6140010,MZ03,3,N05,D,NORMAL,2,0.029,RCL116-C003-N01-1,5
0420201,MZ03,3,N05,D,NORMAL,2,0.093,RCL115-C004-N03-1,5
0460101,MZ03,3,N05,D,NORMAL,2,0.164,RCL115-C004-N02-1,5
0420096,MZ03,4,N01,D,NORMAL,1,0.004,SIN UBICACIÓN ACTUAL,5
9112047,MZ03,4,N01,D,NORMAL,1,0.001,RCL195-C004-N05-1,5
2610020218,MZ03,4,N01,D,NORMAL,1,0,SIN UBICACIÓN ACTUAL,5
9111199,MZ03,4,N01,D,NORMAL,1,0.001,RCL195-C004-N06-1,5
2390018,MZ03,4,N02,D,NORMAL,1,0.007,RCL83-C002-N03-1,5
2390007,MZ03,4,N02,D,NORMAL,1,0.012,SIN UBICACIÓN ACTUAL,5
2390010,MZ03,4,N02,D,NORMAL,1,0.08,RCL83-C002-N03-1,5
3018120,MZ03,4,N02,D,NORMAL,1,0.043,SIN UBICACIÓN ACTUAL,5
2390017,MZ03,4,N03,D,NORMAL,1,0.189,RCL83-C002-N01-1,5
1205034,MZ03,4,N03,D,NORMAL,1,0.007,RCL200-C001-N04-1,5
0998007,MZ03,4,N03,D,NORMAL,1,0.063,RCL201-C001-N02-1,5
5240012,MZ03,4,N03,D,NORMAL,1,0.013,RCL83-C001-N05-1,5
1205014,MZ03,4,N04,D,NORMAL,1,0.007,SIN UBICACIÓN ACTUAL,5
1205017,MZ03,4,N04,D,NORMAL,1,0.138,RCL200-C001-N02-1,5
5010019,MZ03,4,N04,D,NORMAL,1,0.055,RCL200-C001-N02-1,5
9111572,MZ03,4,N04,D,NORMAL,1,0.004,SIN UBICACIÓN ACTUAL,5
9112046,MZ03,4,N05,D,NORMAL,1,0.001,SIN UBICACIÓN ACTUAL,5
2610020204,MZ03,4,N05,D,NORMAL,1,0.001,SIN UBICACIÓN ACTUAL,5
9111070,MZ03,4,N05,D,NORMAL,1,0.004,SIN UBICACIÓN ACTUAL,5
9111132,MZ03,4,N05,D,NORMAL,1,0.001,RCL195-C004-N03-1,5
9111126,MZ03,5,N01,D,NORMAL,1,0,RCL194-C004-N07-1,5
0420083,MZ03,5,N01,D,NORMAL,1,0,SIN UBICACIÓN ACTUAL,5
0420044,MZ03,5,N01,D,NORMAL,1,0,RCL195-C003-N03-1,5
9111325,MZ03,5,N01,D,NORMAL,1,0.003,SIN UBICACIÓN ACTUAL,5
0420080,MZ03,5,N02,D,NORMAL,1,0.002,RCL195-C004-N02-1,5
0420123,MZ03,5,N02,D,NORMAL,1,0.001,RCL195-C004-N01-1,5
0011149,MZ03,5,N02,D,NORMAL,1,0.001,SIN UBICACIÓN ACTUAL,5
9111001,MZ03,5,N02,D,NORMAL,1,0.001,SIN UBICACIÓN ACTUAL,5
9111026,MZ03,5,N03,D,NORMAL,1,0.001,SIN UBICACIÓN ACTUAL,5
9111243,MZ03,5,N03,D,NORMAL,1,0.007,RCL195-C003-N05-1,5
9112033,MZ03,5,N03,D,NORMAL,1,0.001,RCL195-C003-N06-1,5
0420034,MZ03,5,N03,D,NORMAL,1,0,SIN UBICACIÓN ACTUAL,5
2610020206,MZ03,5,N04,D,NORMAL,1,0.001,SIN UBICACIÓN ACTUAL,5
0420108,MZ03,5,N04,D,NORMAL,1,0.002,RCL195-C003-N04-1,5
9111489,MZ03,5,N04,D,NORMAL,1,0.002,RCL195-C003-N04-1,5
9112048,MZ03,5,N04,D,NORMAL,1,0.001,SIN UBICACIÓN ACTUAL,5
9111157,MZ03,5,N05,D,NORMAL,1,0.005,SIN UBICACIÓN ACTUAL,5
0420039,MZ03,5,N05,D,NORMAL,1,0,RCL194-C004-N06-1,5
800096,MZ03,5,N05,D,NORMAL,1,0.001,SIN UBICACIÓN ACTUAL,5
92110176,MZ03,5,N05,D,NORMAL,1,0.001,SIN UBICACIÓN ACTUAL,5
5121128,MZ03,6,N01,D,NORMAL,1,0,SIN UBICACIÓN ACTUAL,5
5121010,MZ03,6,N01,D,NORMAL,1,0,SIN UBICACIÓN ACTUAL,5
5121024,MZ03,6,N01,D,NORMAL,1,0.171,SIN UBICACIÓN ACTUAL,5
5121136,MZ03,6,N01,D,NORMAL,1,0,SIN UBICACIÓN ACTUAL,5
5120544,MZ03,6,N02,D,NORMAL,1,0,RCL188-C004-N03-1,5
5121214,MZ03,6,N02,D,NORMAL,1,0.017,SIN UBICACIÓN ACTUAL,5
5121144,MZ03,6,N02,D,NORMAL,1,0.007,SIN UBICACIÓN ACTUAL,5
5121238,MZ03,6,N02,D,NORMAL,1,0.003,SIN UBICACIÓN ACTUAL,5
0610013,MZ03,6,N03,D,NORMAL,1,0.056,RCL188-C003-N05-1,5
5121110,MZ03,6,N03,D,NORMAL,1,0,SIN UBICACIÓN ACTUAL,5
5121104,MZ03,6,N03,D,NORMAL,1,0,SIN UBICACIÓN ACTUAL,5
5121022,MZ03,6,N03,D,NORMAL,1,0,SIN UBICACIÓN ACTUAL,5
2321873,MZ03,6,N04,D,NORMAL,1,0.046,RCL188-C003-N03-1,5
9111146,MZ03,6,N04,D,NORMAL,1,0.005,RCL188-C003-N03-1,5
5121030,MZ03,6,N04,D,NORMAL,1,0,SIN UBICACIÓN ACTUAL,5
5121092,MZ03,6,N04,D,NORMAL,1,0,SIN UBICACIÓN ACTUAL,5
5121028,MZ03,6,N05,D,NORMAL,1,0,SIN UBICACIÓN ACTUAL,5
5121042,MZ03,6,N05,D,NORMAL,1,0,SIN UBICACIÓN ACTUAL,5
5121172,MZ03,6,N05,D,NORMAL,1,0.011,SIN UBICACIÓN ACTUAL,5
5121198,MZ03,6,N05,D,NORMAL,1,0.01,RCL188-C003-N01-1,5
9111603,MZ03,7,N01,D,NORMAL,1,0.056,RCL187-C004-N01-1,5
92110616,MZ03,7,N01,D,NORMAL,1,0,SIN UBICACIÓN ACTUAL,5
92110615,MZ03,7,N01,D,NORMAL,1,0.003,SIN UBICACIÓN ACTUAL,5
9112027,MZ03,7,N01,D,NORMAL,1,0.004,SIN UBICACIÓN ACTUAL,5
5120542,MZ03,7,N02,D,NORMAL,1,0.006,RCL188-C003-N01-1,5
9111168,MZ03,7,N02,D,NORMAL,1,0.006,RCL188-C002-N03-1,5
9111421,MZ03,7,N02,D,NORMAL,1,0.012,RCL188-C002-N02-1,5
0585304,MZ03,7,N02,D,NORMAL,1,0.006,SIN UBICACIÓN ACTUAL,5
92110642,MZ03,7,N03,D,NORMAL,1,0.002,SIN UBICACIÓN ACTUAL,5
F000613060,MZ03,7,N03,D,NORMAL,1,0,SIN UBICACIÓN ACTUAL,5
080596028688,MZ03,7,N03,D,NORMAL,1,0.003,RCL188-C001-N04-1,5
0366144,MZ03,7,N03,D,NORMAL,1,0.019,SIN UBICACIÓN ACTUAL,5
9111138,MZ03,7,N04,D,NORMAL,1,0.003,RCL188-C001-N02-1,5
080596005009,MZ03,7,N04,D,NORMAL,1,0.002,RCL188-C001-N02-1,5
9130279,MZ03,7,N04,D,NORMAL,1,0.016,RCL188-C001-N01-1,5
0010009,MZ03,7,N04,D,NORMAL,1,0.005,RCL188-C001-N01-1,5
92110637,MZ03,7,N05,D,NORMAL,1,0,RCL187-C003-N03-1,5
9111491,MZ03,7,N05,D,NORMAL,1,0.002,RCL187-C002-N04-1,5
92110612,MZ03,7,N05,D,NORMAL,1,0,RCL187-C002-N03-1,5
92110197,MZ03,7,N05,D,NORMAL,1,0.073,SIN UBICACIÓN ACTUAL,5
0506123,MZ03,8,N01,D,NORMAL,1,0.002,RCL182-C001-N05-1,5
0540075,MZ03,8,N01,D,NORMAL,1,0.001,RCL182-C001-N04-1,5
0540117,MZ03,8,N01,D,NORMAL,1,0.003,RCL182-C001-N04-1,5
0524301,MZ03,8,N01,D,NORMAL,1,0.003,RCL182-C001-N04-1,5
0524724,MZ03,8,N02,D,NORMAL,1,0.002,RCL182-C003-N02-1,5
0114017,MZ03,8,N02,D,NORMAL,1,0.023,RCL182-C003-N02-1,5
6020626,MZ03,8,N02,D,NORMAL,1,0.008,RCL182-C003-N02-1,5
0506018,MZ03,8,N02,D,NORMAL,1,0.006,RCL182-C003-N02-1,5
4045025,MZ03,8,N03,D,NORMAL,1,0.013,RCL182-C003-N01-1,5
0132000,MZ03,8,N03,D,NORMAL,1,0.003,RCL182-C002-N04-1,5
0186022,MZ03,8,N03,D,NORMAL,1,0.007,RCL182-C002-N04-1,5
0011155,MZ03,8,N03,D,NORMAL,1,0.003,RCL182-C002-N05-1,5
0118080,MZ03,8,N04,D,NORMAL,1,0.001,RCL182-C002-N04-1,5
0524018,MZ03,8,N04,D,NORMAL,1,0,RCL182-C002-N04-1,5
0106006,MZ03,8,N04,D,NORMAL,1,0.011,RCL182-C002-N03-1,5
0540348,MZ03,8,N04,D,NORMAL,1,0.001,RCL182-C002-N03-1,5
0540061,MZ03,8,N05,D,NORMAL,1,0,RCL182-C001-N04-1,5
9180018,MZ03,8,N05,D,NORMAL,1,0.111,RCL182-C001-N03-1,5
0126072,MZ03,8,N05,D,NORMAL,1,0.013,SIN UBICACIÓN ACTUAL,5
0540114,MZ03,8,N05,D,NORMAL,1,0.002,RCL182-C001-N02-1,5
9041029,MZ03,9,N01,D,NORMAL,1,0.007,RCL181-C002-N03-1,5
9200161,MZ03,9,N01,D,NORMAL,1,0.023,RCL181-C002-N03-1,5
9041970,MZ03,9,N01,D,NORMAL,1,0.039,SIN UBICACIÓN ACTUAL,5
9200246,MZ03,9,N01,D,NORMAL,1,0.042,RCL181-C003-N05-1,5
STHT28044LA,MZ03,9,N02,D,NORMAL,1,0.175,SIN UBICACIÓN ACTUAL,5
0540077,MZ03,9,N02,D,NORMAL,1,0.021,RCL182-C001-N01-1,5
0132001,MZ03,9,N02,D,NORMAL,1,0.003,RCL182-C001-N01-1,5
9200302,MZ03,9,N02,D,NORMAL,1,0.004,RCL181-C004-N04-1,5
9200248,MZ03,9,N03,D,NORMAL,1,0.015,RCL181-C004-N03-1,5
9200113,MZ03,9,N03,D,NORMAL,1,0.037,RCL181-C004-N03-1,5
9200180,MZ03,9,N03,D,NORMAL,1,0,RCL181-C004-N04-1,5
9200140,MZ03,9,N03,D,NORMAL,1,0.001,SIN UBICACIÓN ACTUAL,5
9041901,MZ03,9,N04,D,NORMAL,1,0.001,RCL181-C004-N03-1,5
9200262,MZ03,9,N04,D,NORMAL,1,0.01,RCL180-C003-N05-1,5
9200714,MZ03,9,N04,D,NORMAL,1,0.003,RCL181-C004-N01-1,5
9041920,MZ03,9,N04,D,NORMAL,1,0.001,SIN UBICACIÓN ACTUAL,5
9200134,MZ03,9,N05,D,NORMAL,1,0.093,RCL181-C002-N02-1,5
9200196,MZ03,9,N05,D,NORMAL,1,0.094,RCL180-C004-N05-1,5
9200188,MZ03,9,N05,D,NORMAL,1,0.004,RCL180-C004-N04-1,5
9041077,MZ03,9,N05,D,NORMAL,1,0.047,SIN UBICACIÓN ACTUAL,5
0230043,MZ03,10,N01,B,NORMAL,10,0.003,RCL189-C001-N01-1,5
2392378,MZ03,10,N01,B,NORMAL,10,0.007,RCL184-C001-N04-1,5
2321535,MZ03,10,N01,B,NORMAL,10,0.023,SIN UBICACIÓN ACTUAL,5
0140737,MZ03,10,N01,B,NORMAL,10,0.013,RCL188-C004-N01-1,5
9130213,MZ03,10,N02,B,NORMAL,10,0.001,SIN UBICACIÓN ACTUAL,5
1195031,MZ03,10,N02,B,NORMAL,10,0.006,RCL198-C001-N02-1,5
0366220,MZ03,10,N02,B,NORMAL,10,0.04,RCL197-C002-N04-1,5
0490020,MZ03,10,N02,B,NORMAL,10,0.035,RCL196-C002-N04-1,5
0380024,MZ03,10,N03,B,NORMAL,10,0.003,RCL195-C001-N02-1,5
0640003,MZ03,10,N03,B,NORMAL,10,0.004,RCL194-C003-N01-1,5
9130226,MZ03,10,N03,B,NORMAL,10,0.015,RCL194-C004-N03-1,5
0420086,MZ03,10,N03,B,NORMAL,10,0.006,RCL194-C004-N07-1,5
7002016,MZ03,10,N04,B,NORMAL,10,0.025,RCL193-C001-N01-1,5
0709061,MZ03,10,N04,B,NORMAL,10,0.006,RCL191-C001-N03-1,5
0707010,MZ03,10,N04,B,NORMAL,10,0.005,RCL190-C001-N03-1,5
0420154,MZ03,10,N04,B,NORMAL,10,0.001,RCL189-C002-N03-1,5
6095240,MZ03,10,N05,B,NORMAL,10,0.015,SIN UBICACIÓN ACTUAL,5
0106098,MZ03,10,N05,B,NORMAL,10,0.008,RCL183-C003-N02-1,5
0524104,MZ03,10,N05,B,NORMAL,10,0.059,SIN UBICACIÓN ACTUAL,5
9200323,MZ03,10,N05,B,NORMAL,10,0.053,RCL181-C001-N03-1,5
1195013,MZ03,11,N01,B,NORMAL,9,0.006,RCL198-C001-N01-1,5
1205025,MZ03,11,N01,B,NORMAL,9,0.004,RCL200-C001-N04-1,5
0420131,MZ03,11,N01,B,NORMAL,9,0.001,RCL201-C002-N05-1,5
0410019,MZ03,11,N01,B,NORMAL,9,0.004,RCL201-C003-N01-1,5
7060002,MZ03,11,N02,B,NORMAL,10,0.002,RCL116-C003-N05-1,5
7060245,MZ03,11,N02,B,NORMAL,10,0.023,RCL116-C002-N05-1,5
2330010,MZ03,11,N02,B,NORMAL,10,0.027,RCL115-C004-N04-1,5
2330012,MZ03,11,N02,B,NORMAL,10,0.042,SIN UBICACIÓN ACTUAL,5
0230047,MZ03,11,N03,B,NORMAL,9,0.005,RCL202-C002-N04-1,5
2321991,MZ03,11,N03,B,NORMAL,9,0.323,RCL91-C002-N05-1,5
9110000,MZ03,11,N03,B,NORMAL,10,0.011,RCL115-C003-N05-1,5
0050009,MZ03,11,N03,B,NORMAL,10,0.508,SIN UBICACIÓN ACTUAL,5
2321041,MZ03,11,N04,B,NORMAL,9,0.008,RCL202-C002-N02-1,5
0150002,MZ03,11,N04,B,NORMAL,9,0.023,RCL201-C004-N05-1,5
8002012,MZ03,11,N04,B,NORMAL,9,0.25,RCL201-C004-N02-1,5
8002022,MZ03,11,N04,B,NORMAL,9,0.162,RCL201-C004-N02-1,5
1195045,MZ03,11,N05,B,NORMAL,9,0.001,RCL198-C001-N01-1,5
1195048,MZ03,11,N05,B,NORMAL,9,0,RCL198-C001-N01-1,5
0230032,MZ03,11,N05,B,NORMAL,9,0.277,RCL197-C002-N04-1,5
5170025,MZ03,11,N05,B,NORMAL,9,0.013,RCL196-C002-N04-1,5
8002013,MZ03,12,CUERPO,C,CUERPO,9,2.325,RCL201-C003-N04-1,1
0420081,MZ03,13,N01,C,NORMAL,8,0.007,RCL195-C004-N05-1,5
3352107,MZ03,13,N01,C,NORMAL,8,0.001,RCL199-C001-N01-1,5
1195049,MZ03,13,N01,C,NORMAL,8,0.049,RCL200-C001-N04-1,5
0012001,MZ03,13,N01,C,NORMAL,8,0.046,RCL201-C003-N02-1,5
5120417,MZ03,13,N02,C,NORMAL,9,0.143,RCL119-C003-N05-1,5
5170517,MZ03,13,N02,C,NORMAL,9,0.001,RCL118-C001-N04-1,5
3270102,MZ03,13,N02,C,NORMAL,9,0.686,SIN UBICACIÓN ACTUAL,5
0401011,MZ03,13,N02,C,NORMAL,9,0.02,RCL115-C002-N01-1,5
0590010,MZ03,13,N03,C,NORMAL,9,0.167,RCL115-C004-N04-1,5
8706004,MZ03,13,N03,C,NORMAL,8,0.002,RCL202-C001-N04-1,5
4020450,MZ03,13,N03,C,NORMAL,8,0.042,RCL202-C002-N03-1,5
7054506,MZ03,13,N03,C,NORMAL,8,0.557,SIN UBICACIÓN ACTUAL,5
0010052,MZ03,13,N04,C,NORMAL,8,0.056,RCL202-C001-N02-1,5
8002016,MZ03,13,N04,C,NORMAL,8,0.15,RCL201-C004-N03-1,5
0010066,MZ03,13,N04,C,NORMAL,8,0.004,RCL201-C003-N05-1,5
8002020,MZ03,13,N04,C,NORMAL,8,0.028,RCL201-C003-N04-1,5
92110145,MZ03,13,N05,C,NORMAL,8,0.002,RCL195-C003-N04-1,5
9112039,MZ03,13,N05,C,NORMAL,8,0.004,RCL195-C004-N04-1,5
9130200,MZ03,13,N05,C,NORMAL,8,0.004,SIN UBICACIÓN ACTUAL,5
9111068,MZ03,13,N05,C,NORMAL,8,0.001,RCL195-C003-N06-1,5
1700065,MZ03,14,N01,C,NORMAL,8,0.002,RCL189-C002-N04-1,5
0490027,MZ03,14,N01,C,NORMAL,8,0.002,RCL189-C002-N02-1,5
0366142,MZ03,14,N01,C,NORMAL,8,0.005,SIN UBICACIÓN ACTUAL,5
0011156,MZ03,14,N01,C,NORMAL,8,0.002,RCL188-C002-N05-1,5
8002024,MZ03,14,N02,C,NORMAL,8,0.043,RCL194-C002-N02-1,5
0420082,MZ03,14,N02,C,NORMAL,8,0.008,RCL194-C004-N05-1,5
9111358,MZ03,14,N02,C,NORMAL,8,0.001,RCL194-C004-N02-1,5
2610020215,MZ03,14,N02,C,NORMAL,8,0.001,SIN UBICACIÓN ACTUAL,5
0200006,MZ03,14,N03,C,NORMAL,8,0.003,RCL194-C001-N04-1,5
2330055,MZ03,14,N03,C,NORMAL,8,0.111,RCL194-C001-N01-1,5
7001993,MZ03,14,N03,C,NORMAL,8,0.021,RCL193-C001-N03-1,5
0709084,MZ03,14,N03,C,NORMAL,8,0.019,RCL192-C001-N05-1,5
17093218,MZ03,14,N04,C,NORMAL,8,0.044,RCL190-C001-N03-1,5
1101001,MZ03,14,N04,C,NORMAL,8,0.003,RCL191-C001-N04-1,5
0709066,MZ03,14,N04,C,NORMAL,8,0.001,RCL190-C001-N04-1,5
1700090,MZ03,14,N04,C,NORMAL,8,0.005,RCL189-C002-N04-1,5
9914065,MZ03,14,N05,C,NORMAL,8,0.313,SIN UBICACIÓN ACTUAL,5
9111171,MZ03,14,N05,C,NORMAL,8,0.001,RCL187-C001-N03-1,5
0126025,MZ03,14,N05,C,NORMAL,8,0.002,RCL182-C003-N03-1,5
9200306,MZ03,14,N05,C,NORMAL,8,0.091,RCL181-C002-N03-1,5
6032002,MZ03,15,N01,C,NORMAL,8,0.051,SIN UBICACIÓN ACTUAL,5
6401024,MZ03,15,N01,C,NORMAL,8,0.021,RCL116-C002-N01-1,5
4020400,MZ03,15,N01,C,NORMAL,8,0.025,SIN UBICACIÓN ACTUAL,5
6401027,MZ03,15,N01,C,NORMAL,8,0.745,SIN UBICACIÓN ACTUAL,5
5120535,MZ03,15,N02,C,NORMAL,8,0.125,RCL119-C004-N01-1,5
5120459,MZ03,15,N02,C,NORMAL,8,0.097,RCL120-C003-N04-1,5
5120510,MZ03,15,N02,C,NORMAL,8,0.054,RCL120-C003-N03-1,5
5120456,MZ03,15,N02,C,NORMAL,8,0.004,SIN UBICACIÓN ACTUAL,5
5140602,MZ03,15,N03,C,NORMAL,8,0.016,RCL118-C003-N04-1,5
5170505,MZ03,15,N03,C,NORMAL,8,0.003,RCL118-C003-N01-1,5
5170525,MZ03,15,N03,C,NORMAL,8,0.007,RCL118-C002-N03-1,5
5240416,MZ03,15,N03,C,NORMAL,8,0.1,RCL118-C002-N02-1,5
7060107,MZ03,15,N04,C,NORMAL,8,0.025,RCL117-C003-N01-1,5
5240400,MZ03,15,N04,C,NORMAL,8,0.078,RCL118-C001-N01-1,5
5140601,MZ03,15,N04,C,NORMAL,8,0.047,RCL118-C001-N01-1,5
7060240,MZ03,15,N04,C,NORMAL,8,0.029,RCL117-C001-N04-1,5
4020210,MZ03,15,N05,C,NORMAL,8,0.027,RCL104-C001-N03-1,5
3265001,MZ03,15,N05,C,NORMAL,7,0.209,RCL203-C002-N04-1,5
8670001,MZ03,15,N05,C,NORMAL,7,0.027,RCL203-C001-N01-1,5
5170029,MZ03,15,N05,C,NORMAL,7,0.02,RCL203-C001-N01-1,5
5120530,MZ03,16,CUERPO,C,CUERPO,8,1.155,RCL120-C002-N04-1,1
9111504,MZ03,17,N01,C,NORMAL,7,0.004,RCL187-C003-N03-1,5
9111197,MZ03,17,N01,C,NORMAL,7,0.031,RCL187-C003-N02-1,5
92110625,MZ03,17,N01,C,NORMAL,7,0,RCL187-C002-N01-1,5
9111284,MZ03,17,N01,C,NORMAL,7,0.002,RCL187-C001-N05-1,5
10250001,MZ03,17,N02,C,NORMAL,7,0.008,RCL191-C001-N01-1,5
9100083,MZ03,17,N02,C,NORMAL,7,0.004,SIN UBICACIÓN ACTUAL,5
0709092,MZ03,17,N02,C,NORMAL,7,0.003,RCL191-C001-N02-1,5
5009034,MZ03,17,N02,C,NORMAL,7,0.043,RCL193-C001-N03-1,5
10250002,MZ03,17,N03,C,NORMAL,7,0.003,RCL191-C001-N01-1,5
0709132,MZ03,17,N03,C,NORMAL,7,0.002,RCL191-C001-N01-1,5
9100084,MZ03,17,N03,C,NORMAL,7,0.002,RCL191-C001-N01-1,5
0707028,MZ03,17,N03,C,NORMAL,7,0.024,RCL190-C001-N04-1,5
92110645,MZ03,17,N04,C,NORMAL,7,0.011,SIN UBICACIÓN ACTUAL,5
9111099,MZ03,17,N04,C,NORMAL,7,0.002,SIN UBICACIÓN ACTUAL,5
9111433,MZ03,17,N04,C,NORMAL,7,0.008,RCL188-C001-N02-1,5
0011170,MZ03,17,N04,C,NORMAL,7,0.059,RCL187-C004-N03-1,5
2352032,MZ03,17,N05,C,NORMAL,7,0.007,RCL185-C001-N02-1,5
2352013,MZ03,17,N05,C,NORMAL,7,0.011,RCL184-C001-N03-1,5
1535225,MZ03,17,N05,C,NORMAL,7,0.01,SIN UBICACIÓN ACTUAL,5
0162006,MZ03,17,N05,C,NORMAL,7,0.014,SIN UBICACIÓN ACTUAL,5
7501919,MZ03,18,N01,C,NORMAL,7,0.01,RCL172-C002-N04-1,5
2320201,MZ03,18,N01,C,NORMAL,7,0,RCL168-C003-N05-1,5
7501149,MZ03,18,N01,C,NORMAL,7,0.005,RCL170-C001-N02-1,5
7501935,MZ03,18,N01,C,NORMAL,7,0.009,RCL170-C001-N04-1,5
9041006,MZ03,18,N02,C,NORMAL,7,0.001,RCL181-C004-N03-1,5
6095228,MZ03,18,N02,C,NORMAL,7,0,SIN UBICACIÓN ACTUAL,5
0576003,MZ03,18,N02,C,NORMAL,7,0.013,SIN UBICACIÓN ACTUAL,5
9200227,MZ03,18,N02,C,NORMAL,7,0.001,RCL181-C004-N03-1,5
9200326,MZ03,18,N03,C,NORMAL,7,0.003,RCL181-C001-N04-1,5
2380001,MZ03,18,N03,C,NORMAL,7,0.005,RCL179-C001-N03-1,5
2392331,MZ03,18,N03,C,NORMAL,7,0.005,RCL179-C001-N03-1,5
9200230,MZ03,18,N03,C,NORMAL,7,0.005,RCL180-C001-N02-1,5
1500505,MZ03,18,N04,C,NORMAL,7,0.235,RCL177-C001-N02-1,5
7002001,MZ03,18,N04,C,NORMAL,7,0.021,RCL177-C001-N02-1,5
8352922,MZ03,18,N04,C,NORMAL,7,0.054,RCL176-C001-N01-1,5
7551050,MZ03,18,N04,C,NORMAL,7,0.007,SIN UBICACIÓN ACTUAL,5
2330441,MZ03,18,N05,C,NORMAL,7,0.004,RCL167-C003-N01-1,5
6150032,MZ03,18,N05,C,NORMAL,7,0.005,RCL166-C001-N04-1,5
7506746,MZ03,18,N05,C,NORMAL,7,0.041,RCL153-C004-N03-1,5
9041818,MZ03,18,N05,C,NORMAL,7,0.008,RCL153-C004-N02-1,5
92110139,MZ03,19,N01,C,NORMAL,6,0,RCL195-C004-N03-1,5
1195044,MZ03,19,N01,C,NORMAL,6,0.001,RCL198-C001-N01-1,5
1195042,MZ03,19,N01,C,NORMAL,6,0.001,RCL198-C001-N01-1,5
3352074,MZ03,19,N01,C,NORMAL,6,0.021,RCL199-C001-N03-1,5
7060111,MZ03,19,N02,C,NORMAL,7,0.01,RCL116-C001-N05-1,5
0050010,MZ03,19,N02,C,NORMAL,7,0.008,RCL115-C004-N02-1,5
3003026,MZ03,19,N02,C,NORMAL,6,0.037,RCL83-C001-N05-1,5
7060212,MZ03,19,N02,C,NORMAL,6,0.231,RCL83-C001-N02-1,5
8002025,MZ03,19,N03,C,NORMAL,6,0.124,RCL201-C003-N03-1,5
2321372,MZ03,19,N03,C,NORMAL,6,0.003,RCL202-C002-N05-1,5
4020453,MZ03,19,N03,C,NORMAL,6,0.003,RCL203-C001-N02-1,5
3070003,MZ03,19,N03,C,NORMAL,6,0.01,RCL203-C002-N01-1,5
8002014,MZ03,19,N04,C,NORMAL,6,0.167,RCL201-C003-N02-1,5
2330057,MZ03,19,N04,C,NORMAL,6,0.137,RCL201-C003-N02-1,5
1205012,MZ03,19,N04,C,NORMAL,6,0.058,RCL200-C001-N02-1,5
1205005,MZ03,19,N04,C,NORMAL,6,0.05,RCL200-C001-N02-1,5
92110144,MZ03,19,N05,C,NORMAL,6,0.003,RCL195-C004-N02-1,5
92110160,MZ03,19,N05,C,NORMAL,6,0.001,RCL195-C003-N05-1,5
92110143,MZ03,19,N05,C,NORMAL,6,0.004,RCL194-C004-N03-1,5
9130245,MZ03,19,N05,C,NORMAL,6,0.001,SIN UBICACIÓN ACTUAL,5
5500404,MZ03,20,N01,A,NORMAL,192,0.878,RCL131-C003-N05-1,5
7550979,MZ03,20,N01,A,NORMAL,36,0.003,SIN UBICACIÓN ACTUAL,5
0140032,MZ03,20,N01,A,NORMAL,58,0.019,RCL197-C002-N05-1,5
0380006,MZ03,20,N02,A,NORMAL,54,0.006,RCL195-C001-N03-1,5
031260007,MZ03,20,N02,A,NORMAL,195,0.675,RCL167-C002-N02-1,5
500121,MZ03,20,N02,A,NORMAL,179,0.162,RCL134-C002-N05-1,5
7506123,MZ03,20,N02,A,NORMAL,114,0.053,RCL152-C001-N01-1,5
0420024,MZ03,20,N03,A,NORMAL,59,0.014,RCL194-C004-N02-1 / RCL194-C004-N08-1,5
7090040,MZ03,20,N03,A,NORMAL,194,0.383,RCL147-C004-N04-1,5
7062415,MZ03,20,N03,A,NORMAL,194,0.444,RCL149-C002-N04-1,5
0140023,MZ03,20,N03,A,NORMAL,108,0.059,RCL202-C001-N03-1,5
1520017,MZ03,20,N04,A,NORMAL,169,0.096,RCL182-C004-N02-1,5
5501132,MZ03,20,N04,A,NORMAL,46,0.004,RCL131-C004-N03-1,5
032440015,MZ03,20,N04,A,NORMAL,194,0.8,RCL161-C002-N05-1,5
7500387,MZ03,20,N05,A,NORMAL,52,0.016,RCL153-C004-N01-1,5
7501199,MZ03,20,N05,A,NORMAL,33,0.002,RCL172-C001-N02-1,5
5230106,MZ03,20,N05,A,NORMAL,191,0.781,RCL139-C004-N02-1,5
3270352,MZ03,20,N05,A,NORMAL,153,0.1,RCL162-C003-N01-1,5
7501137,MZ03,21,CUERPO,A,CUERPO,179,5,RCL111-C001-N01-1,1
0380010,MZ03,22,N01,A,NORMAL,38,0.003,RCL201-C002-N04-1,5
5140315,MZ03,22,N01,A,NORMAL,159,0.435,RCL141-C004-N05-1,5
7506253,MZ03,22,N01,A,NORMAL,158,0.224,RCL153-C003-N04-1,5
031260024,MZ03,22,N01,A,NORMAL,159,0.234,RCL168-C002-N01-1,5
38070033,MZ03,22,N02,A,NORMAL,168,0.764,RCL168-C001-N01-1,5
7090004,MZ03,22,N02,A,NORMAL,110,0.098,RCL148-C002-N02-1,5
1195000,MZ03,22,N02,A,NORMAL,64,0.034,RCL198-C001-N04-1,5
0010055,MZ03,22,N02,A,NORMAL,41,0.004,RCL203-C001-N03-1,5
0380002,MZ03,22,N03,A,NORMAL,40,0.005,RCL201-C001-N03-1,5
7502448,MZ03,22,N03,A,NORMAL,109,0.107,RCL149-C001-N02-1,5
031260041,MZ03,22,N03,A,NORMAL,164,0.459,RCL168-C001-N02-1,5
7502468,MZ03,22,N03,A,NORMAL,167,0.328,RCL152-C002-N03-1,5
7090009,MZ03,22,N04,A,NORMAL,164,0.168,RCL147-C002-N04-1,5
7090024,MZ03,22,N04,A,NORMAL,161,0.328,RCL155-C002-N05-1,5
4005531,MZ03,22,N04,A,NORMAL,159,0.345,RCL160-C003-N05-1,5
6020436,MZ03,22,N04,A,NORMAL,80,0.05,RCL124-C002-N03-1,5
7506186,MZ03,22,N05,A,NORMAL,156,0.202,RCL153-C003-N05-1,5
7054020,MZ03,22,N05,A,NORMAL,154,0.65,RCL157-C001-N04-1,5
0300720,MZ03,22,N05,A,NORMAL,62,0.025,RCL195-C002-N04-1,5
6101230,MZ03,22,N05,A,NORMAL,59,0.022,RCL131-C002-N02-1,5
8352151,MZ03,23,N01,A,NORMAL,49,0.016,RCL193-C001-N04-1,5
7090016,MZ03,23,N01,A,NORMAL,114,0.142,RCL155-C002-N04-1,5
5180018,MZ03,23,N01,A,NORMAL,143,0.739,RCL104-C001-N04-1,5
5090103,MZ03,23,N02,A,NORMAL,146,0.449,RCL146-C004-N04-1,5
8352910,MZ03,23,N02,A,NORMAL,145,0.229,RCL176-C001-N03-1,5
7506172,MZ03,23,N02,A,NORMAL,134,0.198,SIN UBICACIÓN ACTUAL,5
7501687,MZ03,23,N02,A,NORMAL,53,0.022,RCL170-C002-N02-1,5
0140024,MZ03,23,N03,A,NORMAL,62,0.049,RCL197-C002-N04-1,5
7090026,MZ03,23,N03,A,NORMAL,143,0.626,RCL152-C001-N03-1,5
7506384,MZ03,23,N03,A,NORMAL,145,0.225,RCL152-C001-N04-1,5
7501930,MZ03,23,N04,A,NORMAL,144,0.733,RCL172-C003-N05-1,5
0380012,MZ03,23,N04,A,NORMAL,45,0.007,RCL196-C001-N03-1,5
1262062,MZ03,23,N04,A,NORMAL,119,0.147,RCL160-C002-N01-1,5
0420126,MZ03,23,N04,A,NORMAL,50,0.011,RCL196-C002-N02-1,5
5120421,MZ03,23,N05,A,NORMAL,44,0.008,RCL119-C002-N01-1,5
5170018,MZ03,23,N05,A,NORMAL,142,0.525,RCL141-C003-N04-1,5
1535267,MZ03,23,N05,A,NORMAL,137,0.316,RCL109-C001-N03-1,5
7060129,MZ03,23,N05,A,NORMAL,78,0.05,SIN UBICACIÓN ACTUAL,5
2385715,MZ03,24,N01,A,NORMAL,127,0.208,RCL140-C002-N01-1,5
4530160,MZ03,24,N01,A,NORMAL,98,0.093,RCL166-C001-N03-1,5
500159,MZ03,24,N01,A,NORMAL,129,0.296,RCL133-C001-N05-1,5
7506252,MZ03,24,N01,A,NORMAL,128,0.24,RCL148-C003-N02-1,5
9200332,MZ03,24,N02,A,NORMAL,131,0.247,RCL181-C001-N03-1,5
7506393,MZ03,24,N02,A,NORMAL,142,0.567,RCL152-C003-N03-1,5
961910,MZ03,24,N02,A,NORMAL,101,0.072,RCL160-C001-N03-1,5
0380007,MZ03,24,N02,A,NORMAL,49,0.013,RCL201-C001-N04-1,5
031260043,MZ03,24,N03,A,NORMAL,134,0.469,RCL168-C002-N03-1,5
1195004,MZ03,24,N03,A,NORMAL,59,0.025,SIN UBICACIÓN ACTUAL,5
7501133,MZ03,24,N03,A,NORMAL,137,0.403,RCL170-C001-N05-1,5
8352918,MZ03,24,N04,A,NORMAL,61,0.047,RCL176-C001-N02-1,5
7090028,MZ03,24,N04,A,NORMAL,135,0.852,RCL148-C001-N03-1,5
7054045,MZ03,24,N05,A,NORMAL,127,0.52,RCL163-C001-N05-1,5
500143,MZ03,24,N05,A,NORMAL,122,0.257,RCL134-C003-N03-1,5
2385720,MZ03,24,N05,A,NORMAL,97,0.107,RCL138-C003-N02-1,5
7502205,MZ03,24,N05,A,NORMAL,49,0.011,RCL173-C002-N04-1,5
5500067,MZ03,25,CUERPO,A,CUERPO,124,3.542,RCL128-C001-N01-1,1
5240034,MZ03,26,CUERPO,A,CUERPO,120,1.095,RCL146-C002-N04-1,1
7040011,MZ03,27,CUERPO,A,CUERPO,111,1.219,RCL130-C001-N05-1,1
7041026,MZ03,28,CUERPO,A,CUERPO,108,1.18,SIN UBICACIÓN ACTUAL,1
7502450,MZ03,29,N01,A,NORMAL,36,0.011,SIN UBICACIÓN ACTUAL,5
7501910,MZ03,29,N01,A,NORMAL,95,0.673,RCL173-C002-N03-1,5
2352136,MZ03,29,N01,A,NORMAL,92,0.177,RCL160-C001-N01-1,5
7503149,MZ03,29,N01,A,NORMAL,57,0.039,RCL134-C001-N02-1,5
0420128,MZ03,29,N02,A,NORMAL,36,0.008,RCL196-C002-N02-1,5
0010073,MZ03,29,N02,A,NORMAL,77,0.052,RCL189-C002-N01-1,5
7501678,MZ03,29,N02,A,NORMAL,95,0.397,RCL173-C002-N04-1,5
7501210,MZ03,29,N02,A,NORMAL,96,0.441,RCL175-C001-N05-1,5
61003016,MZ03,29,N03,A,NORMAL,95,0.664,RCL127-C003-N05-1,5
7060203,MZ03,29,N03,A,NORMAL,94,0.191,RCL117-C002-N05-1,5
0140021,MZ03,29,N03,A,NORMAL,58,0.033,RCL201-C002-N03-1,5
7060211,MZ03,29,N03,A,NORMAL,38,0.01,RCL117-C004-N02-1,5
0420138,MZ03,29,N04,A,NORMAL,39,0.012,RCL197-C001-N05-1,5
7501914,MZ03,29,N04,A,NORMAL,95,0.461,RCL170-C003-N02-1,5
7054030,MZ03,29,N04,A,NORMAL,95,0.426,RCL156-C001-N04-1,5
3352002,MZ03,29,N05,A,NORMAL,92,0.187,RCL199-C001-N04-1,5
032440019,MZ03,29,N05,A,NORMAL,93,0.334,RCL161-C002-N02-1,5
1520210,MZ03,29,N05,A,NORMAL,91,0.197,RCL181-C004-N05-1,5
2380006,MZ03,29,N05,A,NORMAL,88,0.086,RCL185-C001-N04-1,5
6150011,MZ03,30,N01,A,NORMAL,40,0.016,RCL166-C001-N02-1,5
6032636,MZ03,30,N01,A,NORMAL,88,0.42,RCL124-C002-N01-1,5
7060204,MZ03,30,N01,A,NORMAL,86,0.289,RCL117-C002-N01-1,5
7506458,MZ03,30,N01,A,NORMAL,85,0.173,RCL147-C002-N01-1,5
2140002,MZ03,30,N02,A,NORMAL,93,0.889,RCL140-C001-N02-1,5
2392311,MZ03,30,N02,A,NORMAL,35,0.007,RCL184-C001-N01-1,5
0420003,MZ03,30,N02,A,NORMAL,31,0.004,SIN UBICACIÓN ACTUAL,5
7025204,MZ03,30,N03,A,NORMAL,90,0.782,RCL147-C004-N03-1,5
0140742,MZ03,30,N03,A,NORMAL,83,0.11,RCL188-C002-N03-1,5
0420125,MZ03,30,N03,A,NORMAL,33,0.007,RCL201-C001-N03-1,5
7062414,MZ03,30,N04,A,NORMAL,86,0.147,RCL149-C003-N01-1,5
7501695,MZ03,30,N04,A,NORMAL,90,0.237,RCL175-C002-N03-1,5
7501682,MZ03,30,N04,A,NORMAL,88,0.448,RCL172-C002-N03-1,5
7025209,MZ03,30,N04,A,NORMAL,73,0.053,RCL147-C001-N01-1,5
7501129,MZ03,30,N05,A,NORMAL,87,0.682,RCL170-C003-N04-1,5
7506436,MZ03,30,N05,A,NORMAL,84,0.187,RCL149-C001-N03-1,5
0300722,MZ03,30,N05,A,NORMAL,57,0.028,RCL195-C002-N04-1,5
3300308,MZ03,31,N01,B,NORMAL,21,0.045,RCL168-C004-N03-1,5
3300302,MZ03,31,N01,B,NORMAL,21,0.016,SIN UBICACIÓN ACTUAL,5
6100123,MZ03,31,N01,B,NORMAL,21,0.015,RCL166-C001-N02-1,5
4530155,MZ03,31,N01,B,NORMAL,21,0.341,RCL166-C001-N01-1,5
1195038,MZ03,31,N02,B,NORMAL,21,0.011,RCL198-C001-N01-1,5
0380014,MZ03,31,N02,B,NORMAL,21,0.016,RCL201-C001-N04-1,5
3352162,MZ03,31,N02,B,NORMAL,21,0.018,RCL199-C001-N04-1,5
0410003,MZ03,31,N02,B,NORMAL,21,0.044,RCL201-C002-N01-1,5
0230036,MZ03,31,N03,B,NORMAL,21,0.015,RCL196-C001-N05-1,5
9130204,MZ03,31,N03,B,NORMAL,21,0.013,SIN UBICACIÓN ACTUAL,5
0707007,MZ03,31,N03,B,NORMAL,21,0.019,RCL190-C001-N04-1,5
0230022,MZ03,31,N03,B,NORMAL,21,0.006,RCL189-C002-N05-1,5
9200185,MZ03,31,N04,B,NORMAL,21,0.015,RCL180-C001-N04-1,5
2392327,MZ03,31,N04,B,NORMAL,21,0.021,RCL185-C001-N03-1,5
9200224,MZ03,31,N04,B,NORMAL,21,0.036,RCL180-C002-N02-1,5
9041059,MZ03,31,N04,B,NORMAL,21,0.037,RCL180-C001-N02-1,5
6032004,MZ03,31,N05,B,NORMAL,21,0.079,RCL161-C004-N04-1,5
7054041,MZ03,31,N05,B,NORMAL,21,0.01,RCL156-C001-N04-1,5
7507054,MZ03,31,N05,B,NORMAL,21,0.015,SIN UBICACIÓN ACTUAL,5
5140046,MZ03,31,N05,B,NORMAL,21,0.418,RCL146-C002-N03-1,5
9111430,MZ03,32,CUERPO,B,CUERPO,20,1.337,RCL187-C002-N02-1,1
8708001,MZ03,33,N01,B,NORMAL,19,0.019,RCL199-C001-N04-1,5
8708003,MZ03,33,N01,B,NORMAL,19,0.005,RCL199-C001-N03-1,5
3352014,MZ03,33,N01,B,NORMAL,19,0.021,RCL199-C001-N01-1,5
1195030,MZ03,33,N01,B,NORMAL,19,0,RCL198-C001-N01-1,5
7503517,MZ03,33,N02,B,NORMAL,20,0.12,RCL136-C001-N04-1,5
5230107,MZ03,33,N02,B,NORMAL,20,0.266,RCL139-C003-N01-1,5
3018102,MZ03,33,N02,B,NORMAL,20,0.025,RCL137-C001-N03-1,5
7090012,MZ03,33,N02,B,NORMAL,20,0.061,RCL147-C001-N02-1,5
7550081,MZ03,33,N03,B,NORMAL,20,0.013,RCL135-C001-N06-1,5
5120428,MZ03,33,N03,B,NORMAL,20,0.427,RCL121-C001-N05-1,5
5170522,MZ03,33,N03,B,NORMAL,20,0.001,RCL118-C003-N04-1,5
7060115,MZ03,33,N03,B,NORMAL,20,0.005,RCL117-C003-N02-1,5
0230031,MZ03,33,N04,B,NORMAL,19,0.021,RCL200-C001-N05-1,5
4020226,MZ03,33,N04,B,NORMAL,20,0.002,RCL115-C001-N03-1,5
7550728,MZ03,33,N04,B,NORMAL,20,0.359,RCL110-C001-N01-1,5
0010059,MZ03,33,N04,B,NORMAL,19,0.043,RCL199-C001-N05-1,5
2321042,MZ03,33,N05,B,NORMAL,19,0.052,RCL197-C002-N01-1,5
0611024,MZ03,33,N05,B,NORMAL,19,0.053,RCL196-C001-N02-1,5
92110158,MZ03,33,N05,B,NORMAL,19,0.002,SIN UBICACIÓN ACTUAL,5
0420004,MZ03,33,N05,B,NORMAL,19,0.003,SIN UBICACIÓN ACTUAL,5
3270110,MZ03,34,N01,B,NORMAL,18,0.056,RCL203-C002-N01-1,5
3352040,MZ03,34,N01,B,NORMAL,18,0.058,RCL199-C001-N03-1,5
3352008,MZ03,34,N01,B,NORMAL,18,0.034,RCL199-C001-N04-1,5
7501216,MZ03,34,N01,B,NORMAL,18,0.024,RCL203-C001-N03-1,5
500190,MZ03,34,N02,B,NORMAL,19,0.149,RCL135-C001-N05-1,5
5240042,MZ03,34,N02,B,NORMAL,19,0.135,RCL139-C001-N04-1,5
5180001,MZ03,34,N02,B,NORMAL,19,0.302,RCL138-C001-N04-1,5
7504007,MZ03,34,N02,B,NORMAL,19,0.266,RCL136-C001-N04-1,5
500158,MZ03,34,N03,B,NORMAL,19,0.225,RCL134-C003-N02-1,5
5120450,MZ03,34,N03,B,NORMAL,19,0.035,RCL119-C004-N02-1,5
7040001,MZ03,34,N03,B,NORMAL,19,0.056,RCL129-C001-N04-1,5
500126,MZ03,34,N03,B,NORMAL,19,0.005,SIN UBICACIÓN ACTUAL,5
5180406,MZ03,34,N04,B,NORMAL,19,0.36,RCL118-C003-N02-1,5
0050008,MZ03,34,N04,B,NORMAL,19,0.187,RCL116-C004-N02-1,5
7060128,MZ03,34,N04,B,NORMAL,19,0.033,SIN UBICACIÓN ACTUAL,5
3270103,MZ03,34,N04,B,NORMAL,19,0.256,SIN UBICACIÓN ACTUAL,5
1195012,MZ03,34,N05,B,NORMAL,18,0.002,RCL198-C001-N04-1,5
1195041,MZ03,34,N05,B,NORMAL,18,0.001,RCL198-C001-N03-1,5
1195021,MZ03,34,N05,B,NORMAL,18,0.001,SIN UBICACIÓN ACTUAL,5
0570069,MZ03,34,N05,B,NORMAL,18,0.072,RCL197-C002-N03-1,5
7502414,MZ03,35,N01,B,NORMAL,18,0.119,RCL155-C003-N04-1,5
7550802,MZ03,35,N01,B,NORMAL,18,0.2,RCL155-C004-N01-1,5
8706002,MZ03,35,N01,B,NORMAL,18,0.067,RCL159-C002-N01-1,5
023450001,MZ03,35,N01,B,NORMAL,18,0.033,RCL167-C004-N04-1,5
0130023,MZ03,35,N02,B,NORMAL,18,0.012,RCL197-C002-N01-1,5
0490016,MZ03,35,N02,B,NORMAL,18,0.107,RCL195-C002-N01-1,5
0420139,MZ03,35,N02,B,NORMAL,18,0.003,RCL195-C001-N05-1,5
0380022,MZ03,35,N02,B,NORMAL,18,0.004,RCL195-C001-N02-1,5
0200005,MZ03,35,N03,B,NORMAL,18,0.036,RCL194-C001-N02-1,5
0460148,MZ03,35,N03,B,NORMAL,18,0.01,RCL194-C002-N02-1,5
0420148,MZ03,35,N03,B,NORMAL,18,0.001,RCL194-C002-N05-1,5
0420079,MZ03,35,N03,B,NORMAL,18,0,RCL194-C004-N03-1,5
0205001,MZ03,35,N04,B,NORMAL,18,0.017,RCL190-C001-N02-1,5
9111602,MZ03,35,N04,B,NORMAL,18,0.011,RCL188-C001-N03-1,5
9200322,MZ03,35,N04,B,NORMAL,18,0.021,RCL181-C001-N03-1,5
031480006,MZ03,35,N04,B,NORMAL,18,0.345,RCL167-C004-N05-1,5
7506082,MZ03,35,N05,B,NORMAL,18,0.753,SIN UBICACIÓN ACTUAL,5
7506424,MZ03,35,N05,B,NORMAL,18,0.06,RCL148-C004-N04-1,5
7550736,MZ03,35,N05,B,NORMAL,18,0.015,SIN UBICACIÓN ACTUAL,5
5170021,MZ03,35,N05,B,NORMAL,18,0.013,RCL141-C003-N04-1,5
4020228,MZ03,36,N01,B,NORMAL,17,0.01,RCL115-C001-N01-1,5
0460145,MZ03,36,N01,B,NORMAL,16,0.182,RCL201-C004-N05-1,5
0010056,MZ03,36,N01,B,NORMAL,16,0.065,RCL202-C001-N03-1,5
2321048,MZ03,36,N01,B,NORMAL,16,0.039,RCL203-C002-N02-1,5
500476,MZ03,36,N02,B,NORMAL,17,0.016,RCL135-C001-N02-1,5
7550792,MZ03,36,N02,B,NORMAL,17,0.287,RCL155-C004-N01-1,5
7090011,MZ03,36,N02,B,NORMAL,17,0.078,RCL153-C001-N01-1,5
5140049,MZ03,36,N02,B,NORMAL,17,0.233,RCL141-C003-N01-1,5
5001432,MZ03,36,N03,B,NORMAL,17,0.216,RCL134-C001-N04-1,5
6032626,MZ03,36,N03,B,NORMAL,17,0.075,RCL124-C002-N02-1,5
5500408,MZ03,36,N03,B,NORMAL,17,0.077,RCL131-C002-N02-1,5
500199,MZ03,36,N03,B,NORMAL,17,0.015,RCL134-C001-N03-1,5
5120408,MZ03,36,N04,B,NORMAL,17,0.125,RCL119-C002-N04-1,5
7060106,MZ03,36,N04,B,NORMAL,17,0.016,RCL117-C002-N04-1,5
6095000,MZ03,36,N04,B,NORMAL,17,0.015,RCL116-C002-N04-1,5
4020223,MZ03,36,N04,B,NORMAL,17,0.004,RCL115-C001-N04-1,5
0420140,MZ03,36,N05,B,NORMAL,16,0.001,RCL201-C002-N02-1,5
0490021,MZ03,36,N05,B,NORMAL,16,0.049,RCL201-C002-N01-1,5
1205024,MZ03,36,N05,B,NORMAL,16,0.003,RCL200-C001-N04-1,5
1195015,MZ03,36,N05,B,NORMAL,16,0.009,RCL198-C001-N04-1,5
7550758,MZ04,1,N01,D,NORMAL,2,0.012,SIN UBICACIÓN ACTUAL,5
7506042,MZ04,1,N01,D,NORMAL,2,0.01,RCL148-C004-N03-1,5
7506890,MZ04,1,N01,D,NORMAL,2,0.111,RCL148-C004-N03-1,5
7506634,MZ04,1,N01,D,NORMAL,2,0,RCL149-C001-N04-1,5
7507232,MZ04,1,N02,D,NORMAL,2,0.003,SIN UBICACIÓN ACTUAL,5
7507238,MZ04,1,N02,D,NORMAL,2,0.035,SIN UBICACIÓN ACTUAL,5
7506057,MZ04,1,N02,D,NORMAL,2,0.012,RCL153-C004-N02-1,5
7506654,MZ04,1,N02,D,NORMAL,2,0,SIN UBICACIÓN ACTUAL,5
7506025,MZ04,1,N03,D,NORMAL,2,0.007,SIN UBICACIÓN ACTUAL,5
7507042,MZ04,1,N03,D,NORMAL,2,0.042,RCL153-C002-N02-1,5
7506532,MZ04,1,N03,D,NORMAL,2,0.001,SIN UBICACIÓN ACTUAL,5
7550830,MZ04,1,N03,D,NORMAL,2,0.01,RCL153-C003-N02-1,5
7506397,MZ04,1,N04,D,NORMAL,2,0.01,SIN UBICACIÓN ACTUAL,5
7506100,MZ04,1,N04,D,NORMAL,2,0.008,RCL152-C002-N04-1,5
7550750,MZ04,1,N04,D,NORMAL,2,0.041,SIN UBICACIÓN ACTUAL,5
7506502,MZ04,1,N04,D,NORMAL,2,0.079,RCL148-C004-N04-1,5
7506268,MZ04,1,N05,D,NORMAL,2,0.004,RCL148-C003-N01-1,5
7506103,MZ04,1,N05,D,NORMAL,2,0.004,RCL147-C004-N02-1,5
7506044,MZ04,1,N05,D,NORMAL,2,0.004,RCL148-C001-N01-1,5
7506222,MZ04,1,N05,D,NORMAL,2,0.076,RCL148-C001-N01-1,5
500091,MZ04,2,N01,D,NORMAL,2,0.004,SIN UBICACIÓN ACTUAL,5
500528,MZ04,2,N01,D,NORMAL,2,0.001,SIN UBICACIÓN ACTUAL,5
7500518,MZ04,2,N01,D,NORMAL,2,0.033,RCL134-C004-N01-1,5
7500536,MZ04,2,N01,D,NORMAL,2,0.019,RCL134-C004-N03-1,5
7502452,MZ04,2,N02,D,NORMAL,2,0.056,RCL147-C004-N02-1,5
7506087,MZ04,2,N02,D,NORMAL,2,0.016,RCL147-C001-N04-1,5
7507247,MZ04,2,N02,D,NORMAL,2,0.004,RCL147-C004-N03-1,5
5240041,MZ04,2,N02,D,NORMAL,2,0.333,RCL146-C002-N02-1,5
7041507,MZ04,2,N03,D,NORMAL,2,0.113,SIN UBICACIÓN ACTUAL,5
500459,MZ04,2,N03,D,NORMAL,2,0.009,RCL135-C001-N04-1,5
7503122,MZ04,2,N03,D,NORMAL,2,0.008,RCL136-C001-N04-1,5
3018104,MZ04,2,N03,D,NORMAL,2,0.038,SIN UBICACIÓN ACTUAL,5
7503131,MZ04,2,N04,D,NORMAL,2,0.001,RCL135-C001-N04-1,5
7500513,MZ04,2,N04,D,NORMAL,2,0.065,RCL134-C004-N04-1,5
7500520,MZ04,2,N04,D,NORMAL,2,0.004,RCL134-C004-N04-1,5
7500539,MZ04,2,N04,D,NORMAL,2,0.002,RCL134-C004-N04-1,5
7503602,MZ04,2,N05,D,NORMAL,2,0.008,RCL134-C001-N03-1,5
7500537,MZ04,2,N05,D,NORMAL,2,0.015,RCL134-C002-N01-1,5
7507262,MZ04,2,N05,D,NORMAL,2,0.018,RCL134-C001-N05-1,5
61001811,MZ04,2,N05,D,NORMAL,2,0.011,RCL132-C004-N02-1,5
7041027,MZ04,3,N01,D,NORMAL,1,0.047,RCL85-C001-N05-1,5
1515037,MZ04,3,N01,D,NORMAL,1,0.002,RCL85-C001-N02-1,5
7041030,MZ04,3,N01,D,NORMAL,1,0.022,RCL83-C004-N03-1,5
1500508,MZ04,3,N01,D,NORMAL,1,0.025,RCL83-C004-N02-1,5
0208100,MZ04,3,N02,D,NORMAL,2,0.102,SIN UBICACIÓN ACTUAL,5
3256014,MZ04,3,N02,D,NORMAL,2,0.352,RCL115-C003-N03-1,5
0560100,MZ04,3,N02,D,NORMAL,2,0.065,RCL115-C003-N01-1,5
2330014,MZ04,3,N02,D,NORMAL,2,0.072,RCL115-C002-N03-1,5
3080005,MZ04,3,N03,D,NORMAL,2,0.904,RCL115-C002-N03-1,5
1558090,MZ04,3,N04,D,NORMAL,1,0.002,RCL85-C002-N04-1,5
6401003,MZ04,3,N04,D,NORMAL,2,0.029,RCL106-C002-N01-1,5
2320753,MZ04,3,N04,D,NORMAL,1,0.016,RCL91-C001-N05-1,5
2320004,MZ04,3,N04,D,NORMAL,1,0.002,RCL86-C004-N05-1,5
3018019,MZ04,3,N05,D,NORMAL,1,0.014,RCL83-C003-N04-1,5
3270302,MZ04,3,N05,D,NORMAL,1,0.01,RCL83-C003-N02-1,5
3018012,MZ04,3,N05,D,NORMAL,1,0.012,SIN UBICACIÓN ACTUAL,5
2390012,MZ04,3,N05,D,NORMAL,1,0.109,RCL83-C002-N04-1,5
6401004,MZ04,4,CUERPO,D,CUERPO,2,1.837,RCL106-C001-N01-1,1
0998006,MZ04,5,CUERPO,D,CUERPO,1,1.311,RCL195-C002-N03-1,1
1700070,MZ04,6,N01,D,NORMAL,1,0.011,RCL189-C002-N04-1,5
1700097,MZ04,6,N01,D,NORMAL,1,0.012,RCL189-C003-N01-1,5
1700092,MZ04,6,N01,D,NORMAL,1,0.005,RCL189-C003-N01-1,5
1700080,MZ04,6,N01,D,NORMAL,1,0.002,SIN UBICACIÓN ACTUAL,5
9130238,MZ04,6,N02,D,NORMAL,1,0,RCL194-C004-N01-1,5
2610020210,MZ04,6,N02,D,NORMAL,1,0,RCL194-C004-N03-1,5
9111311,MZ04,6,N02,D,NORMAL,1,0.002,SIN UBICACIÓN ACTUAL,5
0420030,MZ04,6,N02,D,NORMAL,1,0.001,RCL194-C004-N04-1,5
9700002,MZ04,6,N03,D,NORMAL,1,0.037,RCL193-C001-N03-1,5
9700000,MZ04,6,N03,D,NORMAL,1,0.041,RCL193-C001-N01-1,5
17093221,MZ04,6,N03,D,NORMAL,1,0.156,RCL192-C001-N05-1,5
0200100,MZ04,6,N03,D,NORMAL,1,0.005,RCL192-C001-N04-1,5
9180020,MZ04,6,N04,D,NORMAL,1,0.006,RCL189-C003-N02-1,5
17093214,MZ04,6,N04,D,NORMAL,1,0.074,SIN UBICACIÓN ACTUAL,5
0709011,MZ04,6,N04,D,NORMAL,1,0.171,RCL190-C001-N04-1,5
0709258,MZ04,6,N04,D,NORMAL,1,0.08,RCL192-C001-N02-1,5
5121164,MZ04,6,N05,D,NORMAL,1,0.042,SIN UBICACIÓN ACTUAL,5
1700101,MZ04,6,N05,D,NORMAL,1,0.006,RCL189-C002-N04-1,5
1700136,MZ04,6,N05,D,NORMAL,1,0.006,RCL189-C002-N04-1,5
92110224,MZ04,6,N05,D,NORMAL,1,0.007,RCL188-C004-N05-1,5
0126045,MZ04,7,N01,D,NORMAL,1,0.032,RCL183-C004-N05-1,5
6095210,MZ04,7,N01,D,NORMAL,1,0.008,SIN UBICACIÓN ACTUAL,5
0526232,MZ04,7,N01,D,NORMAL,1,0.001,RCL183-C004-N04-1,5
0540506,MZ04,7,N01,D,NORMAL,1,0.002,RCL183-C004-N03-1,5
9111530,MZ04,7,N02,D,NORMAL,1,0.003,RCL187-C001-N05-1,5
2608605070,MZ04,7,N02,D,NORMAL,1,0.005,RCL187-C001-N06-1,5
9130278,MZ04,7,N02,D,NORMAL,1,0.003,RCL187-C001-N05-1,5
92110195,MZ04,7,N02,D,NORMAL,1,0.044,SIN UBICACIÓN ACTUAL,5
92110613,MZ04,7,N03,D,NORMAL,1,0.001,RCL187-C001-N05-1,5
2321010,MZ04,7,N03,D,NORMAL,1,0.002,RCL187-C001-N04-1,5
92110196,MZ04,7,N03,D,NORMAL,1,0.008,RCL187-C001-N03-1,5
0005502,MZ04,7,N03,D,NORMAL,1,0.009,RCL187-C001-N01-1,5
2352010,MZ04,7,N04,D,NORMAL,1,0.082,RCL185-C001-N02-1,5
92110201,MZ04,7,N04,D,NORMAL,1,0.006,RCL187-C001-N01-1,5
0006001,MZ04,7,N04,D,NORMAL,1,0.029,RCL186-C001-N05-1,5
2392324,MZ04,7,N04,D,NORMAL,1,0.017,SIN UBICACIÓN ACTUAL,5
0540112,MZ04,7,N05,D,NORMAL,1,0.011,SIN UBICACIÓN ACTUAL,5
0134004,MZ04,7,N05,D,NORMAL,1,0.015,RCL183-C003-N03-1,5
0164001,MZ04,7,N05,D,NORMAL,1,0.011,SIN UBICACIÓN ACTUAL,5
0524540,MZ04,7,N05,D,NORMAL,1,0.008,RCL183-C003-N03-1,5
0524047,MZ04,8,N01,D,NORMAL,1,0,SIN UBICACIÓN ACTUAL,5
9211234,MZ04,8,N01,D,NORMAL,1,0.001,RCL182-C003-N05-1,5
4530241,MZ04,8,N01,D,NORMAL,1,0.002,RCL182-C004-N03-1,5
0526360,MZ04,8,N01,D,NORMAL,1,0.006,RCL182-C004-N03-1,5
0524115,MZ04,8,N02,D,NORMAL,1,0,RCL183-C003-N01-1,5
01511650,MZ04,8,N02,D,NORMAL,1,0.002,SIN UBICACIÓN ACTUAL,5
0118079,MZ04,8,N02,D,NORMAL,1,0.002,SIN UBICACIÓN ACTUAL,5
1515012,MZ04,8,N02,D,NORMAL,1,0.004,SIN UBICACIÓN ACTUAL,5
0506125,MZ04,8,N03,D,NORMAL,1,0.004,RCL183-C002-N04-1,5
0540034,MZ04,8,N03,D,NORMAL,1,0.001,RCL183-C002-N02-1,5
0120018,MZ04,8,N03,D,NORMAL,1,0.12,RCL183-C002-N02-1,5
0524117,MZ04,8,N03,D,NORMAL,1,0.001,RCL183-C002-N03-1,5
0190026,MZ04,8,N04,D,NORMAL,1,0.008,RCL183-C001-N03-1,5
0506233,MZ04,8,N04,D,NORMAL,1,0.008,RCL182-C004-N04-1,5
0524054,MZ04,8,N04,D,NORMAL,1,0.003,RCL182-C004-N04-1,5
0524239,MZ04,8,N04,D,NORMAL,1,0,SIN UBICACIÓN ACTUAL,5
0524014,MZ04,8,N05,D,NORMAL,1,0.006,RCL182-C003-N04-1,5
0524087,MZ04,8,N05,D,NORMAL,1,0.001,RCL182-C003-N04-1,5
9180109,MZ04,8,N05,D,NORMAL,1,0.011,RCL182-C003-N03-1,5
9180039,MZ04,8,N05,D,NORMAL,1,0.003,SIN UBICACIÓN ACTUAL,5
501504,MZ04,9,N01,D,NORMAL,1,0.011,SIN UBICACIÓN ACTUAL,5
2392326,MZ04,9,N01,D,NORMAL,1,0.002,SIN UBICACIÓN ACTUAL,5
1601017,MZ04,9,N01,D,NORMAL,1,0.161,SIN UBICACIÓN ACTUAL,5
2375007,MZ04,9,N01,D,NORMAL,1,0.001,SIN UBICACIÓN ACTUAL,5
9041033,MZ04,9,N02,D,NORMAL,1,0.007,SIN UBICACIÓN ACTUAL,5
9041030,MZ04,9,N02,D,NORMAL,1,0.006,SIN UBICACIÓN ACTUAL,5
9041035,MZ04,9,N02,D,NORMAL,1,0,SIN UBICACIÓN ACTUAL,5
9200584,MZ04,9,N02,D,NORMAL,1,0.027,RCL180-C003-N05-1,5
9200536,MZ04,9,N03,D,NORMAL,1,0.163,RCL180-C001-N03-1,5
9200556,MZ04,9,N03,D,NORMAL,1,0.011,RCL180-C002-N05-1,5
9200587,MZ04,9,N03,D,NORMAL,1,0.026,RCL180-C003-N02-1,5
9200189,MZ04,9,N03,D,NORMAL,1,0.021,RCL180-C003-N03-1,5
9200374,MZ04,9,N04,D,NORMAL,1,0.015,RCL180-C001-N02-1,5
9041012,MZ04,9,N04,D,NORMAL,1,0,SIN UBICACIÓN ACTUAL,5
2392369,MZ04,9,N04,D,NORMAL,1,0.014,RCL179-C001-N02-1,5
2392386,MZ04,9,N04,D,NORMAL,1,0.003,RCL179-C001-N02-1,5
052440115,MZ04,9,N05,D,NORMAL,1,0.002,RCL175-C004-N05-1,5
7550384,MZ04,9,N05,D,NORMAL,1,0.024,SIN UBICACIÓN ACTUAL,5
7550470,MZ04,9,N05,D,NORMAL,1,0.005,SIN UBICACIÓN ACTUAL,5
501523,MZ04,9,N05,D,NORMAL,1,0.001,SIN UBICACIÓN ACTUAL,5
2320022,MZ04,10,N01,B,NORMAL,10,0.089,RCL168-C004-N02-1,5
7110201,MZ04,10,N01,B,NORMAL,10,0.007,RCL155-C001-N04-1,5
7062407,MZ04,10,N01,B,NORMAL,10,0.033,RCL155-C003-N04-1,5
2385126,MZ04,10,N01,B,NORMAL,10,0.009,SIN UBICACIÓN ACTUAL,5
2392370,MZ04,10,N02,B,NORMAL,10,0.001,RCL179-C001-N04-1,5
9200138,MZ04,10,N02,B,NORMAL,10,0.146,RCL180-C004-N03-1,5
9041060,MZ04,10,N02,B,NORMAL,10,0.215,RCL180-C002-N03-1,5
9041058,MZ04,10,N02,B,NORMAL,10,0.003,RCL180-C001-N01-1,5
2392402,MZ04,10,N03,B,NORMAL,10,0.006,RCL178-C001-N02-1,5
3352003,MZ04,10,N03,B,NORMAL,10,0.005,RCL177-C001-N03-1,5
7441050500257,MZ04,10,N03,B,NORMAL,10,0.021,RCL177-C001-N03-1,5
8352211,MZ04,10,N03,B,NORMAL,10,0.062,RCL177-C001-N03-1,5
7090521,MZ04,10,N04,B,NORMAL,10,0.007,RCL175-C003-N04-1,5
7551004,MZ04,10,N04,B,NORMAL,10,0.044,RCL174-C001-N04-1,5
7501148,MZ04,10,N04,B,NORMAL,10,0.013,RCL173-C003-N01-1,5
7550239,MZ04,10,N04,B,NORMAL,10,0.101,RCL170-C001-N05-1,5
7506056,MZ04,10,N05,B,NORMAL,10,0.007,RCL155-C001-N01-1,5
7506106,MZ04,10,N05,B,NORMAL,10,0.009,RCL153-C002-N03-1,5
7506032,MZ04,10,N05,B,NORMAL,10,0.01,SIN UBICACIÓN ACTUAL,5
7090045,MZ04,10,N05,B,NORMAL,10,0.269,RCL152-C002-N04-1,5
5120452,MZ04,11,N01,B,NORMAL,10,0.228,RCL119-C003-N05-1,5
5120550,MZ04,11,N01,B,NORMAL,10,0.01,RCL119-C004-N05-1,5
5120457,MZ04,11,N01,B,NORMAL,10,0.05,RCL120-C001-N02-1,5
5120519,MZ04,11,N01,B,NORMAL,10,0.164,RCL120-C001-N05-1,5
7506834,MZ04,11,N02,B,NORMAL,10,0.001,RCL149-C004-N03-1,5
7506049,MZ04,11,N02,B,NORMAL,10,0.003,SIN UBICACIÓN ACTUAL,5
7506116,MZ04,11,N02,B,NORMAL,10,0.104,RCL148-C003-N02-1,5
7506108,MZ04,11,N02,B,NORMAL,10,0.009,RCL149-C004-N03-1,5
500464,MZ04,11,N03,B,NORMAL,10,0.007,SIN UBICACIÓN ACTUAL,5
5140051,MZ04,11,N03,B,NORMAL,10,0.036,RCL139-C001-N02-1,5
7506102,MZ04,11,N03,B,NORMAL,10,0.113,SIN UBICACIÓN ACTUAL,5
7550754,MZ04,11,N03,B,NORMAL,10,0.008,RCL147-C001-N04-1,5
7503059,MZ04,11,N04,B,NORMAL,10,0.006,RCL134-C003-N03-1,5
6032622,MZ04,11,N04,B,NORMAL,10,0.025,RCL125-C004-N03-1,5
6032008,MZ04,11,N04,B,NORMAL,10,0.041,RCL124-C003-N03-1,5
5120506,MZ04,11,N04,B,NORMAL,10,0.069,RCL120-C003-N05-1,5
5140600,MZ04,11,N05,B,NORMAL,10,0.043,RCL118-C004-N03-1,5
5170519,MZ04,11,N05,B,NORMAL,10,0.001,RCL118-C001-N03-1,5
7550972,MZ04,11,N05,B,NORMAL,10,0.073,RCL117-C003-N05-1,5
7060113,MZ04,11,N05,B,NORMAL,10,0.021,RCL117-C001-N02-1,5
01759480,MZ04,12,N01,C,NORMAL,9,0.001,RCL183-C002-N02-1,5
9041923,MZ04,12,N01,C,NORMAL,9,0.004,SIN UBICACIÓN ACTUAL,5
9041032,MZ04,12,N01,C,NORMAL,9,0.122,RCL181-C003-N03-1,5
0162004,MZ04,12,N01,C,NORMAL,9,0.009,SIN UBICACIÓN ACTUAL,5
9111351,MZ04,12,N02,C,NORMAL,9,0.001,RCL194-C004-N06-1,5
0230004,MZ04,12,N02,C,NORMAL,9,0.004,RCL196-C002-N01-1,5
9111030,MZ04,12,N02,C,NORMAL,9,0,RCL195-C003-N02-1,5
0460144,MZ04,12,N02,C,NORMAL,9,0.003,RCL195-C001-N04-1,5
92110141,MZ04,12,N03,C,NORMAL,9,0,RCL194-C004-N04-1,5
0610968,MZ04,12,N03,C,NORMAL,9,0.127,RCL188-C004-N02-1,5
0010077,MZ04,12,N03,C,NORMAL,9,0.002,RCL189-C001-N03-1,5
9130237,MZ04,12,N03,C,NORMAL,9,0.001,RCL194-C004-N01-1,5
92110631,MZ04,12,N04,C,NORMAL,9,0.02,RCL188-C004-N01-1,5
0011166,MZ04,12,N04,C,NORMAL,9,0.038,RCL187-C002-N04-1,5
2375004,MZ04,12,N04,C,NORMAL,9,0.008,SIN UBICACIÓN ACTUAL,5
2392354,MZ04,12,N04,C,NORMAL,9,0.001,SIN UBICACIÓN ACTUAL,5
9200233,MZ04,12,N05,C,NORMAL,9,0.096,RCL180-C002-N01-1,5
9200242,MZ04,12,N05,C,NORMAL,9,0.016,RCL180-C002-N01-1,5
9200251,MZ04,12,N05,C,NORMAL,9,0.007,RCL180-C001-N02-1,5
2392342,MZ04,12,N05,C,NORMAL,9,0.018,RCL179-C001-N03-1,5
7040302,MZ04,13,N01,C,NORMAL,9,0.016,RCL145-C001-N02-1,5
7550798,MZ04,13,N01,C,NORMAL,9,0.035,RCL147-C003-N01-1,5
7041068,MZ04,13,N01,C,NORMAL,9,0.013,SIN UBICACIÓN ACTUAL,5
7041105,MZ04,13,N01,C,NORMAL,9,0.022,RCL152-C001-N01-1,5
2352023,MZ04,13,N02,C,NORMAL,9,0.003,RCL179-C001-N03-1,5
2392371,MZ04,13,N02,C,NORMAL,9,0.001,RCL179-C001-N02-1,5
7501084,MZ04,13,N02,C,NORMAL,9,0.011,RCL173-C001-N04-1,5
501500,MZ04,13,N02,C,NORMAL,9,0.01,RCL172-C003-N03-1,5
7550806,MZ04,13,N03,C,NORMAL,9,0.112,RCL155-C002-N05-1,5
1109002,MZ04,13,N03,C,NORMAL,9,0.01,RCL160-C003-N04-1,5
3300201,MZ04,13,N03,C,NORMAL,9,0.012,SIN UBICACIÓN ACTUAL,5
3300209,MZ04,13,N03,C,NORMAL,9,0.031,RCL167-C004-N04-1,5
7506128,MZ04,13,N04,C,NORMAL,9,0.06,RCL155-C002-N03-1,5
7506840,MZ04,13,N04,C,NORMAL,9,0.002,RCL153-C004-N02-1,5
7506212,MZ04,13,N04,C,NORMAL,9,0.043,RCL153-C002-N02-1,5
7506225,MZ04,13,N04,C,NORMAL,9,0.139,RCL152-C004-N01-1,5
5140002,MZ04,13,N05,C,NORMAL,9,0.027,RCL139-C002-N01-1,5
500174,MZ04,13,N05,C,NORMAL,9,0.004,RCL134-C002-N01-1,5
7550602,MZ04,13,N05,C,NORMAL,9,0.019,RCL125-C002-N03-1,5
5120467,MZ04,13,N05,C,NORMAL,9,0.046,RCL120-C004-N01-1,5
7506270,MZ04,14,N01,C,NORMAL,8,0.004,RCL155-C003-N02-1,5
7062418,MZ04,14,N01,C,NORMAL,8,0.083,RCL153-C004-N01-1,5
7506991,MZ04,14,N01,C,NORMAL,8,0.002,RCL155-C001-N04-1,5
7506010,MZ04,14,N01,C,NORMAL,8,0.062,RCL155-C001-N04-1,5
8705000,MZ04,14,N02,C,NORMAL,8,0.025,RCL176-C001-N02-1,5
9200321,MZ04,14,N02,C,NORMAL,8,0.007,RCL181-C001-N04-1,5
9200325,MZ04,14,N02,C,NORMAL,8,0.062,RCL181-C001-N03-1,5
9200229,MZ04,14,N02,C,NORMAL,8,0.02,RCL180-C003-N01-1,5
1109031,MZ04,14,N03,C,NORMAL,8,0.022,RCL175-C004-N06-1,5
7501147,MZ04,14,N03,C,NORMAL,8,0.018,RCL173-C001-N01-1,5
7501158,MZ04,14,N03,C,NORMAL,8,0.006,RCL173-C002-N02-1,5
7501150,MZ04,14,N03,C,NORMAL,8,0.009,SIN UBICACIÓN ACTUAL,5
2320202,MZ04,14,N04,C,NORMAL,8,0,RCL167-C001-N01-1,5
0570002,MZ04,14,N04,C,NORMAL,8,0.421,RCL166-C001-N05-1,5
0460031,MZ04,14,N04,C,NORMAL,8,0.008,RCL165-C001-N02-1,5
0460945,MZ04,14,N04,C,NORMAL,8,0.001,SIN UBICACIÓN ACTUAL,5
7502470,MZ04,14,N05,C,NORMAL,8,0.094,RCL153-C001-N01-1,5
7550752,MZ04,14,N05,C,NORMAL,8,0.015,SIN UBICACIÓN ACTUAL,5
7506138,MZ04,14,N05,C,NORMAL,8,0.003,RCL152-C004-N03-1,5
7502478,MZ04,14,N05,C,NORMAL,8,0.042,RCL152-C002-N01-1,5
5502170,MZ04,15,N01,C,NORMAL,8,0.016,RCL132-C003-N01-1,5
7550695,MZ04,15,N01,C,NORMAL,8,0.084,RCL134-C001-N05-1,5
500142,MZ04,15,N01,C,NORMAL,8,0.004,RCL135-C001-N03-1,5
7503055,MZ04,15,N01,C,NORMAL,8,0.001,RCL135-C001-N04-1,5
2235005,MZ04,15,N02,C,NORMAL,8,0.027,RCL151-C001-N04-1,5
7550804,MZ04,15,N02,C,NORMAL,8,0.02,RCL149-C004-N04-1,5
7506027,MZ04,15,N02,C,NORMAL,8,0.017,RCL149-C004-N02-1,5
7507216,MZ04,15,N02,C,NORMAL,8,0.006,RCL149-C003-N03-1,5
5170023,MZ04,15,N03,C,NORMAL,8,0.004,RCL146-C003-N01-1,5
7062406,MZ04,15,N03,C,NORMAL,8,0.03,SIN UBICACIÓN ACTUAL,5
7506830,MZ04,15,N03,C,NORMAL,8,0.003,RCL148-C004-N01-1,5
7506438,MZ04,15,N03,C,NORMAL,8,0.247,RCL148-C004-N03-1,5
7041539,MZ04,15,N04,C,NORMAL,8,0.175,RCL145-C001-N04-1,5
5170022,MZ04,15,N04,C,NORMAL,8,0.242,RCL141-C003-N01-1,5
5140032,MZ04,15,N04,C,NORMAL,8,0.013,RCL141-C001-N01-1,5
7550082,MZ04,15,N04,C,NORMAL,8,0.251,RCL139-C004-N03-1,5
6100144,MZ04,15,N05,C,NORMAL,8,0.015,SIN UBICACIÓN ACTUAL,5
5502167,MZ04,15,N05,C,NORMAL,8,0.019,SIN UBICACIÓN ACTUAL,5
5120435,MZ04,15,N05,C,NORMAL,8,0.026,RCL121-C001-N02-1,5
5120463,MZ04,15,N05,C,NORMAL,8,0.708,RCL121-C001-N01-1,5
7060120,MZ04,16,CUERPO,C,CUERPO,8,1.215,RCL117-C003-N05-1,1
0560017,MZ04,17,N01,C,NORMAL,7,0.851,RCL195-C002-N01-1,5
0130026,MZ04,17,N01,C,NORMAL,7,0,RCL195-C002-N02-1,5
9111556,MZ04,17,N01,C,NORMAL,7,0.002,SIN UBICACIÓN ACTUAL,5
92110152,MZ04,17,N01,C,NORMAL,7,0.002,RCL195-C003-N05-1,5
0230052,MZ04,17,N02,C,NORMAL,7,0.031,RCL202-C002-N04-1,5
0490009,MZ04,17,N02,C,NORMAL,7,0.061,RCL202-C001-N04-1,5
8002019,MZ04,17,N02,C,NORMAL,7,0.046,RCL201-C003-N01-1,5
0410016,MZ04,17,N02,C,NORMAL,7,0.023,RCL201-C001-N01-1,5
1195029,MZ04,17,N03,C,NORMAL,7,0.001,RCL198-C001-N01-1,5
0011153,MZ04,17,N03,C,NORMAL,7,0.003,RCL195-C004-N07-1,5
0611025,MZ04,17,N03,C,NORMAL,7,0.02,SIN UBICACIÓN ACTUAL,5
2321044,MZ04,17,N03,C,NORMAL,7,0.008,RCL197-C002-N02-1,5
92110140,MZ04,17,N04,C,NORMAL,7,0.001,SIN UBICACIÓN ACTUAL,5
0420087,MZ04,17,N04,C,NORMAL,7,0.002,RCL195-C004-N02-1,5
9111412,MZ04,17,N04,C,NORMAL,7,0.001,RCL195-C004-N02-1,5
0611706,MZ04,17,N04,C,NORMAL,7,0.004,RCL195-C004-N01-1,5
2321038,MZ04,17,N05,C,NORMAL,7,0.03,RCL194-C001-N04-1,5
0420122,MZ04,17,N05,C,NORMAL,7,0.001,RCL194-C004-N05-1,5
0420111,MZ04,17,N05,C,NORMAL,7,0.009,RCL194-C004-N01-1,5
9111093,MZ04,17,N05,C,NORMAL,7,0.001,RCL194-C004-N01-1,5
3525159,MZ04,18,N01,C,NORMAL,7,0.008,RCL131-C004-N03-1,5
6020410,MZ04,18,N01,C,NORMAL,7,0.011,RCL123-C001-N05-1,5
5120455,MZ04,18,N01,C,NORMAL,7,0.108,RCL120-C004-N02-1,5
5170404,MZ04,18,N01,C,NORMAL,7,0.004,RCL119-C004-N01-1,5
7506430,MZ04,18,N02,C,NORMAL,7,0.025,RCL149-C002-N01-1,5
7062405,MZ04,18,N02,C,NORMAL,7,0.008,RCL153-C001-N01-1,5
7502482,MZ04,18,N02,C,NORMAL,7,0.03,RCL152-C001-N05-1,5
7506742,MZ04,18,N02,C,NORMAL,7,0.001,RCL153-C003-N01-1,5
7506130,MZ04,18,N03,C,NORMAL,7,0.074,RCL149-C001-N02-1,5
5180062,MZ04,18,N03,C,NORMAL,7,0.282,RCL146-C002-N02-1,5
5170009,MZ04,18,N03,C,NORMAL,7,0.016,RCL139-C001-N01-1,5
500481,MZ04,18,N03,C,NORMAL,7,0.006,SIN UBICACIÓN ACTUAL,5
500457,MZ04,18,N04,C,NORMAL,7,0.045,RCL134-C002-N04-1,5
7500511,MZ04,18,N04,C,NORMAL,7,0.001,SIN UBICACIÓN ACTUAL,5
7503410,MZ04,18,N04,C,NORMAL,7,0.431,RCL134-C003-N02-1,5
5003462,MZ04,18,N04,C,NORMAL,7,0.104,RCL132-C001-N03-1,5
5240407,MZ04,18,N05,C,NORMAL,7,0.074,RCL118-C004-N02-1,5
7060213,MZ04,18,N05,C,NORMAL,7,0.039,RCL117-C004-N05-1,5
7060112,MZ04,18,N05,C,NORMAL,7,0.019,RCL117-C003-N02-1,5
7060109,MZ04,18,N05,C,NORMAL,7,0.009,RCL117-C002-N03-1,5
5120441,MZ04,19,CUERPO,C,CUERPO,7,1.252,RCL125-C004-N05-1,1
5140014,MZ04,20,CUERPO,A,CUERPO,192,1.481,RCL105-C003-N04-1,1
92110226,MZ04,21,N01,A,NORMAL,32,0,RCL187-C001-N02-1,5
052440165,MZ04,21,N01,A,NORMAL,169,0.869,RCL106-C002-N04-1,5
2321052,MZ04,21,N01,A,NORMAL,67,0.028,RCL203-C001-N02-1,5
6101058,MZ04,21,N02,A,NORMAL,104,0.048,RCL131-C003-N02-1,5
7090030,MZ04,21,N02,A,NORMAL,188,0.357,RCL152-C001-N02-1,5
031260044,MZ04,21,N02,A,NORMAL,187,0.282,RCL162-C001-N03-1,5
2385700,MZ04,21,N02,A,NORMAL,178,0.208,RCL139-C003-N04-1,5
0570011,MZ04,21,N03,A,NORMAL,99,0.058,RCL166-C001-N02-1,5
2385710,MZ04,21,N03,A,NORMAL,185,0.313,RCL139-C002-N04-1,5
7506246,MZ04,21,N03,A,NORMAL,183,0.27,RCL149-C002-N03-1,5
5120301,MZ04,21,N03,A,NORMAL,175,0.257,RCL138-C003-N05-1,5
2395406,MZ04,21,N04,A,NORMAL,42,0.004,RCL148-C001-N02-1,5
5230103,MZ04,21,N04,A,NORMAL,183,0.711,RCL138-C004-N03-1,5
7500388,MZ04,21,N04,A,NORMAL,166,0.156,RCL147-C003-N04-1,5
6150012,MZ04,21,N04,A,NORMAL,68,0.027,RCL165-C001-N04-1,5
032440028,MZ04,21,N05,A,NORMAL,169,0.387,RCL161-C004-N01-1,5
2321435,MZ04,21,N05,A,NORMAL,169,0.19,RCL191-C001-N05-1,5
2385705,MZ04,21,N05,A,NORMAL,167,0.203,RCL138-C002-N04-1,5
6104580,MZ04,21,N05,A,NORMAL,132,0.113,RCL131-C002-N01-1,5
6020418,MZ04,22,N01,A,NORMAL,49,0.007,RCL124-C001-N01-1,5
7501144,MZ04,22,N01,A,NORMAL,148,0.781,RCL173-C003-N04-1,5
5170013,MZ04,22,N01,A,NORMAL,104,0.112,RCL139-C002-N02-1,5
038070016,MZ04,22,N02,A,NORMAL,154,0.79,RCL161-C003-N01-1,5
2330437,MZ04,22,N02,A,NORMAL,109,0.105,RCL167-C004-N02-1,5
7501924,MZ04,22,N02,A,NORMAL,34,0.004,RCL173-C001-N03-1,5
500120,MZ04,22,N03,A,NORMAL,104,0.09,SIN UBICACIÓN ACTUAL,5
9200277,MZ04,22,N03,A,NORMAL,151,0.544,RCL180-C002-N02-1,5
500112,MZ04,22,N03,A,NORMAL,152,0.259,RCL134-C001-N02-1,5
7550920,MZ04,22,N03,A,NORMAL,34,0.006,RCL117-C001-N01-1,5
5180022,MZ04,22,N04,A,NORMAL,152,0.675,RCL138-C002-N02-1,5
7502428,MZ04,22,N04,A,NORMAL,146,0.194,RCL155-C002-N01-1,5
0611023,MZ04,22,N04,A,NORMAL,60,0.024,RCL201-C002-N02-1,5
7001838,MZ04,22,N04,A,NORMAL,35,0.006,RCL193-C001-N02-1,5
5140008,MZ04,22,N05,A,NORMAL,147,0.949,RCL146-C002-N05-1,5
7501135,MZ04,23,CUERPO,A,CUERPO,151,2.6,RCL106-C001-N03-1,1
5500197,MZ04,24,CUERPO,A,CUERPO,129,2.678,RCL99-C001-N02-1,1
0420144,MZ04,25,N01,A,NORMAL,40,0.009,RCL201-C002-N02-1,5
7060208,MZ04,25,N01,A,NORMAL,93,0.074,RCL117-C004-N01-1,5
7090039,MZ04,25,N01,A,NORMAL,110,0.316,RCL153-C003-N04-1,5
038070012,MZ04,25,N01,A,NORMAL,121,0.5,RCL161-C002-N04-1,5
1520018,MZ04,25,N02,A,NORMAL,127,0.527,RCL113-C002-N04-1,5
7090638,MZ04,25,N02,A,NORMAL,116,0.173,RCL157-C001-N03-1,5
8352912,MZ04,25,N02,A,NORMAL,114,0.185,RCL176-C001-N02-1,5
0010074,MZ04,25,N02,A,NORMAL,43,0.009,RCL197-C001-N03-1,5
7090034,MZ04,25,N03,A,NORMAL,61,0.047,RCL149-C001-N04-1,5
2392305,MZ04,25,N03,A,NORMAL,118,0.42,RCL184-C001-N04-1,5
5230102,MZ04,25,N03,A,NORMAL,125,0.43,RCL138-C001-N02-1,5
7090032,MZ04,25,N04,A,NORMAL,61,0.032,RCL155-C001-N01-1,5
1195002,MZ04,25,N04,A,NORMAL,31,0.005,RCL198-C001-N03-1,5
5230105,MZ04,25,N04,A,NORMAL,123,0.861,RCL139-C002-N03-1,5
5180010,MZ04,25,N05,A,NORMAL,117,0.969,RCL139-C002-N05-1,5
7501127,MZ04,26,N01,A,NORMAL,109,0.855,RCL172-C001-N03-1,5
0200004,MZ04,26,N01,A,NORMAL,58,0.043,RCL195-C002-N03-1,5
5140311,MZ04,26,N02,A,NORMAL,116,0.433,RCL139-C001-N02-1,5
7506389,MZ04,26,N02,A,NORMAL,110,0.45,RCL147-C004-N01-1,5
2330436,MZ04,26,N02,A,NORMAL,46,0.016,RCL167-C003-N01-1,5
7110206,MZ04,26,N03,A,NORMAL,92,0.092,RCL152-C003-N01-1,5
7502442,MZ04,26,N03,A,NORMAL,58,0.039,RCL147-C004-N01-1,5
5240033,MZ04,26,N03,A,NORMAL,110,0.176,RCL140-C002-N04-1,5
7501728,MZ04,26,N03,A,NORMAL,114,0.593,RCL169-C002-N04-1,5
2321046,MZ04,26,N04,A,NORMAL,84,0.064,RCL197-C002-N02-1,5
0380008,MZ04,26,N04,A,NORMAL,39,0.008,RCL201-C002-N04-1,5
297686,MZ04,26,N04,A,NORMAL,111,0.613,RCL159-C003-N05-1,5
7506202,MZ04,26,N04,A,NORMAL,109,0.214,RCL155-C002-N02-1,5
38070031,MZ04,26,N05,A,NORMAL,109,0.31,RCL168-C002-N02-1,5
7054025,MZ04,26,N05,A,NORMAL,106,0.258,RCL158-C001-N02-1,5
7501686,MZ04,26,N05,A,NORMAL,106,0.254,RCL170-C002-N05-1,5
7506215,MZ04,26,N05,A,NORMAL,85,0.074,RCL147-C003-N04-1,5
6032630,MZ04,27,CUERPO,A,CUERPO,113,1.35,SIN UBICACIÓN ACTUAL,1
032440016,MZ04,28,N01,A,NORMAL,98,0.639,RCL161-C003-N03-1,5
2385721,MZ04,28,N01,A,NORMAL,51,0.023,RCL139-C002-N01-1,5
524401981,MZ04,28,N01,A,NORMAL,94,0.236,RCL173-C001-N05-1,5
7501086,MZ04,28,N02,A,NORMAL,105,0.212,RCL173-C001-N05-1,5
7506844,MZ04,28,N02,A,NORMAL,41,0.011,RCL152-C002-N03-1,5
2385009,MZ04,28,N02,A,NORMAL,105,0.392,RCL160-C004-N01-1,5
7062420,MZ04,28,N02,A,NORMAL,105,0.282,RCL149-C001-N04-1,5
5140001,MZ04,28,N03,A,NORMAL,102,0.707,RCL141-C004-N02-1,5
0010076,MZ04,28,N03,A,NORMAL,42,0.017,RCL197-C001-N01-1,5
0140022,MZ04,28,N03,A,NORMAL,101,0.175,RCL195-C001-N01-1,5
2330051,MZ04,28,N04,A,NORMAL,92,0.122,RCL194-C002-N03-1,5
879154,MZ04,28,N04,A,NORMAL,101,0.451,RCL159-C002-N03-1,5
0410002,MZ04,28,N04,A,NORMAL,101,0.167,RCL195-C002-N03-1,5
032440024,MZ04,28,N04,A,NORMAL,97,0.138,SIN UBICACIÓN ACTUAL,5
6150025,MZ04,28,N05,A,NORMAL,97,0.778,RCL165-C001-N05-1,5
023450005,MZ04,28,N05,A,NORMAL,91,0.113,RCL162-C001-N04-1,5
0380018,MZ04,28,N05,A,NORMAL,38,0.01,RCL203-C001-N04-1,5
6032634,MZ04,29,CUERPO,A,CUERPO,102,3.165,RCL103-C001-N03-1,1
961925,MZ04,30,CUERPO,A,CUERPO,90,1.067,RCL160-C004-N04-1,1
1205001,MZ04,31,N01,B,NORMAL,20,0.107,RCL200-C001-N01-1,5
1195017,MZ04,31,N01,B,NORMAL,20,0.002,RCL198-C001-N04-1,5
2321039,MZ04,31,N01,B,NORMAL,20,0.3,RCL201-C004-N01-1,5
8002004,MZ04,31,N01,B,NORMAL,20,0.175,RCL201-C004-N04-1,5
7054068,MZ04,31,N02,B,NORMAL,21,0.826,RCL156-C001-N05-1,5
500573,MZ04,31,N02,B,NORMAL,21,0.016,RCL135-C001-N02-1,5
61002018,MZ04,31,N02,B,NORMAL,21,0.013,RCL131-C002-N01-1,5
6020438,MZ04,31,N02,B,NORMAL,21,0.039,RCL125-C003-N04-1,5
7060224,MZ04,31,N03,B,NORMAL,21,0.045,RCL117-C003-N03-1,5
5170508,MZ04,31,N03,B,NORMAL,21,0.011,RCL118-C001-N04-1,5
5120430,MZ04,31,N03,B,NORMAL,21,0.278,RCL119-C002-N05-1,5
5120420,MZ04,31,N03,B,NORMAL,21,0.04,RCL124-C004-N05-1,5
7060100,MZ04,31,N04,B,NORMAL,21,0.025,RCL117-C002-N03-1,5
4020227,MZ04,31,N04,B,NORMAL,21,0.003,RCL115-C001-N02-1,5
4020222,MZ04,31,N04,B,NORMAL,21,0.007,RCL115-C001-N01-1,5
0230006,MZ04,31,N04,B,NORMAL,20,0.011,RCL202-C002-N02-1,5
1195032,MZ04,31,N05,B,NORMAL,20,0.002,RCL198-C001-N03-1,5
1195014,MZ04,31,N05,B,NORMAL,20,0.009,RCL198-C001-N02-1,5
1195023,MZ04,31,N05,B,NORMAL,20,0.007,RCL198-C001-N01-1,5
1195039,MZ04,31,N05,B,NORMAL,20,0.007,RCL198-C001-N01-1,5
2380002,MZ04,32,N01,B,NORMAL,20,0.063,RCL185-C001-N02-1,5
2392333,MZ04,32,N01,B,NORMAL,20,0.136,RCL184-C001-N01-1,5
9200328,MZ04,32,N01,B,NORMAL,20,0.068,RCL181-C001-N04-1,5
2330438,MZ04,32,N01,B,NORMAL,20,0.039,RCL167-C004-N02-1,5
0230005,MZ04,32,N02,B,NORMAL,20,0.001,RCL195-C001-N05-1,5
0590011,MZ04,32,N02,B,NORMAL,20,0.024,RCL196-C002-N03-1,5
5170026,MZ04,32,N02,B,NORMAL,20,0.002,RCL196-C001-N04-1,5
0230024,MZ04,32,N02,B,NORMAL,20,0.001,RCL197-C001-N02-1,5
0230017,MZ04,32,N03,B,NORMAL,20,0.002,RCL194-C003-N05-1,5
2330053,MZ04,32,N03,B,NORMAL,20,0.111,RCL194-C002-N01-1,5
0230011,MZ04,32,N03,B,NORMAL,20,0.008,RCL194-C001-N05-1,5
0200008,MZ04,32,N03,B,NORMAL,20,0.001,RCL194-C001-N04-1,5
0130024,MZ04,32,N04,B,NORMAL,20,0.053,RCL188-C001-N05-1,5
0707009,MZ04,32,N04,B,NORMAL,20,0.018,RCL190-C001-N03-1,5
7417000508239,MZ04,32,N04,B,NORMAL,20,0.005,RCL190-C001-N02-1,5
9111316,MZ04,32,N04,B,NORMAL,20,0.013,SIN UBICACIÓN ACTUAL,5
7506040,MZ04,32,N05,B,NORMAL,20,0.01,SIN UBICACIÓN ACTUAL,5
7502434,MZ04,32,N05,B,NORMAL,20,0.097,RCL149-C001-N05-1,5
7506090,MZ04,32,N05,B,NORMAL,20,0.006,SIN UBICACIÓN ACTUAL,5
7550846,MZ04,32,N05,B,NORMAL,20,0.024,RCL148-C003-N01-1,5
6020430,MZ04,33,CUERPO,B,CUERPO,20,1.863,RCL124-C003-N01-1,1
7054066,MZ04,34,N01,B,NORMAL,19,0.156,RCL158-C001-N03-1,5
7550788,MZ04,34,N01,B,NORMAL,19,0.16,RCL155-C004-N01-1,5
7506407,MZ04,34,N01,B,NORMAL,19,0.293,RCL155-C002-N01-1,5
7054002,MZ04,34,N01,B,NORMAL,19,0.029,RCL155-C001-N04-1,5
9130201,MZ04,34,N02,B,NORMAL,19,0.001,SIN UBICACIÓN ACTUAL,5
9130211,MZ04,34,N02,B,NORMAL,19,0.001,SIN UBICACIÓN ACTUAL,5
0380013,MZ04,34,N02,B,NORMAL,19,0.01,RCL195-C001-N02-1,5
9111183,MZ04,34,N02,B,NORMAL,19,0.006,RCL195-C003-N03-1,5
9111344,MZ04,34,N03,B,NORMAL,19,0.001,SIN UBICACIÓN ACTUAL,5
2321439,MZ04,34,N03,B,NORMAL,19,0,RCL190-C001-N05-1,5
0460149,MZ04,34,N03,B,NORMAL,19,0.002,RCL189-C001-N02-1,5
0420268,MZ04,34,N03,B,NORMAL,19,0.015,RCL187-C001-N06-1,5
961912,MZ04,34,N04,B,NORMAL,19,0.001,RCL160-C001-N03-1,5
3300305,MZ04,34,N04,B,NORMAL,19,0.027,RCL168-C004-N04-1,5
666028,MZ04,34,N04,B,NORMAL,19,0.044,RCL160-C003-N03-1,5
7001800,MZ04,34,N04,B,NORMAL,19,0.021,RCL159-C003-N02-1,5
7506208,MZ04,34,N05,B,NORMAL,19,0.019,RCL152-C002-N04-1,5
7506848,MZ04,34,N05,B,NORMAL,19,0.002,RCL148-C004-N01-1,5
7041073,MZ04,34,N05,B,NORMAL,19,0.012,SIN UBICACIÓN ACTUAL,5
5240027,MZ04,34,N05,B,NORMAL,19,0.024,RCL146-C003-N01-1,5
0010060,MZ04,35,N01,B,NORMAL,17,0.02,RCL202-C002-N01-1,5
3352108,MZ04,35,N01,B,NORMAL,17,0.008,RCL199-C001-N01-1,5
8002018,MZ04,35,N01,B,NORMAL,17,0.486,RCL201-C003-N05-1,5
0410011,MZ04,35,N01,B,NORMAL,17,0.013,RCL201-C004-N02-1,5
6032650,MZ04,35,N02,B,NORMAL,18,0.036,RCL124-C004-N03-1,5
7550842,MZ04,35,N02,B,NORMAL,18,0.365,RCL155-C003-N01-1,5
7502464,MZ04,35,N02,B,NORMAL,18,0.333,RCL152-C004-N02-1,5
5140047,MZ04,35,N02,B,NORMAL,18,0.036,RCL141-C001-N01-1,5
7500505,MZ04,35,N03,B,NORMAL,18,0.172,RCL134-C004-N04-1,5
5170524,MZ04,35,N03,B,NORMAL,18,0.003,RCL118-C001-N03-1,5
5170523,MZ04,35,N03,B,NORMAL,18,0.026,RCL118-C002-N03-1,5
6020414,MZ04,35,N03,B,NORMAL,18,0.105,RCL124-C003-N05-1,5
4020212,MZ04,35,N04,B,NORMAL,18,0.007,RCL104-C001-N03-1,5
4020230,MZ04,35,N04,B,NORMAL,18,0.037,RCL104-C001-N02-1,5
0208001,MZ04,35,N04,B,NORMAL,17,0.032,RCL203-C001-N04-1,5
0380025,MZ04,35,N04,B,NORMAL,17,0.003,RCL203-C001-N02-1,5
1195034,MZ04,35,N05,B,NORMAL,17,0.002,RCL198-C001-N04-1,5
0230026,MZ04,35,N05,B,NORMAL,17,0.002,RCL197-C002-N02-1,5
0420132,MZ04,35,N05,B,NORMAL,17,0.001,RCL196-C001-N03-1,5
0380023,MZ04,35,N05,B,NORMAL,17,0.005,RCL196-C001-N01-1,5
0570007,MZ04,36,N01,B,NORMAL,17,0.124,RCL163-C001-N03-1,5
7001997,MZ04,36,N01,B,NORMAL,17,0.005,RCL163-C001-N04-1,5
6150049,MZ04,36,N01,B,NORMAL,17,0.256,RCL166-C001-N05-1,5
7501909,MZ04,36,N01,B,NORMAL,17,0.012,RCL170-C001-N03-1,5
0460142,MZ04,36,N02,B,NORMAL,17,0.007,RCL195-C002-N05-1,5
0560018,MZ04,36,N02,B,NORMAL,17,0.207,RCL194-C002-N03-1,5
0140031,MZ04,36,N02,B,NORMAL,17,0.032,RCL194-C001-N03-1,5
7441050500059,MZ04,36,N02,B,NORMAL,17,0.011,RCL193-C001-N03-1,5
9200115,MZ04,36,N03,B,NORMAL,17,0.033,RCL180-C003-N03-1,5
9041010,MZ04,36,N03,B,NORMAL,17,0.11,SIN UBICACIÓN ACTUAL,5
0011167,MZ04,36,N03,B,NORMAL,17,0.006,RCL187-C002-N03-1,5
1619BZ0100,MZ04,36,N03,B,NORMAL,17,0.467,RCL189-C003-N05-1,5
2392395,MZ04,36,N04,B,NORMAL,17,0.001,SIN UBICACIÓN ACTUAL,5
052440051,MZ04,36,N04,B,NORMAL,17,0.116,RCL174-C001-N02-1,5
7501085,MZ04,36,N04,B,NORMAL,17,0.065,RCL173-C003-N05-1,5
7501146,MZ04,36,N04,B,NORMAL,17,0.019,RCL170-C003-N01-1,5
032440020,MZ04,36,N05,B,NORMAL,17,0.029,RCL162-C003-N02-1,5
023450003,MZ04,36,N05,B,NORMAL,17,0.003,RCL162-C001-N04-1,5
6020002,MZ04,36,N05,B,NORMAL,17,0.344,RCL161-C004-N02-1,5
2330320,MZ04,36,N05,B,NORMAL,17,0.096,SIN UBICACIÓN ACTUAL,5
501557,MZ05,1,N01,D,NORMAL,1,0.005,RCL175-C004-N02-1,5
7551026,MZ05,1,N01,D,NORMAL,1,0.003,RCL175-C003-N05-1,5
7502203,MZ05,1,N01,D,NORMAL,1,0.005,RCL175-C004-N01-1,5
7550359,MZ05,1,N01,D,NORMAL,1,0.001,SIN UBICACIÓN ACTUAL,5
7550472,MZ05,1,N02,D,NORMAL,1,0.001,SIN UBICACIÓN ACTUAL,5
7550373,MZ05,1,N02,D,NORMAL,1,0.001,SIN UBICACIÓN ACTUAL,5
7500624,MZ05,1,N02,D,NORMAL,1,0.001,SIN UBICACIÓN ACTUAL,5
7550387,MZ05,1,N02,D,NORMAL,1,0.001,SIN UBICACIÓN ACTUAL,5
7550481,MZ05,1,N03,D,NORMAL,1,0.001,SIN UBICACIÓN ACTUAL,5
501541,MZ05,1,N03,D,NORMAL,1,0.006,RCL175-C004-N03-1,5
7550355,MZ05,1,N03,D,NORMAL,1,0,SIN UBICACIÓN ACTUAL,5
7550372,MZ05,1,N03,D,NORMAL,1,0,SIN UBICACIÓN ACTUAL,5
052440151,MZ05,1,N04,D,NORMAL,1,0.001,RCL175-C004-N03-1,5
7550357,MZ05,1,N04,D,NORMAL,1,0,SIN UBICACIÓN ACTUAL,5
52440486,MZ05,1,N04,D,NORMAL,1,0.007,RCL175-C004-N02-1,5
7501072,MZ05,1,N04,D,NORMAL,1,0.005,RCL175-C004-N02-1,5
7550370,MZ05,1,N05,D,NORMAL,1,0.003,SIN UBICACIÓN ACTUAL,5
7500694,MZ05,1,N05,D,NORMAL,1,0.006,RCL175-C003-N03-1,5
7500696,MZ05,1,N05,D,NORMAL,1,0.004,RCL175-C003-N03-1,5
052440099,MZ05,1,N05,D,NORMAL,1,0.002,RCL175-C003-N03-1,5
052440137,MZ05,2,N01,D,NORMAL,1,0.004,RCL172-C003-N02-1,5
7501136,MZ05,2,N01,D,NORMAL,1,0.028,RCL172-C003-N02-1,5
052440133,MZ05,2,N01,D,NORMAL,1,0.004,RCL172-C003-N03-1,5
7505302,MZ05,2,N01,D,NORMAL,1,0.008,SIN UBICACIÓN ACTUAL,5
7501940,MZ05,2,N02,D,NORMAL,1,0.007,SIN UBICACIÓN ACTUAL,5
052440011,MZ05,2,N02,D,NORMAL,1,0.007,SIN UBICACIÓN ACTUAL,5
7501154,MZ05,2,N02,D,NORMAL,1,0.01,RCL173-C002-N05-1,5
052440098,MZ05,2,N02,D,NORMAL,1,0.002,RCL173-C002-N04-1,5
052440045,MZ05,2,N03,D,NORMAL,1,0.008,RCL173-C002-N01-1,5
7062500,MZ05,2,N03,D,NORMAL,1,0.005,RCL173-C002-N02-1,5
7500647,MZ05,2,N03,D,NORMAL,1,0.009,RCL173-C002-N02-1,5
052440135,MZ05,2,N03,D,NORMAL,1,0.004,RCL173-C002-N03-1,5
7551041,MZ05,2,N04,D,NORMAL,1,0,RCL173-C002-N01-1,5
052440103,MZ05,2,N04,D,NORMAL,1,0.009,SIN UBICACIÓN ACTUAL,5
7501927,MZ05,2,N04,D,NORMAL,1,0.161,RCL173-C001-N01-1,5
052440089,MZ05,2,N04,D,NORMAL,1,0.014,SIN UBICACIÓN ACTUAL,5
052440023,MZ05,2,N05,D,NORMAL,1,0.003,RCL172-C003-N01-1,5
7501955,MZ05,2,N05,D,NORMAL,1,0,SIN UBICACIÓN ACTUAL,5
52440433,MZ05,2,N05,D,NORMAL,1,0.003,RCL172-C002-N04-1,5
52440432,MZ05,2,N05,D,NORMAL,1,0.002,RCL172-C002-N04-1,5
052440136,MZ05,3,N01,D,NORMAL,1,0.004,RCL170-C002-N04-1,5
052440146,MZ05,3,N01,D,NORMAL,1,0.003,RCL170-C002-N02-1,5
052440166,MZ05,3,N01,D,NORMAL,1,0.13,RCL175-C001-N03-1,5
052440145,MZ05,3,N01,D,NORMAL,1,0.002,RCL170-C002-N04-1,5
7551040,MZ05,3,N02,D,NORMAL,1,0.005,RCL172-C001-N04-1,5
7501934,MZ05,3,N02,D,NORMAL,1,0.009,RCL172-C002-N03-1,5
7501753,MZ05,3,N02,D,NORMAL,1,0.002,RCL172-C002-N03-1,5
7501729,MZ05,3,N02,D,NORMAL,1,0.006,RCL172-C001-N04-1,5
052440171,MZ05,3,N03,D,NORMAL,1,0.008,RCL172-C001-N01-1,5
52440439,MZ05,3,N03,D,NORMAL,1,0.045,RCL170-C003-N03-1,5
7501612,MZ05,3,N03,D,NORMAL,1,0.008,RCL170-C003-N04-1,5
052440202,MZ05,3,N03,D,NORMAL,1,0.017,SIN UBICACIÓN ACTUAL,5
7551038,MZ05,3,N04,D,NORMAL,1,0.002,RCL170-C003-N03-1,5
7501922,MZ05,3,N04,D,NORMAL,1,0.006,RCL170-C003-N02-1,5
052440128,MZ05,3,N04,D,NORMAL,1,0.004,RCL170-C003-N01-1,5
7550240,MZ05,3,N04,D,NORMAL,1,0,SIN UBICACIÓN ACTUAL,5
7501948,MZ05,3,N05,D,NORMAL,1,0.062,RCL170-C002-N01-1,5
052450017,MZ05,3,N05,D,NORMAL,1,0.018,RCL170-C001-N01-1,5
7501696,MZ05,3,N05,D,NORMAL,1,0.005,RCL174-C003-N05-1,5
2320186,MZ05,3,N05,D,NORMAL,1,0.001,RCL168-C004-N06-1,5
7506676,MZ05,4,N01,D,NORMAL,1,0.013,SIN UBICACIÓN ACTUAL,5
7506984,MZ05,4,N01,D,NORMAL,1,0.05,SIN UBICACIÓN ACTUAL,5
7506426,MZ05,4,N01,D,NORMAL,1,0.093,RCL153-C003-N03-1,5
7506244,MZ05,4,N01,D,NORMAL,1,0.003,SIN UBICACIÓN ACTUAL,5
7601208,MZ05,4,N02,D,NORMAL,1,0.002,SIN UBICACIÓN ACTUAL,5
7506011,MZ05,4,N02,D,NORMAL,1,0.044,RCL155-C003-N02-1,5
7506856,MZ05,4,N02,D,NORMAL,1,0.003,RCL155-C003-N02-1,5
7506730,MZ05,4,N02,D,NORMAL,1,0,SIN UBICACIÓN ACTUAL,5
7506632,MZ05,4,N03,D,NORMAL,1,0.009,SIN UBICACIÓN ACTUAL,5
7506582,MZ05,4,N03,D,NORMAL,1,0.006,RCL153-C004-N03-1,5
7507254,MZ05,4,N03,D,NORMAL,1,0.009,SIN UBICACIÓN ACTUAL,5
7506926,MZ05,4,N03,D,NORMAL,1,0.018,RCL153-C004-N03-1,5
7507249,MZ05,4,N04,D,NORMAL,1,0.007,SIN UBICACIÓN ACTUAL,5
7506606,MZ05,4,N04,D,NORMAL,1,0.006,SIN UBICACIÓN ACTUAL,5
7506938,MZ05,4,N04,D,NORMAL,1,0.006,RCL153-C004-N01-1,5
7506886,MZ05,4,N04,D,NORMAL,1,0.003,SIN UBICACIÓN ACTUAL,5
7506526,MZ05,4,N05,D,NORMAL,1,0.017,SIN UBICACIÓN ACTUAL,5
7506486,MZ05,4,N05,D,NORMAL,1,0.197,SIN UBICACIÓN ACTUAL,5
7506929,MZ05,4,N05,D,NORMAL,1,0.048,SIN UBICACIÓN ACTUAL,5
7506958,MZ05,4,N05,D,NORMAL,1,0.005,SIN UBICACIÓN ACTUAL,5
7506498,MZ05,5,N01,D,NORMAL,1,0.053,SIN UBICACIÓN ACTUAL,5
7550810,MZ05,5,N01,D,NORMAL,1,0.031,RCL148-C002-N05-1,5
7502474,MZ05,5,N01,D,NORMAL,1,0.237,RCL148-C001-N03-1,5
7506716,MZ05,5,N01,D,NORMAL,1,0.183,SIN UBICACIÓN ACTUAL,5
7054006,MZ05,5,N02,D,NORMAL,1,0.014,SIN UBICACIÓN ACTUAL,5
7507256,MZ05,5,N02,D,NORMAL,1,0.003,SIN UBICACIÓN ACTUAL,5
7506738,MZ05,5,N02,D,NORMAL,1,0.018,RCL152-C003-N02-1,5
7506023,MZ05,5,N02,D,NORMAL,1,0.003,SIN UBICACIÓN ACTUAL,5
7506510,MZ05,5,N03,D,NORMAL,1,0.044,SIN UBICACIÓN ACTUAL,5
7507258,MZ05,5,N03,D,NORMAL,1,0.004,SIN UBICACIÓN ACTUAL,5
7025208,MZ05,5,N03,D,NORMAL,1,0.02,RCL149-C001-N03-1,5
7506920,MZ05,5,N03,D,NORMAL,1,0.009,RCL149-C001-N01-1,5
7506788,MZ05,5,N04,D,NORMAL,1,0.056,SIN UBICACIÓN ACTUAL,5
7506954,MZ05,5,N04,D,NORMAL,1,0.04,SIN UBICACIÓN ACTUAL,5
7506580,MZ05,5,N04,D,NORMAL,1,0.021,SIN UBICACIÓN ACTUAL,5
7507028,MZ05,5,N04,D,NORMAL,1,0.019,RCL148-C003-N04-1,5
7506770,MZ05,5,N05,D,NORMAL,1,0.056,RCL147-C004-N02-1,5
7500186,MZ05,5,N05,D,NORMAL,1,0.003,SIN UBICACIÓN ACTUAL,5
7506734,MZ05,5,N05,D,NORMAL,1,0.001,SIN UBICACIÓN ACTUAL,5
7550816,MZ05,5,N05,D,NORMAL,1,0.44,RCL147-C001-N05-1,5
500123,MZ05,6,CUERPO,D,CUERPO,1,2.575,RCL134-C003-N05-1,1
3033010,MZ05,7,N01,D,NORMAL,1,0.002,SIN UBICACIÓN ACTUAL,5
5240409,MZ05,7,N01,D,NORMAL,1,0.131,RCL118-C004-N02-1,5
5240402,MZ05,7,N01,D,NORMAL,1,0.019,RCL118-C003-N03-1,5
9913023,MZ05,7,N01,D,NORMAL,1,0.002,SIN UBICACIÓN ACTUAL,5
5120446,MZ05,7,N02,D,NORMAL,1,0.293,RCL120-C001-N04-1,5
5120443,MZ05,7,N02,D,NORMAL,1,0.037,RCL120-C003-N02-1,5
8352908,MZ05,7,N02,D,NORMAL,1,0.027,RCL120-C003-N01-1,5
5120407,MZ05,7,N02,D,NORMAL,1,0.012,RCL120-C003-N04-1,5
5120539,MZ05,7,N03,D,NORMAL,1,0,RCL120-C001-N04-1,5
5140203,MZ05,7,N03,D,NORMAL,1,0.058,SIN UBICACIÓN ACTUAL,5
5120537,MZ05,7,N03,D,NORMAL,1,0,RCL119-C004-N03-1,5
5120432,MZ05,7,N03,D,NORMAL,1,0.054,RCL119-C003-N03-1,5
5120533,MZ05,7,N04,D,NORMAL,1,0.143,RCL119-C002-N02-1,5
3003017,MZ05,7,N04,D,NORMAL,1,0.005,RCL119-C003-N02-1,5
5120545,MZ05,7,N04,D,NORMAL,1,0,SIN UBICACIÓN ACTUAL,5
3033022,MZ05,7,N04,D,NORMAL,1,0.022,SIN UBICACIÓN ACTUAL,5
5140604,MZ05,7,N05,D,NORMAL,1,0.042,RCL118-C002-N02-1,5
7060222,MZ05,7,N05,D,NORMAL,1,0.064,RCL117-C004-N04-1,5
7060225,MZ05,7,N05,D,NORMAL,1,0.022,RCL117-C004-N02-1,5
7060229,MZ05,7,N05,D,NORMAL,1,0.014,RCL117-C004-N02-1,5
6032009,MZ05,8,N02,D,NORMAL,1,0.066,RCL109-C001-N05-1,1
7060114,MZ05,8,N02,D,NORMAL,1,0.037,RCL104-C003-N05-1,1
5121176,MZ05,10,N01,C,NORMAL,6,0,SIN UBICACIÓN ACTUAL,5
0709199,MZ05,10,N01,C,NORMAL,6,0.133,RCL190-C001-N03-1,5
1700099,MZ05,10,N01,C,NORMAL,6,0.008,RCL189-C003-N01-1,5
5121062,MZ05,10,N01,C,NORMAL,6,0,SIN UBICACIÓN ACTUAL,5
8002017,MZ05,10,N02,C,NORMAL,6,0.471,RCL194-C003-N05-1,5
92110148,MZ05,10,N02,C,NORMAL,6,0.019,RCL194-C004-N01-1,5
0420028,MZ05,10,N02,C,NORMAL,6,0,RCL194-C004-N02-1 / RCL195-C003-N08-1,5
9111271,MZ05,10,N02,C,NORMAL,6,0.001,RCL194-C004-N02-1,5
4020452,MZ05,10,N03,C,NORMAL,6,0.005,RCL194-C003-N04-1,5
7002014,MZ05,10,N03,C,NORMAL,6,0.05,RCL193-C001-N02-1,5
7002022,MZ05,10,N03,C,NORMAL,6,0.019,SIN UBICACIÓN ACTUAL,5
17093225,MZ05,10,N03,C,NORMAL,6,0.032,RCL192-C001-N04-1,5
0709108,MZ05,10,N04,C,NORMAL,6,0.002,RCL190-C001-N04-1,5
0707015,MZ05,10,N04,C,NORMAL,6,0.001,RCL191-C001-N03-1,5
0707016,MZ05,10,N04,C,NORMAL,6,0.003,RCL191-C001-N04-1,5
0707041,MZ05,10,N04,C,NORMAL,6,0.022,RCL192-C001-N03-1,5
92110609,MZ05,10,N05,C,NORMAL,6,0.003,RCL187-C004-N02-1,5
5121226,MZ05,10,N05,C,NORMAL,6,0,SIN UBICACIÓN ACTUAL,5
9130605,MZ05,10,N05,C,NORMAL,6,0.023,RCL188-C002-N02-1,5
04200014,MZ05,10,N05,C,NORMAL,6,0.013,SIN UBICACIÓN ACTUAL,5
7062401,MZ05,11,CUERPO,C,CUERPO,6,2.333,SIN UBICACIÓN ACTUAL,1
500168,MZ05,12,N01,C,NORMAL,6,0.057,RCL134-C002-N01-1,5
5502607,MZ05,12,N01,C,NORMAL,6,0.002,RCL132-C004-N04-1,5
7041024,MZ05,12,N01,C,NORMAL,6,0.115,RCL130-C001-N01-1,5
500157,MZ05,12,N01,C,NORMAL,6,0.007,RCL134-C001-N02-1,5
7550836,MZ05,12,N02,C,NORMAL,6,0.117,RCL148-C004-N04-1,5
7506293,MZ05,12,N02,C,NORMAL,6,0.003,RCL148-C004-N04-1,5
7506214,MZ05,12,N02,C,NORMAL,6,0.065,RCL149-C001-N05-1,5
7506373,MZ05,12,N02,C,NORMAL,6,0.384,RCL149-C001-N01-1,5
7506406,MZ05,12,N03,C,NORMAL,6,0.053,RCL148-C004-N03-1,5
7171325,MZ05,12,N03,C,NORMAL,6,0.209,RCL147-C001-N04-1,5
7550790,MZ05,12,N03,C,NORMAL,6,0.031,RCL147-C001-N01-1,5
5035003,MZ05,12,N03,C,NORMAL,6,0.079,RCL146-C004-N02-1,5
7501071,MZ05,12,N04,C,NORMAL,6,0.258,RCL142-C001-N01-1,5
5240026,MZ05,12,N04,C,NORMAL,6,0.255,RCL146-C001-N01-1,5
7500534,MZ05,12,N04,C,NORMAL,6,0.002,RCL134-C004-N04-1,5
500146,MZ05,12,N04,C,NORMAL,6,0.013,SIN UBICACIÓN ACTUAL,5
6010028,MZ05,12,N05,C,NORMAL,6,0.01,RCL123-C001-N03-1,5
5120419,MZ05,12,N05,C,NORMAL,6,0.052,RCL120-C002-N05-1,5
5240401,MZ05,12,N05,C,NORMAL,6,0.024,RCL118-C003-N02-1,5
5170506,MZ05,12,N05,C,NORMAL,6,0.002,RCL118-C001-N03-1,5
0120094,MZ05,13,N01,C,NORMAL,5,0.007,RCL182-C001-N02-1,5
9200128,MZ05,13,N01,C,NORMAL,5,0.078,RCL180-C004-N05-1,5
7550004,MZ05,13,N01,C,NORMAL,5,0.023,RCL181-C001-N02-1,5
0174004,MZ05,13,N01,C,NORMAL,5,0.005,RCL182-C001-N01-1,5
92110630,MZ05,13,N02,C,NORMAL,5,0,RCL187-C001-N03-1,5
0011165,MZ05,13,N02,C,NORMAL,5,0.066,RCL187-C002-N03-1,5
9111512,MZ05,13,N02,C,NORMAL,5,0.174,RCL187-C001-N04-1,5
2321546,MZ05,13,N02,C,NORMAL,5,0.005,RCL187-C001-N03-1,5
9913056,MZ05,13,N03,C,NORMAL,5,0,RCL186-C001-N05-1,5
2392343,MZ05,13,N03,C,NORMAL,5,0.005,RCL184-C001-N01-1,5
2352034,MZ05,13,N03,C,NORMAL,5,0.005,RCL185-C001-N01-1,5
9111493,MZ05,13,N03,C,NORMAL,5,0.13,RCL185-C001-N05-1,5
0524050,MZ05,13,N04,C,NORMAL,5,0.003,RCL183-C002-N04-1,5
0526169,MZ05,13,N04,C,NORMAL,5,0.004,SIN UBICACIÓN ACTUAL,5
1525013,MZ05,13,N04,C,NORMAL,5,0.048,SIN UBICACIÓN ACTUAL,5
0524056,MZ05,13,N04,C,NORMAL,5,0,RCL182-C002-N04-1,5
9200127,MZ05,13,N05,C,NORMAL,5,0.004,RCL180-C004-N05-1,5
9041044,MZ05,13,N05,C,NORMAL,5,0.141,RCL180-C003-N05-1,5
9200232,MZ05,13,N05,C,NORMAL,5,0.041,RCL180-C003-N03-1,5
9200169,MZ05,13,N05,C,NORMAL,5,0.011,RCL180-C003-N03-1,5
7501943,MZ05,14,N01,C,NORMAL,5,0.005,RCL172-C001-N01-1,5
7501083,MZ05,14,N01,C,NORMAL,5,0.008,RCL172-C002-N02-1,5
7501937,MZ05,14,N01,C,NORMAL,5,0.017,RCL172-C002-N04-1,5
7501076,MZ05,14,N01,C,NORMAL,5,0.055,RCL172-C003-N03-1,5
9200125,MZ05,14,N02,C,NORMAL,5,0.002,RCL180-C003-N03-1,5
9200170,MZ05,14,N02,C,NORMAL,5,0.011,RCL180-C003-N02-1,5
9200578,MZ05,14,N02,C,NORMAL,5,0.13,RCL180-C002-N05-1,5
2352327,MZ05,14,N02,C,NORMAL,5,0.006,RCL179-C001-N04-1,5
2392345,MZ05,14,N03,C,NORMAL,5,0.022,RCL178-C001-N03-1,5
2392321,MZ05,14,N03,C,NORMAL,5,0.022,RCL178-C001-N03-1,5
2392398,MZ05,14,N03,C,NORMAL,5,0.007,RCL179-C001-N02-1,5
2392383,MZ05,14,N03,C,NORMAL,5,0,RCL179-C001-N04-1,5
2392347,MZ05,14,N04,C,NORMAL,5,0.002,RCL178-C001-N02-1,5
1109036,MZ05,14,N04,C,NORMAL,5,0.026,RCL175-C002-N02-1,5
7551029,MZ05,14,N04,C,NORMAL,5,0.001,RCL174-C002-N04-1,5
7501156,MZ05,14,N04,C,NORMAL,5,0.01,RCL173-C001-N01-1,5
7501920,MZ05,14,N05,C,NORMAL,5,0.011,RCL170-C002-N03-1,5
052450005,MZ05,14,N05,C,NORMAL,5,0.005,RCL170-C002-N02-1,5
052440132,MZ05,14,N05,C,NORMAL,5,0,RCL170-C002-N01-1,5
3256822,MZ05,14,N05,C,NORMAL,5,0.103,RCL168-C004-N05-1,5
0420110,MZ05,15,N01,C,NORMAL,4,0.002,RCL195-C004-N03-1,5
92110149,MZ05,15,N01,C,NORMAL,4,0.005,SIN UBICACIÓN ACTUAL,5
0011150,MZ05,15,N01,C,NORMAL,4,0.002,RCL195-C003-N07-1 / RCL195-C003-N08-1,5
9112038,MZ05,15,N01,C,NORMAL,4,0.001,RCL195-C003-N04-1,5
7040310,MZ05,15,N02,C,NORMAL,4,0.087,RCL83-C002-N05-1,5
7060135,MZ05,15,N02,C,NORMAL,5,0.021,SIN UBICACIÓN ACTUAL,5
9111423,MZ05,15,N02,C,NORMAL,5,0.474,RCL105-C003-N02-1,5
0380000,MZ05,15,N02,C,NORMAL,5,0.012,RCL115-C004-N02-1,5
8002015,MZ05,15,N03,C,NORMAL,4,0.128,RCL201-C004-N03-1,5
1205021,MZ05,15,N03,C,NORMAL,4,0.002,RCL200-C001-N04-1,5
1205016,MZ05,15,N03,C,NORMAL,4,0.075,RCL200-C001-N02-1,5
1195011,MZ05,15,N03,C,NORMAL,4,0.007,RCL198-C001-N03-1,5
9130207,MZ05,15,N04,C,NORMAL,4,0.003,RCL195-C004-N04-1,5
0011159,MZ05,15,N04,C,NORMAL,4,0,RCL195-C004-N07-1 / RCL195-C004-N08-1,5
9111031,MZ05,15,N04,C,NORMAL,4,0.001,RCL195-C004-N05-1,5
9111287,MZ05,15,N04,C,NORMAL,4,0.002,RCL195-C004-N03-1,5
0611704,MZ05,15,N05,C,NORMAL,4,0.001,RCL195-C003-N02-1,5
92110157,MZ05,15,N05,C,NORMAL,4,0.014,SIN UBICACIÓN ACTUAL,5
9130246,MZ05,15,N05,C,NORMAL,4,0.003,RCL194-C004-N07-1,5
9111180,MZ05,15,N05,C,NORMAL,4,0.001,RCL194-C004-N06-1,5
3256013,MZ05,16,CUERPO,C,CUERPO,5,1.05,RCL115-C003-N02-1,1
7001992,MZ05,17,N01,C,NORMAL,4,0.363,RCL176-C001-N03-1,5
501514,MZ05,17,N01,C,NORMAL,4,0.004,SIN UBICACIÓN ACTUAL,5
052440048,MZ05,17,N01,C,NORMAL,4,0.011,RCL173-C003-N04-1,5
7501907,MZ05,17,N01,C,NORMAL,4,0.006,RCL173-C003-N02-1,5
9200160,MZ05,17,N02,C,NORMAL,4,0.1,RCL181-C002-N02-1,5
0188022,MZ05,17,N02,C,NORMAL,4,0.008,SIN UBICACIÓN ACTUAL,5
9041073,MZ05,17,N02,C,NORMAL,4,0.44,SIN UBICACIÓN ACTUAL,5
0130005,MZ05,17,N02,C,NORMAL,4,0.01,RCL182-C003-N03-1,5
9041011,MZ05,17,N03,C,NORMAL,4,0.039,RCL181-C002-N02-1,5
915742,MZ05,17,N03,C,NORMAL,4,0.028,RCL181-C002-N02-1,5
9200119,MZ05,17,N03,C,NORMAL,4,0.005,RCL180-C004-N04-1,5
9200116,MZ05,17,N03,C,NORMAL,4,0.06,RCL180-C004-N01-1,5
9200216,MZ05,17,N04,C,NORMAL,4,0.075,RCL180-C001-N02-1,5
9200198,MZ05,17,N04,C,NORMAL,4,0.045,RCL180-C003-N01-1,5
9200147,MZ05,17,N04,C,NORMAL,4,0.117,RCL180-C002-N01-1,5
2352019,MZ05,17,N04,C,NORMAL,4,0.004,RCL178-C001-N03-1,5
052440044,MZ05,17,N05,C,NORMAL,4,0.008,RCL173-C003-N01-1,5
7551042,MZ05,17,N05,C,NORMAL,4,0.005,SIN UBICACIÓN ACTUAL,5
7551047,MZ05,17,N05,C,NORMAL,4,0.014,RCL172-C003-N01-1,5
7551030,MZ05,17,N05,C,NORMAL,4,0.001,RCL172-C002-N01-1,5
6150020,MZ05,18,N01,C,NORMAL,4,0.071,RCL163-C001-N03-1,5
4535017,MZ05,18,N01,C,NORMAL,4,0.004,RCL164-C001-N02-1,5
2320408,MZ05,18,N01,C,NORMAL,4,0.019,RCL167-C004-N01-1,5
2320023,MZ05,18,N01,C,NORMAL,4,0.024,RCL168-C004-N01-1,5
2390013,MZ05,18,N02,C,NORMAL,4,0.031,SIN UBICACIÓN ACTUAL,5
052440112,MZ05,18,N02,C,NORMAL,4,0.014,RCL169-C002-N04-1,5
052450012,MZ05,18,N02,C,NORMAL,4,0.013,RCL170-C003-N02-1,5
052440162,MZ05,18,N02,C,NORMAL,4,0.005,RCL172-C001-N03-1,5
7501200,MZ05,18,N03,C,NORMAL,4,0.002,RCL170-C003-N02-1,5
052440131,MZ05,18,N03,C,NORMAL,4,0.004,RCL170-C001-N01-1,5
052450001,MZ05,18,N03,C,NORMAL,4,0.028,RCL170-C001-N04-1,5
7501124,MZ05,18,N03,C,NORMAL,4,0.018,RCL170-C002-N05-1,5
7501712,MZ05,18,N04,C,NORMAL,4,0.012,RCL174-C003-N05-1,5
2320204,MZ05,18,N04,C,NORMAL,4,0,RCL168-C004-N06-1,5
2320120,MZ05,18,N04,C,NORMAL,4,0.014,RCL168-C004-N04-1,5
2320126,MZ05,18,N04,C,NORMAL,4,0.007,RCL168-C004-N03-1,5
7062211,MZ05,18,N05,C,NORMAL,4,0.003,SIN UBICACIÓN ACTUAL,5
6150017,MZ05,18,N05,C,NORMAL,4,0.007,RCL163-C001-N02-1,5
2330410,MZ05,18,N05,C,NORMAL,4,0,RCL161-C001-N05-1,5
2320027,MZ05,18,N05,C,NORMAL,4,0.012,SIN UBICACIÓN ACTUAL,5
6401029,MZ05,19,N01,C,NORMAL,4,0.005,RCL116-C002-N01-1,5
0460100,MZ05,19,N01,C,NORMAL,4,0.08,RCL115-C004-N03-1,5
0050011,MZ05,19,N01,C,NORMAL,4,0.007,RCL115-C003-N04-1,5
0050007,MZ05,19,N01,C,NORMAL,4,0.747,SIN UBICACIÓN ACTUAL,5
5120458,MZ05,19,N02,C,NORMAL,4,0.037,RCL120-C002-N01-1,5
5120436,MZ05,19,N02,C,NORMAL,4,0.033,RCL120-C002-N05-1,5
5120444,MZ05,19,N02,C,NORMAL,4,0.225,RCL120-C004-N05-1,5
5120447,MZ05,19,N02,C,NORMAL,4,0.135,RCL120-C002-N01-1,5
3003003,MZ05,19,N03,C,NORMAL,4,0.06,RCL119-C003-N01-1,5
5240413,MZ05,19,N03,C,NORMAL,4,0.075,RCL118-C003-N03-1,5
5240406,MZ05,19,N03,C,NORMAL,4,0.057,RCL118-C002-N03-1,5
7060102,MZ05,19,N03,C,NORMAL,4,0.015,SIN UBICACIÓN ACTUAL,5
6095004,MZ05,19,N04,C,NORMAL,4,0.042,RCL116-C002-N02-1,5
7060012,MZ05,19,N04,C,NORMAL,4,0.014,SIN UBICACIÓN ACTUAL,5
6401011,MZ05,19,N04,C,NORMAL,4,0.027,SIN UBICACIÓN ACTUAL,5
6401105,MZ05,19,N04,C,NORMAL,4,0.029,RCL116-C002-N01-1,5
2322010,MZ05,19,N05,C,NORMAL,4,0.36,SIN UBICACIÓN ACTUAL,5
6401017,MZ05,19,N05,C,NORMAL,4,0.022,RCL106-C001-N01-1,5
7501674,MZ05,20,N01,A,NORMAL,82,0.432,RCL173-C003-N03-1,5
0380017,MZ05,20,N01,A,NORMAL,30,0.005,RCL196-C001-N03-1,5
5170011,MZ05,20,N01,A,NORMAL,72,0.076,RCL138-C001-N03-1,5
664558,MZ05,20,N01,A,NORMAL,82,0.387,RCL160-C002-N05-1,5
6104576,MZ05,20,N02,A,NORMAL,84,0.381,RCL131-C002-N03-1,5
7550782,MZ05,20,N02,A,NORMAL,87,0.492,RCL155-C003-N05-1,5
0010075,MZ05,20,N02,A,NORMAL,50,0.024,RCL196-C001-N03-1,5
5170016,MZ05,20,N03,A,NORMAL,81,0.078,RCL141-C001-N03-1,5
0380019,MZ05,20,N03,A,NORMAL,49,0.022,RCL195-C001-N01-1,5
7550732,MZ05,20,N03,A,NORMAL,87,0.797,RCL152-C002-N02-1,5
1520074,MZ05,20,N04,A,NORMAL,84,0.226,RCL107-C004-N03-1,5
7506178,MZ05,20,N04,A,NORMAL,83,0.116,RCL148-C001-N02-1,5
5140040,MZ05,20,N04,A,NORMAL,82,0.153,RCL138-C004-N01-1,5
5240029,MZ05,20,N04,A,NORMAL,83,0.312,RCL141-C002-N04-1,5
032440018,MZ05,20,N05,A,NORMAL,81,0.173,RCL161-C002-N03-1,5
7501733,MZ05,20,N05,A,NORMAL,81,0.369,RCL175-C001-N03-1,5
7090637,MZ05,20,N05,A,NORMAL,81,0.243,RCL156-C001-N03-1,5
023450007,MZ05,20,N05,A,NORMAL,78,0.103,RCL162-C001-N04-1,5
7501125,MZ05,21,N01,A,NORMAL,76,0.848,RCL174-C002-N02-1,5
3265002,MZ05,21,N01,A,NORMAL,56,0.051,RCL195-C002-N01-1,5
500188,MZ05,21,N02,A,NORMAL,81,0.173,RCL108-C001-N04-1,5
8352914,MZ05,21,N02,A,NORMAL,80,0.218,RCL176-C001-N05-1,5
7506196,MZ05,21,N02,A,NORMAL,79,0.201,RCL152-C001-N03-1,5
0610972,MZ05,21,N02,A,NORMAL,79,0.139,RCL189-C004-N04-1,5
7506224,MZ05,21,N03,A,NORMAL,76,0.083,RCL152-C003-N04-1,5
6020458,MZ05,21,N03,A,NORMAL,34,0.01,RCL123-C001-N05-1,5
031260021,MZ05,21,N03,A,NORMAL,78,0.207,RCL168-C002-N03-1,5
0011172,MZ05,21,N03,A,NORMAL,79,0.598,RCL189-C004-N01-1,5
7060125,MZ05,21,N04,A,NORMAL,77,0.139,SIN UBICACIÓN ACTUAL,5
7502466,MZ05,21,N04,A,NORMAL,74,0.104,RCL155-C001-N02-1,5
0200009,MZ05,21,N04,A,NORMAL,78,0.132,RCL194-C003-N03-1,5
500119,MZ05,21,N04,A,NORMAL,77,0.481,RCL133-C001-N05-1,5
033010030,MZ05,21,N05,A,NORMAL,76,0.2,RCL162-C004-N02-1,5
031260038,MZ05,21,N05,A,NORMAL,75,0.52,RCL167-C001-N02-1,5
023450006,MZ05,21,N05,A,NORMAL,74,0.176,RCL162-C001-N04-1,5
0230038,MZ05,21,N05,A,NORMAL,30,0.003,RCL203-C002-N04-1,5
0610150,MZ05,22,N01,A,NORMAL,72,0.127,RCL196-C001-N04-1,5
0420145,MZ05,22,N01,A,NORMAL,37,0.013,RCL195-C001-N03-1,5
7502440,MZ05,22,N01,A,NORMAL,69,0.091,RCL152-C001-N04-1,5
2321534,MZ05,22,N01,A,NORMAL,72,0.67,RCL143-C001-N01-1,5
7060131,MZ05,22,N02,A,NORMAL,71,0.06,RCL117-C001-N01-1,5
878633,MZ05,22,N02,A,NORMAL,75,0.241,RCL160-C003-N02-1,5
0190085,MZ05,22,N02,A,NORMAL,75,0.282,RCL195-C002-N02-1,5
502071,MZ05,22,N02,A,NORMAL,73,0.316,RCL160-C002-N02-1,5
5230101,MZ05,22,N03,A,NORMAL,72,1,RCL139-C001-N03-1,5
1195010,MZ05,22,N04,A,NORMAL,37,0.013,RCL198-C001-N02-1,5
0460135,MZ05,22,N04,A,NORMAL,72,0.662,RCL202-C001-N05-1,5
4535010,MZ05,22,N04,A,NORMAL,72,0.224,RCL165-C001-N03-1,5
7506250,MZ05,22,N05,A,NORMAL,71,0.188,RCL147-C002-N03-1,5
1520073,MZ05,22,N05,A,NORMAL,71,0.143,RCL183-C002-N03-1,5
5140000,MZ05,22,N05,A,NORMAL,70,0.244,RCL138-C003-N03-1,5
7501908,MZ05,22,N05,A,NORMAL,68,0.106,RCL174-C002-N02-1,5
7060130,MZ05,23,N01,A,NORMAL,53,0.042,SIN UBICACIÓN ACTUAL,5
5180015,MZ05,23,N01,A,NORMAL,58,0.398,RCL146-C002-N01-1,5
7501088,MZ05,23,N01,A,NORMAL,58,0.195,RCL173-C002-N02-1,5
2330183,MZ05,23,N01,A,NORMAL,57,0.251,RCL167-C003-N05-1,5
5090100,MZ05,23,N02,A,NORMAL,59,0.224,RCL141-C001-N01-1,5
8706304,MZ05,23,N02,A,NORMAL,61,0.515,RCL161-C001-N04-1,5
5170014,MZ05,23,N02,A,NORMAL,56,0.121,RCL139-C003-N02-1,5
7060209,MZ05,23,N02,A,NORMAL,55,0.036,SIN UBICACIÓN ACTUAL,5
5140031,MZ05,23,N03,A,NORMAL,36,0.017,RCL141-C001-N03-1,5
0510012,MZ05,23,N03,A,NORMAL,56,0.087,RCL202-C002-N03-1,5
6032610,MZ05,23,N03,A,NORMAL,60,0.796,RCL107-C001-N05-1,5
7506405,MZ05,23,N04,A,NORMAL,59,0.307,RCL148-C001-N03-1,5
5180012,MZ05,23,N04,A,NORMAL,59,0.461,RCL141-C001-N04-1,5
4535009,MZ05,23,N04,A,NORMAL,56,0.069,RCL166-C001-N03-1,5
7501679,MZ05,23,N04,A,NORMAL,55,0.035,RCL170-C001-N03-1,5
0440370,MZ05,23,N05,A,NORMAL,57,0.218,RCL196-C002-N03-1,5
5180028,MZ05,23,N05,A,NORMAL,56,0.301,RCL146-C004-N05-1,5
666026,MZ05,23,N05,A,NORMAL,56,0.2,RCL160-C002-N01-1,5
2385125,MZ05,23,N05,A,NORMAL,55,0.168,SIN UBICACIÓN ACTUAL,5
5240022,MZ05,24,CUERPO,A,CUERPO,60,1.759,RCL141-C003-N05-1,1
0300721,MZ05,25,N01,A,NORMAL,46,0.023,RCL196-C001-N04-1,5
0300725,MZ05,25,N01,A,NORMAL,49,0.051,RCL197-C002-N01-1,5
6032614,MZ05,25,N01,A,NORMAL,53,0.823,RCL124-C002-N05-1,5
7501744,MZ05,25,N02,A,NORMAL,50,0.058,RCL172-C001-N01-1,5
5240025,MZ05,25,N02,A,NORMAL,54,0.84,RCL141-C003-N03-1,5
6032673,MZ05,25,N03,A,NORMAL,53,0.608,RCL123-C001-N06-1,5
0570065,MZ05,25,N03,A,NORMAL,53,0.244,RCL201-C002-N02-1,5
7506134,MZ05,25,N03,A,NORMAL,50,0.04,RCL153-C002-N03-1,5
15005001,MZ05,25,N03,A,NORMAL,28,0.006,RCL176-C001-N02-1,5
7506148,MZ05,25,N04,A,NORMAL,47,0.038,RCL153-C003-N01-1,5
7550982,MZ05,25,N04,A,NORMAL,52,0.13,RCL106-C001-N02-1,5
038070019,MZ05,25,N04,A,NORMAL,52,0.299,RCL162-C003-N01-1,5
7506468,MZ05,25,N04,A,NORMAL,53,0.431,SIN UBICACIÓN ACTUAL,5
7040008,MZ05,25,N05,A,NORMAL,52,0.127,RCL129-C001-N02-1,5
032440022,MZ05,25,N05,A,NORMAL,52,0.095,RCL162-C002-N02-1,5
7090639,MZ05,25,N05,A,NORMAL,52,0.466,RCL158-C001-N05-1,5
7502481,MZ05,25,N05,A,NORMAL,52,0.156,RCL152-C003-N04-1,5
6032632,MZ05,26,CUERPO,A,CUERPO,54,1.385,SIN UBICACIÓN ACTUAL,1
3256520,MZ05,27,N01,A,NORMAL,44,0.554,RCL162-C004-N01-1,5
501529,MZ05,27,N01,A,NORMAL,43,0.047,RCL175-C002-N04-1,5
7060253,MZ05,27,N01,A,NORMAL,43,0.037,RCL117-C001-N01-1,5
6020456,MZ05,27,N01,A,NORMAL,43,0.029,RCL123-C001-N04-1,5
7502460,MZ05,27,N02,A,NORMAL,46,0.328,RCL148-C003-N01-1,5
2235105,MZ05,27,N02,A,NORMAL,46,0.18,RCL151-C001-N02-1,5
7090036,MZ05,27,N02,A,NORMAL,45,0.06,RCL149-C002-N03-1,5
0420147,MZ05,27,N02,A,NORMAL,45,0.022,RCL197-C001-N03-1,5
7501215,MZ05,27,N03,A,NORMAL,44,0.048,RCL203-C001-N01-1,5
5090104,MZ05,27,N03,A,NORMAL,45,0.107,RCL139-C003-N03-1,5
0610005,MZ05,27,N03,A,NORMAL,45,0.228,RCL188-C002-N04-1,5
6036800,MZ05,27,N03,A,NORMAL,45,0.502,RCL124-C004-N01-1,5
7601216,MZ05,27,N04,A,NORMAL,45,0.089,RCL155-C001-N01-1,5
7501089,MZ05,27,N04,A,NORMAL,45,0.087,RCL170-C002-N03-1,5
0140030,MZ05,27,N04,A,NORMAL,44,0.022,SIN UBICACIÓN ACTUAL,5
9200150,MZ05,27,N04,A,NORMAL,44,0.496,RCL180-C002-N03-1,5
7090048,MZ05,27,N05,A,NORMAL,43,0.404,RCL148-C001-N01-1,5
0640007,MZ05,27,N05,A,NORMAL,43,0.023,RCL203-C001-N01-1,5
5500161,MZ05,27,N05,A,NORMAL,42,0.179,RCL127-C001-N02-1,5
0050012,MZ05,27,N05,A,NORMAL,42,0.1,RCL115-C002-N05-1,5
5120403,MZ05,28,CUERPO,A,CUERPO,45,1.739,RCL105-C002-N04-1,1
0410001,MZ05,29,N01,A,NORMAL,41,0.103,RCL202-C002-N01-1,5
0585008,MZ05,29,N01,A,NORMAL,41,0.098,RCL201-C002-N01-1,5
7110208,MZ05,29,N01,A,NORMAL,40,0.094,RCL153-C003-N03-1,5
2392307,MZ05,29,N01,A,NORMAL,41,0.105,RCL184-C001-N03-1,5
5180036,MZ05,29,N02,A,NORMAL,41,0.019,RCL139-C002-N03-1,5
7501929,MZ05,29,N02,A,NORMAL,43,0.831,RCL170-C003-N05-1,5
500114,MZ05,29,N02,A,NORMAL,41,0.047,RCL134-C003-N01-1,5
2330192,MZ05,29,N03,A,NORMAL,42,0.248,SIN UBICACIÓN ACTUAL,5
9200331,MZ05,29,N03,A,NORMAL,42,0.089,RCL181-C001-N04-1,5
0650001,MZ05,29,N03,A,NORMAL,41,0.083,RCL197-C001-N04-1,5
6020003,MZ05,29,N03,A,NORMAL,41,0.042,RCL161-C004-N04-1,5
2322001,MZ05,29,N04,A,NORMAL,41,0.11,RCL201-C002-N03-1,5
6032640,MZ05,29,N04,A,NORMAL,41,0.267,RCL122-C001-N03-1,5
5240030,MZ05,29,N04,A,NORMAL,41,0.26,RCL141-C002-N01-1,5
7501716,MZ05,29,N04,A,NORMAL,41,0.109,RCL172-C003-N01-1,5
0230039,MZ05,29,N05,A,NORMAL,40,0.063,RCL197-C001-N04-1,5
3265003,MZ05,29,N05,A,NORMAL,40,0.052,RCL195-C002-N01-1,5
500197,MZ05,29,N05,A,NORMAL,40,0.047,RCL136-C001-N04-1,5
3352046,MZ05,29,N05,A,NORMAL,40,0.037,SIN UBICACIÓN ACTUAL,5
5140043,MZ05,30,CUERPO,A,CUERPO,43,1.481,RCL140-C001-N01-1,1
7062403,MZ05,31,CUERPO,B,CUERPO,17,1.333,SIN UBICACIÓN ACTUAL,1
7550483,MZ06,1,N01,D,NORMAL,1,0.001,SIN UBICACIÓN ACTUAL,5
7500697,MZ06,1,N01,D,NORMAL,1,0.005,RCL174-C003-N04-1,5
052440153,MZ06,1,N01,D,NORMAL,1,0,RCL174-C003-N04-1,5
7551062,MZ06,1,N01,D,NORMAL,1,0.014,RCL174-C003-N03-1,5
7501055,MZ06,1,N02,D,NORMAL,1,0.003,SIN UBICACIÓN ACTUAL,5
52440250,MZ06,1,N02,D,NORMAL,1,0.001,SIN UBICACIÓN ACTUAL,5
7505081,MZ06,1,N02,D,NORMAL,1,0.005,SIN UBICACIÓN ACTUAL,5
7550378,MZ06,1,N02,D,NORMAL,1,0.002,SIN UBICACIÓN ACTUAL,5
7551058,MZ06,1,N03,D,NORMAL,1,0.001,RCL175-C003-N02-1,5
7551057,MZ06,1,N03,D,NORMAL,1,0,RCL175-C003-N01-1,5
7550048,MZ06,1,N03,D,NORMAL,1,0.006,SIN UBICACIÓN ACTUAL,5
501511,MZ06,1,N03,D,NORMAL,1,0.004,RCL175-C002-N04-1,5
52440499,MZ06,1,N04,D,NORMAL,1,0,SIN UBICACIÓN ACTUAL,5
052440211,MZ06,1,N04,D,NORMAL,1,0.002,RCL175-C002-N03-1,5
7550463,MZ06,1,N04,D,NORMAL,1,0.001,SIN UBICACIÓN ACTUAL,5
7551049,MZ06,1,N04,D,NORMAL,1,0.015,RCL175-C002-N01-1,5
052450014,MZ06,1,N05,D,NORMAL,1,0.007,RCL174-C003-N03-1,5
52440450,MZ06,1,N05,D,NORMAL,1,0.007,RCL174-C003-N02-1,5
052440139,MZ06,1,N05,D,NORMAL,1,0.003,RCL174-C003-N02-1,5
7551013,MZ06,1,N05,D,NORMAL,1,0.019,RCL174-C003-N01-1,5
7550374,MZ06,2,N01,D,NORMAL,1,0,SIN UBICACIÓN ACTUAL,5
7550469,MZ06,2,N01,D,NORMAL,1,0.001,SIN UBICACIÓN ACTUAL,5
7550391,MZ06,2,N01,D,NORMAL,1,0.002,SIN UBICACIÓN ACTUAL,5
7500640,MZ06,2,N01,D,NORMAL,1,0.009,RCL174-C001-N01-1,5
7501161,MZ06,2,N02,D,NORMAL,1,0.138,SIN UBICACIÓN ACTUAL,5
52440484,MZ06,2,N02,D,NORMAL,1,0.008,SIN UBICACIÓN ACTUAL,5
052440120,MZ06,2,N02,D,NORMAL,1,0.001,SIN UBICACIÓN ACTUAL,5
7551033,MZ06,2,N02,D,NORMAL,1,0.002,RCL174-C002-N04-1,5
7501923,MZ06,2,N03,D,NORMAL,1,0.011,SIN UBICACIÓN ACTUAL,5
7550467,MZ06,2,N03,D,NORMAL,1,0.005,SIN UBICACIÓN ACTUAL,5
7550471,MZ06,2,N03,D,NORMAL,1,0,SIN UBICACIÓN ACTUAL,5
7501675,MZ06,2,N03,D,NORMAL,1,0.01,RCL174-C002-N03-1,5
052440122,MZ06,2,N04,D,NORMAL,1,0.004,SIN UBICACIÓN ACTUAL,5
052440113,MZ06,2,N04,D,NORMAL,1,0.002,RCL174-C001-N04-1,5
052440119,MZ06,2,N04,D,NORMAL,1,0.002,SIN UBICACIÓN ACTUAL,5
7550478,MZ06,2,N04,D,NORMAL,1,0.001,SIN UBICACIÓN ACTUAL,5
7550476,MZ06,2,N05,D,NORMAL,1,0.001,SIN UBICACIÓN ACTUAL,5
7550474,MZ06,2,N05,D,NORMAL,1,0,SIN UBICACIÓN ACTUAL,5
7550484,MZ06,2,N05,D,NORMAL,1,0,SIN UBICACIÓN ACTUAL,5
7551071,MZ06,2,N05,D,NORMAL,1,0.026,SIN UBICACIÓN ACTUAL,5
5700310,MZ06,3,N01,D,NORMAL,1,0.006,SIN UBICACIÓN ACTUAL,5
961947,MZ06,3,N01,D,NORMAL,1,0.003,RCL160-C003-N04-1,5
2330408,MZ06,3,N01,D,NORMAL,1,0.009,RCL161-C001-N02-1,5
38070034,MZ06,3,N01,D,NORMAL,1,0.003,RCL161-C002-N01-1,5
2330409,MZ06,3,N02,D,NORMAL,1,0.003,RCL168-C004-N05-1,5
2320028,MZ06,3,N02,D,NORMAL,1,0.003,RCL168-C004-N05-1,5
2320205,MZ06,3,N02,D,NORMAL,1,0,RCL168-C004-N05-1,5
2320207,MZ06,3,N02,D,NORMAL,1,0,RCL168-C004-N02-1,5
6150029,MZ06,3,N03,D,NORMAL,1,0.006,RCL164-C001-N01-1,5
8707104,MZ06,3,N03,D,NORMAL,1,0.007,RCL167-C002-N01-1,5
035940006,MZ06,3,N03,D,NORMAL,1,0.334,RCL167-C002-N04-1,5
3300210,MZ06,3,N03,D,NORMAL,1,0.002,SIN UBICACIÓN ACTUAL,5
8671021,MZ06,3,N04,D,NORMAL,1,0.001,RCL164-C001-N01-1,5
GA016703AV,MZ06,3,N04,D,NORMAL,1,0.036,RCL163-C001-N03-1,5
2320400,MZ06,3,N04,D,NORMAL,1,0.033,SIN UBICACIÓN ACTUAL,5
2320404,MZ06,3,N04,D,NORMAL,1,0.035,SIN UBICACIÓN ACTUAL,5
961944,MZ06,3,N05,D,NORMAL,1,0.023,RCL159-C003-N02-1,5
961942,MZ06,3,N05,D,NORMAL,1,0.02,RCL159-C003-N02-1,5
2385003,MZ06,3,N05,D,NORMAL,1,0.023,SIN UBICACIÓN ACTUAL,5
7500910,MZ06,3,N05,D,NORMAL,1,0.053,SIN UBICACIÓN ACTUAL,5
2321020,MZ06,4,CUERPO,D,CUERPO,1,1.837,SIN UBICACIÓN ACTUAL,1
7500533,MZ06,5,N01,D,NORMAL,1,0.011,RCL134-C004-N03-1,5
7500531,MZ06,5,N01,D,NORMAL,1,0.005,RCL134-C004-N04-1,5
7500530,MZ06,5,N01,D,NORMAL,1,0.011,RCL134-C004-N04-1,5
7500519,MZ06,5,N01,D,NORMAL,1,0.11,RCL134-C004-N04-1,5
5203111,MZ06,5,N02,D,NORMAL,1,0.127,RCL146-C004-N01-1,5
7041505,MZ06,5,N02,D,NORMAL,1,0.236,RCL145-C001-N04-1,5
13049,MZ06,5,N02,D,NORMAL,1,0.006,RCL145-C001-N02-1,5
ECAM001,MZ06,5,N02,D,NORMAL,1,0.089,RCL145-C001-N01-1,5
7040311,MZ06,5,N03,D,NORMAL,1,0.038,RCL145-C001-N01-1,5
500164,MZ06,5,N03,D,NORMAL,1,0.001,RCL136-C001-N04-1,5
7041947,MZ06,5,N03,D,NORMAL,1,0.027,RCL137-C001-N04-1,5
7040306,MZ06,5,N03,D,NORMAL,1,0.01,RCL144-C001-N05-1,5
7550008,MZ06,5,N04,D,NORMAL,1,0.005,RCL136-C001-N03-1,5
7550044,MZ06,5,N04,D,NORMAL,1,0.003,RCL135-C001-N05-1,5
500150,MZ06,5,N04,D,NORMAL,1,0.039,RCL135-C001-N04-1,5
7503067,MZ06,5,N04,D,NORMAL,1,0.005,RCL135-C001-N01-1,5
7500517,MZ06,5,N05,D,NORMAL,1,0.007,RCL134-C004-N02-1,5
7500515,MZ06,5,N05,D,NORMAL,1,0.005,RCL134-C004-N03-1,5
7500543,MZ06,5,N05,D,NORMAL,1,0.003,RCL134-C004-N03-1,5
7500535,MZ06,5,N05,D,NORMAL,1,0.014,RCL134-C004-N02-1,5
7550642,MZ06,6,N01,D,NORMAL,1,0.042,RCL125-C003-N04-1,5
7550658,MZ06,6,N01,D,NORMAL,1,0.005,RCL125-C002-N04-1,5
7550655,MZ06,6,N01,D,NORMAL,1,0.016,RCL125-C002-N02-1,5
6020454,MZ06,6,N01,D,NORMAL,1,0.002,RCL122-C001-N02-1,5
7550811,MZ06,6,N02,D,NORMAL,1,0.006,RCL134-C003-N01-1,5
7500528,MZ06,6,N02,D,NORMAL,1,0.14,RCL134-C004-N01-1,5
7550103,MZ06,6,N02,D,NORMAL,1,0.076,SIN UBICACIÓN ACTUAL,5
7500510,MZ06,6,N02,D,NORMAL,1,0.004,RCL134-C004-N02-1,5
500145,MZ06,6,N03,D,NORMAL,1,0.002,RCL134-C003-N01-1,5
500304,MZ06,6,N03,D,NORMAL,1,0.007,RCL134-C002-N01-1,5
500193,MZ06,6,N03,D,NORMAL,1,0.008,RCL134-C001-N03-1,5
5120603,MZ06,6,N03,D,NORMAL,1,0.022,RCL131-C001-N03-1,5
5502281,MZ06,6,N04,D,NORMAL,1,0.007,SIN UBICACIÓN ACTUAL,5
5502187,MZ06,6,N04,D,NORMAL,1,0.128,RCL127-C004-N04-1,5
5502189,MZ06,6,N04,D,NORMAL,1,0.088,RCL127-C003-N05-1,5
5500155,MZ06,6,N04,D,NORMAL,1,0.149,RCL126-C001-N01-1,5
6036804,MZ06,6,N05,D,NORMAL,1,0.032,RCL122-C001-N01-1,5
5120440,MZ06,6,N05,D,NORMAL,1,0.011,RCL120-C004-N03-1,5
5120413,MZ06,6,N05,D,NORMAL,1,0.066,RCL120-C004-N01-1,5
5120439,MZ06,6,N05,D,NORMAL,1,0.069,RCL120-C003-N04-1,5
5120532,MZ06,7,CUERPO,D,CUERPO,1,1.525,RCL119-C001-N04-1,1
0560101,MZ06,8,N01,D,NORMAL,1,0.075,RCL115-C003-N02-1,5
0420200,MZ06,8,N01,D,NORMAL,1,0.11,RCL115-C003-N02-1,5
8670000,MZ06,8,N01,D,NORMAL,1,0.027,RCL115-C003-N03-1,5
0050006,MZ06,8,N01,D,NORMAL,1,0.02,SIN UBICACIÓN ACTUAL,5
7060108,MZ06,8,N02,D,NORMAL,1,0.006,RCL117-C003-N01-1,5
7060123,MZ06,8,N02,D,NORMAL,1,0.013,RCL117-C002-N04-1,5
7060246,MZ06,8,N02,D,NORMAL,1,0.029,RCL117-C002-N02-1,5
7060030,MZ06,8,N02,D,NORMAL,1,0.026,RCL116-C003-N03-1,5
7550911,MZ06,8,N03,D,NORMAL,1,0,RCL116-C003-N03-1,5
7060007,MZ06,8,N03,D,NORMAL,1,0.006,RCL116-C003-N02-1,5
7060051,MZ06,8,N03,D,NORMAL,1,0.06,RCL116-C003-N02-1,5
7060022,MZ06,8,N03,D,NORMAL,1,0.061,RCL116-C003-N02-1,5
6401002,MZ06,8,N04,D,NORMAL,1,0.271,RCL116-C002-N01-1,5
0050002,MZ06,8,N04,D,NORMAL,1,0.035,RCL115-C004-N05-1,5
3349010,MZ06,8,N04,D,NORMAL,1,0.103,RCL115-C004-N04-1,5
0510010,MZ06,8,N04,D,NORMAL,1,0.489,RCL115-C003-N04-1,5
7060226,MZ06,8,N05,D,NORMAL,1,0.039,RCL114-C002-N03-1,5
3080000,MZ06,8,N05,D,NORMAL,1,0.127,SIN UBICACIÓN ACTUAL,5
2505023575,MZ06,8,N05,D,NORMAL,1,0.008,RCL115-C002-N01-1,5
7501077,MZ06,8,N05,D,NORMAL,1,0.195,RCL114-C004-N05-1,5
7599004,MZ06,10,N01,C,NORMAL,6,0.001,SIN UBICACIÓN ACTUAL,5
9200121,MZ06,10,N01,C,NORMAL,6,0.001,RCL181-C004-N04-1,5
9200305,MZ06,10,N01,C,NORMAL,6,0.428,RCL181-C003-N03-1,5
9200163,MZ06,10,N01,C,NORMAL,6,0.003,RCL180-C004-N02-1,5
0011162,MZ06,10,N02,C,NORMAL,6,0.004,SIN UBICACIÓN ACTUAL,5
2321537,MZ06,10,N02,C,NORMAL,6,0.002,SIN UBICACIÓN ACTUAL,5
9111395,MZ06,10,N02,C,NORMAL,6,0,RCL187-C002-N04-1,5
0011164,MZ06,10,N02,C,NORMAL,6,0.045,RCL187-C003-N04-1,5
9111501,MZ06,10,N03,C,NORMAL,6,0.597,RCL186-C003-N04-1,5
2352030,MZ06,10,N03,C,NORMAL,6,0.017,RCL185-C001-N01-1,5
2392399,MZ06,10,N03,C,NORMAL,6,0.003,RCL184-C001-N03-1,5
2392346,MZ06,10,N03,C,NORMAL,6,0.006,RCL184-C001-N02-1,5
01754550,MZ06,10,N04,C,NORMAL,6,0.002,RCL182-C003-N05-1,5
0126013,MZ06,10,N04,C,NORMAL,6,0.035,SIN UBICACIÓN ACTUAL,5
0522001,MZ06,10,N04,C,NORMAL,6,0.018,RCL183-C001-N04-1,5
0572001,MZ06,10,N04,C,NORMAL,6,0.002,RCL182-C002-N02-1,5
9200226,MZ06,10,N05,C,NORMAL,6,0.034,RCL180-C003-N05-1,5
9200181,MZ06,10,N05,C,NORMAL,6,0.025,RCL180-C001-N05-1,5
9200247,MZ06,10,N05,C,NORMAL,6,0.012,RCL180-C001-N03-1,5
2392375,MZ06,10,N05,C,NORMAL,6,0.001,RCL179-C001-N02-1,5
7550759,MZ06,11,N01,C,NORMAL,6,0.007,RCL152-C004-N05-1,5
9041822,MZ06,11,N01,C,NORMAL,6,0.009,RCL152-C004-N03-1,5
7507036,MZ06,11,N01,C,NORMAL,6,0.041,RCL152-C004-N03-1,5
7507208,MZ06,11,N01,C,NORMAL,6,0.056,RCL152-C004-N04-1,5
1109035,MZ06,11,N02,C,NORMAL,6,0.003,RCL174-C003-N04-1,5
2392379,MZ06,11,N02,C,NORMAL,6,0.005,RCL178-C001-N03-1,5
2392403,MZ06,11,N02,C,NORMAL,6,0.003,RCL178-C001-N03-1,5
2352325,MZ06,11,N02,C,NORMAL,6,0.02,SIN UBICACIÓN ACTUAL,5
7501950,MZ06,11,N03,C,NORMAL,6,0.023,RCL172-C002-N03-1,5
2321910,MZ06,11,N03,C,NORMAL,6,0.267,RCL161-C001-N03-1,5
3300307,MZ06,11,N03,C,NORMAL,6,0.011,RCL167-C003-N04-1,5
2320021,MZ06,11,N03,C,NORMAL,6,0.006,RCL168-C004-N05-1,5
2330330,MZ06,11,N04,C,NORMAL,6,0.014,SIN UBICACIÓN ACTUAL,5
961948,MZ06,11,N04,C,NORMAL,6,0.059,RCL160-C001-N01-1,5
7506838,MZ06,11,N04,C,NORMAL,6,0.002,RCL153-C004-N04-1,5
7506050,MZ06,11,N04,C,NORMAL,6,0.063,RCL153-C004-N02-1,5
7506071,MZ06,11,N05,C,NORMAL,6,0.004,RCL152-C004-N03-1,5
7506150,MZ06,11,N05,C,NORMAL,6,0.014,SIN UBICACIÓN ACTUAL,5
7041101,MZ06,11,N05,C,NORMAL,6,0.029,RCL152-C002-N01-1,5
7041074,MZ06,11,N05,C,NORMAL,6,0.014,RCL152-C002-N01-1,5
9111069,MZ06,12,N01,C,NORMAL,5,0,RCL195-C004-N03-1,5
2610020211,MZ06,12,N01,C,NORMAL,5,0,SIN UBICACIÓN ACTUAL,5
0560023,MZ06,12,N01,C,NORMAL,5,0.001,RCL195-C004-N07-1,5
0420099,MZ06,12,N01,C,NORMAL,5,0.002,SIN UBICACIÓN ACTUAL,5
5170509,MZ06,12,N02,C,NORMAL,6,0.017,RCL118-C001-N02-1,5
6401028,MZ06,12,N02,C,NORMAL,6,0.044,RCL116-C002-N04-1,5
6401021,MZ06,12,N02,C,NORMAL,6,0.103,RCL116-C002-N02-1,5
6401103,MZ06,12,N02,C,NORMAL,6,0.04,SIN UBICACIÓN ACTUAL,5
1210422,MZ06,12,N03,C,NORMAL,5,0.142,RCL200-C001-N03-1,5
0998010,MZ06,12,N03,C,NORMAL,5,0.033,RCL201-C001-N02-1,5
0380026,MZ06,12,N03,C,NORMAL,5,0.021,RCL202-C001-N02-1,5
0050014,MZ06,12,N03,C,NORMAL,6,0.013,RCL115-C002-N05-1,5
1205006,MZ06,12,N04,C,NORMAL,5,0.041,RCL200-C001-N02-1,5
1205002,MZ06,12,N04,C,NORMAL,5,0.004,RCL200-C001-N02-1,5
3352070,MZ06,12,N04,C,NORMAL,5,0.006,RCL199-C001-N03-1,5
0130025,MZ06,12,N04,C,NORMAL,5,0.001,RCL197-C002-N03-1,5
9111247,MZ06,12,N05,C,NORMAL,5,0.001,RCL195-C004-N01-1,5
0420029,MZ06,12,N05,C,NORMAL,5,0.001,RCL195-C003-N06-1,5
2610020213,MZ06,12,N05,C,NORMAL,5,0.001,RCL195-C003-N05-1 / RCL195-C004-N08-1,5
9111374,MZ06,12,N05,C,NORMAL,5,0,SIN UBICACIÓN ACTUAL,5
10250000,MZ06,13,N01,C,NORMAL,5,0.003,RCL191-C001-N01-1,5
1700096,MZ06,13,N01,C,NORMAL,5,0.001,RCL189-C002-N04-1,5
1190102,MZ06,13,N01,C,NORMAL,5,0.001,RCL190-C001-N01-1,5
0709088,MZ06,13,N01,C,NORMAL,5,0.006,RCL190-C001-N01-1,5
9111007,MZ06,13,N02,C,NORMAL,5,0,RCL195-C003-N01-1,5
9111308,MZ06,13,N02,C,NORMAL,5,0.001,RCL195-C003-N02-1,5
0420085,MZ06,13,N02,C,NORMAL,5,0.004,RCL195-C003-N01-1,5
92110151,MZ06,13,N02,C,NORMAL,5,0.001,RCL195-C003-N01-1,5
0420113,MZ06,13,N03,C,NORMAL,5,0.001,SIN UBICACIÓN ACTUAL,5
0420121,MZ06,13,N03,C,NORMAL,5,0.001,SIN UBICACIÓN ACTUAL,5
0420089,MZ06,13,N03,C,NORMAL,5,0.001,SIN UBICACIÓN ACTUAL,5
9130209,MZ06,13,N03,C,NORMAL,5,0.001,RCL194-C004-N04-1,5
3352082,MZ06,13,N04,C,NORMAL,5,0.033,RCL193-C001-N04-1,5
7002013,MZ06,13,N04,C,NORMAL,5,0.021,RCL193-C001-N04-1,5
0709324,MZ06,13,N04,C,NORMAL,5,0.001,RCL191-C001-N04-1,5
0709067,MZ06,13,N04,C,NORMAL,5,0.006,RCL191-C001-N02-1,5
0585305,MZ06,13,N05,C,NORMAL,5,0.072,RCL188-C002-N03-1,5
92110571,MZ06,13,N05,C,NORMAL,5,0.001,SIN UBICACIÓN ACTUAL,5
9111320,MZ06,13,N05,C,NORMAL,5,0.001,RCL187-C004-N02-1,5
0011157,MZ06,13,N05,C,NORMAL,5,0.003,RCL187-C003-N05-1,5
5240021,MZ06,14,N01,C,NORMAL,5,0.03,RCL146-C003-N01-1,5
7550818,MZ06,14,N01,C,NORMAL,5,0.04,RCL147-C001-N05-1,5
7507051,MZ06,14,N01,C,NORMAL,5,0.002,RCL147-C002-N04-1,5
7506306,MZ06,14,N01,C,NORMAL,5,0.19,RCL148-C003-N04-1,5
2320026,MZ06,14,N02,C,NORMAL,5,0.012,RCL168-C004-N04-1,5
2320024,MZ06,14,N02,C,NORMAL,5,0.024,RCL168-C004-N03-1,5
7062110,MZ06,14,N02,C,NORMAL,5,0.392,RCL168-C003-N01-1,5
961924,MZ06,14,N02,C,NORMAL,5,0.004,RCL160-C001-N04-1,5
7506062,MZ06,14,N03,C,NORMAL,5,0.002,RCL152-C004-N01-1,5
7506073,MZ06,14,N03,C,NORMAL,5,0.007,SIN UBICACIÓN ACTUAL,5
7502472,MZ06,14,N03,C,NORMAL,5,0.333,RCL153-C002-N03-1,5
1109001,MZ06,14,N03,C,NORMAL,5,0.038,RCL160-C001-N01-1,5
7502444,MZ06,14,N04,C,NORMAL,5,0.104,RCL149-C002-N01-1,5
7550780,MZ06,14,N04,C,NORMAL,5,0.066,RCL149-C001-N01-1,5
7506842,MZ06,14,N04,C,NORMAL,5,0.001,RCL148-C004-N02-1,5
7506860,MZ06,14,N04,C,NORMAL,5,0.003,RCL148-C003-N04-1,5
5240028,MZ06,14,N05,C,NORMAL,5,0.133,RCL138-C003-N01-1,5
3018020,MZ06,14,N05,C,NORMAL,5,0.022,RCL137-C001-N04-1,5
3018115,MZ06,14,N05,C,NORMAL,5,0,SIN UBICACIÓN ACTUAL,5
7500504,MZ06,14,N05,C,NORMAL,5,0.015,RCL143-C001-N05-1,5
5170515,MZ06,15,N01,C,NORMAL,5,0.003,RCL118-C001-N04-1,5
7060243,MZ06,15,N01,C,NORMAL,5,0.007,RCL117-C001-N01-1,5
7060235,MZ06,15,N01,C,NORMAL,5,0.047,RCL117-C001-N05-1,5
5180400,MZ06,15,N01,C,NORMAL,5,0.008,RCL118-C001-N01-1,5
6104566,MZ06,15,N02,C,NORMAL,5,0.007,RCL131-C001-N01-1,5
6101508,MZ06,15,N02,C,NORMAL,5,0.001,RCL131-C004-N03-1,5
3525203,MZ06,15,N02,C,NORMAL,5,0.042,RCL131-C002-N05-1,5
6100260,MZ06,15,N02,C,NORMAL,5,0.007,RCL131-C002-N02-1,5
6020400,MZ06,15,N03,C,NORMAL,5,0,RCL125-C004-N04-1,5
5120462,MZ06,15,N03,C,NORMAL,5,0.022,RCL120-C003-N02-1,5
6010023,MZ06,15,N03,C,NORMAL,5,0.004,RCL123-C001-N03-1,5
6032602,MZ06,15,N03,C,NORMAL,5,0.042,RCL124-C004-N04-1,5
5120453,MZ06,15,N04,C,NORMAL,5,0.043,RCL120-C002-N03-1,5
5120464,MZ06,15,N04,C,NORMAL,5,0.085,RCL119-C001-N05-1,5
5180404,MZ06,15,N04,C,NORMAL,5,0.022,RCL118-C001-N05-1,5
5240410,MZ06,15,N04,C,NORMAL,5,0.114,RCL118-C001-N04-1,5
9203200,MZ06,15,N05,C,NORMAL,5,0.111,RCL116-C004-N04-1,5
7060029,MZ06,15,N05,C,NORMAL,5,0,RCL116-C003-N02-1,5
6010110,MZ06,15,N05,C,NORMAL,5,0.111,RCL116-C002-N03-1,5
6401010,MZ06,15,N05,C,NORMAL,5,0.024,RCL116-C002-N03-1,5
9100089,MZ06,16,N01,C,NORMAL,4,0.009,RCL190-C001-N02-1,5
17093215,MZ06,16,N01,C,NORMAL,4,0.014,RCL190-C001-N03-1,5
1141056,MZ06,16,N01,C,NORMAL,4,0.01,RCL191-C001-N03-1,5
0190051,MZ06,16,N01,C,NORMAL,4,0.049,RCL191-C001-N04-1,5
0420035,MZ06,16,N02,C,NORMAL,4,0.001,SIN UBICACIÓN ACTUAL,5
9111349,MZ06,16,N02,C,NORMAL,4,0.002,RCL194-C004-N04-1,5
9130244,MZ06,16,N02,C,NORMAL,4,0,RCL194-C004-N04-1,5
9130247,MZ06,16,N02,C,NORMAL,4,0.003,RCL194-C004-N03-1,5
8705002,MZ06,16,N03,C,NORMAL,4,0.06,RCL193-C001-N03-1,5
92110146,MZ06,16,N03,C,NORMAL,4,0.001,RCL194-C004-N01-1,5
2610020216,MZ06,16,N03,C,NORMAL,4,0.001,RCL194-C004-N02-1 / RCL194-C004-N08-1,5
9130241,MZ06,16,N03,C,NORMAL,4,0.001,RCL194-C004-N02-1,5
7002017,MZ06,16,N04,C,NORMAL,4,0.035,RCL193-C001-N02-1,5
5009031,MZ06,16,N04,C,NORMAL,4,0.034,RCL193-C001-N02-1,5
7002015,MZ06,16,N04,C,NORMAL,4,0.034,RCL193-C001-N01-1,5
0707021,MZ06,16,N04,C,NORMAL,4,0.017,SIN UBICACIÓN ACTUAL,5
0709117,MZ06,16,N05,C,NORMAL,4,0.004,RCL190-C001-N02-1,5
07013773,MZ06,16,N05,C,NORMAL,4,0.024,RCL190-C001-N01-1,5
0709326,MZ06,16,N05,C,NORMAL,4,0.01,RCL190-C001-N01-1,5
0420010,MZ06,16,N05,C,NORMAL,4,0.02,RCL189-C004-N05-1,5
92110626,MZ06,17,N01,C,NORMAL,4,0.007,SIN UBICACIÓN ACTUAL,5
2392348,MZ06,17,N01,C,NORMAL,4,0.016,RCL185-C001-N04-1,5
9111307,MZ06,17,N01,C,NORMAL,4,0.009,RCL187-C001-N03-1,5
9111499,MZ06,17,N01,C,NORMAL,4,0.003,RCL187-C003-N01-1,5
1700143,MZ06,17,N02,C,NORMAL,4,0.013,RCL189-C002-N04-1,5
1700138,MZ06,17,N02,C,NORMAL,4,0.043,RCL189-C003-N02-1,5
1700134,MZ06,17,N02,C,NORMAL,4,0.007,RCL189-C003-N01-1,5
1700135,MZ06,17,N02,C,NORMAL,4,0.006,RCL189-C003-N01-1,5
1700098,MZ06,17,N03,C,NORMAL,4,0.017,RCL189-C002-N03-1,5
92110628,MZ06,17,N03,C,NORMAL,4,0.004,SIN UBICACIÓN ACTUAL,5
0490023,MZ06,17,N03,C,NORMAL,4,0.002,RCL189-C001-N04-1,5
9211233,MZ06,17,N03,C,NORMAL,4,0.012,RCL189-C001-N05-1,5
0010776,MZ06,17,N04,C,NORMAL,4,0.017,RCL188-C002-N02-1,5
0610967,MZ06,17,N04,C,NORMAL,4,0.004,RCL188-C002-N02-1,5
92110610,MZ06,17,N04,C,NORMAL,4,0.007,RCL187-C004-N04-1,5
2321539,MZ06,17,N04,C,NORMAL,4,0.008,RCL187-C003-N04-1,5
2392339,MZ06,17,N05,C,NORMAL,4,0.021,RCL185-C001-N03-1,5
2392335,MZ06,17,N05,C,NORMAL,4,0.002,RCL184-C001-N02-1,5
0524020,MZ06,17,N05,C,NORMAL,4,0.001,SIN UBICACIÓN ACTUAL,5
0506168,MZ06,17,N05,C,NORMAL,4,0.003,RCL183-C002-N01-1,5
9041810,MZ06,18,N01,C,NORMAL,4,0.007,RCL148-C003-N02-1,5
7506828,MZ06,18,N01,C,NORMAL,4,0.001,RCL148-C003-N04-1,5
7110200,MZ06,18,N01,C,NORMAL,4,0.3,RCL149-C001-N01-1,5
7171302,MZ06,18,N01,C,NORMAL,4,0.056,RCL149-C002-N03-1,5
1109003,MZ06,18,N02,C,NORMAL,4,0.036,RCL160-C003-N02-1,5
961913,MZ06,18,N02,C,NORMAL,4,0.022,RCL160-C001-N03-1,5
7054531,MZ06,18,N02,C,NORMAL,4,0.028,RCL157-C001-N02-1,5
7506284,MZ06,18,N02,C,NORMAL,4,0.003,RCL155-C003-N01-1,5
7506919,MZ06,18,N03,C,NORMAL,4,0.003,RCL152-C004-N01-1,5
7507100,MZ06,18,N03,C,NORMAL,4,0.004,SIN UBICACIÓN ACTUAL,5
7506500,MZ06,18,N03,C,NORMAL,4,0.005,SIN UBICACIÓN ACTUAL,5
7506433,MZ06,18,N03,C,NORMAL,4,0.139,RCL155-C002-N02-1,5
7502476,MZ06,18,N04,C,NORMAL,4,0.354,RCL152-C002-N03-1,5
7506386,MZ06,18,N04,C,NORMAL,4,0.249,RCL152-C001-N01-1,5
7506854,MZ06,18,N04,C,NORMAL,4,0.004,RCL149-C004-N04-1,5
7506506,MZ06,18,N04,C,NORMAL,4,0.014,RCL149-C004-N02-1,5
7507210,MZ06,18,N05,C,NORMAL,4,0.012,RCL147-C004-N04-1,5
7507204,MZ06,18,N05,C,NORMAL,4,0.003,SIN UBICACIÓN ACTUAL,5
7507034,MZ06,18,N05,C,NORMAL,4,0.047,SIN UBICACIÓN ACTUAL,5
5090101,MZ06,18,N05,C,NORMAL,4,0.1,RCL146-C004-N03-1,5
5003460,MZ06,19,N01,C,NORMAL,4,0.085,RCL132-C001-N02-1,5
6100261,MZ06,19,N01,C,NORMAL,4,0,RCL131-C004-N03-1,5
5500156,MZ06,19,N01,C,NORMAL,4,0.1,RCL131-C003-N03-1,5
5120604,MZ06,19,N01,C,NORMAL,4,0.028,RCL131-C001-N03-1,5
5240032,MZ06,19,N02,C,NORMAL,4,0.058,RCL139-C002-N02-1,5
7040313,MZ06,19,N02,C,NORMAL,4,0.035,RCL145-C001-N03-1,5
7041508,MZ06,19,N02,C,NORMAL,4,0.215,RCL145-C001-N01-1,5
5140028,MZ06,19,N02,C,NORMAL,4,0.01,RCL146-C001-N01-1,5
500192,MZ06,19,N03,C,NORMAL,4,0.03,RCL135-C001-N06-1,5
500497,MZ06,19,N03,C,NORMAL,4,0.011,RCL135-C001-N01-1,5
7500538,MZ06,19,N03,C,NORMAL,4,0.003,RCL134-C004-N03-1,5
7500532,MZ06,19,N03,C,NORMAL,4,0.003,RCL134-C004-N02-1,5
6101519,MZ06,19,N04,C,NORMAL,4,0.02,RCL132-C004-N02-1,5
7500516,MZ06,19,N04,C,NORMAL,4,0.002,RCL134-C004-N01-1,5
500144,MZ06,19,N04,C,NORMAL,4,0.013,RCL134-C003-N04-1,5
5502608,MZ06,19,N04,C,NORMAL,4,0.001,RCL132-C004-N02-1,5
7040013,MZ06,19,N05,C,NORMAL,4,0.047,RCL129-C001-N01-1,5
6032006,MZ06,19,N05,C,NORMAL,4,0.072,RCL125-C004-N03-1,5
6010024,MZ06,19,N05,C,NORMAL,4,0.005,RCL124-C001-N02-1,5
5120445,MZ06,19,N05,C,NORMAL,4,0.059,RCL121-C001-N03-1,5
92110228,MZ06,20,CUERPO,A,CUERPO,86,1.673,RCL143-C001-N02-1,1
7090041,MZ06,21,CUERPO,A,CUERPO,83,1.467,SIN UBICACIÓN ACTUAL,1
7506401,MZ06,22,N01,A,NORMAL,66,0.199,RCL153-C003-N05-1,5
7506247,MZ06,22,N01,A,NORMAL,65,0.28,RCL152-C003-N04-1,5
5240036,MZ06,22,N01,A,NORMAL,65,0.25,RCL141-C002-N01-1,5
5140050,MZ06,22,N01,A,NORMAL,64,0.079,RCL139-C002-N01-1,5
0230037,MZ06,22,N02,A,NORMAL,28,0.008,RCL201-C002-N05-1,5
45357933,MZ06,22,N02,A,NORMAL,68,0.07,RCL165-C001-N04-1,5
2352002,MZ06,22,N02,A,NORMAL,64,0.059,RCL159-C001-N04-1,5
5180060,MZ06,22,N02,A,NORMAL,69,0.763,RCL146-C003-N04-1,5
7501918,MZ06,22,N03,A,NORMAL,68,0.21,RCL170-C002-N01-1,5
5180006,MZ06,22,N03,A,NORMAL,67,0.462,RCL138-C002-N01-1,5
7171326,MZ06,22,N03,A,NORMAL,67,0.209,RCL152-C001-N04-1,5
7090010,MZ06,22,N03,A,NORMAL,47,0.019,RCL147-C002-N04-1,5
6100162,MZ06,22,N04,A,NORMAL,65,0.073,RCL132-C004-N02-1,5
2321035,MZ06,22,N04,A,NORMAL,67,0.514,RCL203-C002-N02-1,5
032440017,MZ06,22,N04,A,NORMAL,66,0.261,RCL162-C002-N02-1,5
0300723,MZ06,22,N04,A,NORMAL,56,0.032,RCL196-C001-N03-1,5
5180061,MZ06,22,N05,A,NORMAL,64,0.257,RCL138-C002-N03-1,5
5140010,MZ06,22,N05,A,NORMAL,64,0.233,RCL146-C004-N02-1,5
2380005,MZ06,22,N05,A,NORMAL,64,0.208,RCL179-C001-N05-1,5
5140026,MZ06,22,N05,A,NORMAL,64,0.148,RCL139-C001-N01-1,5
0010058,MZ06,23,N01,A,NORMAL,46,0.022,RCL196-C002-N03-1,5
5140006,MZ06,23,N01,A,NORMAL,62,0.822,RCL141-C001-N05-1,5
7506220,MZ06,23,N01,A,NORMAL,57,0.056,RCL155-C002-N02-1,5
031260022,MZ06,23,N02,A,NORMAL,62,0.138,RCL167-C003-N03-1,5
0560015,MZ06,23,N02,A,NORMAL,64,0.268,RCL197-C002-N02-1,5
5180011,MZ06,23,N02,A,NORMAL,63,0.353,RCL138-C001-N01-1,5
7500709,MZ06,23,N02,A,NORMAL,64,0.118,RCL175-C003-N01-1,5
1500500,MZ06,23,N03,A,NORMAL,63,0.789,RCL176-C001-N04-1,5
0190084,MZ06,23,N03,A,NORMAL,60,0.105,RCL203-C002-N01-1,5
1195020,MZ06,23,N03,A,NORMAL,28,0.005,RCL198-C001-N01-1,5
7501740,MZ06,23,N04,A,NORMAL,61,0.283,RCL170-C003-N04-1,5
7501912,MZ06,23,N04,A,NORMAL,63,0.208,RCL170-C001-N03-1,5
7506377,MZ06,23,N04,A,NORMAL,62,0.209,RCL149-C002-N04-1,5
7506423,MZ06,23,N04,A,NORMAL,58,0.16,RCL149-C002-N01-1,5
7040003,MZ06,23,N05,A,NORMAL,62,0.641,RCL129-C001-N04-1,5
2385006,MZ06,23,N05,A,NORMAL,60,0.241,RCL160-C001-N02-1,5
0010072,MZ06,23,N05,A,NORMAL,39,0.017,RCL194-C001-N02-1,5
7507059,MZ06,24,CUERPO,A,CUERPO,56,2.193,RCL153-C004-N02-1,1
38070030,MZ06,25,N01,A,NORMAL,54,0.067,RCL167-C002-N02-1,5
7506428,MZ06,25,N01,A,NORMAL,55,0.333,RCL144-C001-N01-1,5
023450004,MZ06,25,N01,A,NORMAL,55,0.319,RCL162-C001-N04-1,5
2321050,MZ06,25,N01,A,NORMAL,54,0.13,RCL197-C002-N03-1,5
7110209,MZ06,25,N02,A,NORMAL,56,0.834,RCL147-C003-N05-1,5
2322002,MZ06,25,N02,A,NORMAL,51,0.052,RCL202-C001-N01-1,5
0570068,MZ06,25,N02,A,NORMAL,32,0.011,RCL194-C001-N05-1,5
7062413,MZ06,25,N03,A,NORMAL,55,0.084,RCL147-C001-N01-1,5
7501768,MZ06,25,N03,A,NORMAL,55,0.204,RCL173-C001-N03-1,5
0410005,MZ06,25,N03,A,NORMAL,55,0.21,RCL197-C001-N04-1,5
2321051,MZ06,25,N03,A,NORMAL,55,0.218,RCL196-C002-N02-1,5
5500207,MZ06,25,N04,A,NORMAL,55,0.594,RCL132-C002-N02-1,5
7040002,MZ06,25,N04,A,NORMAL,54,0.18,RCL129-C001-N05-1,5
0380016,MZ06,25,N04,A,NORMAL,54,0.099,SIN UBICACIÓN ACTUAL,5
7060218,MZ06,25,N04,A,NORMAL,49,0.025,SIN UBICACIÓN ACTUAL,5
7501138,MZ06,25,N05,A,NORMAL,55,0.742,RCL174-C001-N03-1,5
1143005,MZ06,25,N05,A,NORMAL,53,0.08,RCL203-C001-N03-1,5
5180008,MZ06,25,N05,A,NORMAL,51,0.041,RCL138-C003-N01-1,5
2321327,MZ06,25,N05,A,NORMAL,46,0.035,SIN UBICACIÓN ACTUAL,5
0440371,MZ06,26,N01,A,NORMAL,50,0.24,RCL197-C001-N02-1,5
500089,MZ06,26,N01,A,NORMAL,49,0.138,RCL134-C001-N02-1,5
5180035,MZ06,26,N01,A,NORMAL,49,0.252,RCL141-C001-N04-1,5
5003461,MZ06,26,N01,A,NORMAL,50,0.249,RCL131-C004-N04-1,5
5140030,MZ06,26,N02,A,NORMAL,51,0.085,SIN UBICACIÓN ACTUAL,5
6095007,MZ06,26,N02,A,NORMAL,52,0.406,SIN UBICACIÓN ACTUAL,5
0420150,MZ06,26,N02,A,NORMAL,52,0.161,RCL202-C002-N03-1,5
4530154,MZ06,26,N02,A,NORMAL,51,0.235,RCL171-C001-N01-1,5
7506058,MZ06,26,N03,A,NORMAL,52,0.75,RCL149-C002-N02-1,5
0570064,MZ06,26,N03,A,NORMAL,48,0.062,RCL202-C002-N01-1,5
032440027,MZ06,26,N03,A,NORMAL,51,0.081,RCL162-C003-N04-1,5
5180027,MZ06,26,N04,A,NORMAL,51,0.299,RCL138-C001-N03-1,5
7506385,MZ06,26,N04,A,NORMAL,50,0.24,RCL155-C002-N02-1,5
6032811,MZ06,26,N04,A,NORMAL,50,0.131,RCL121-C001-N04-1,5
7501212,MZ06,26,N04,A,NORMAL,51,0.191,RCL170-C003-N03-1,5
0365017,MZ06,26,N05,A,NORMAL,49,0.25,SIN UBICACIÓN ACTUAL,5
5240405,MZ06,26,N05,A,NORMAL,49,0.63,RCL118-C004-N02-1,5
6020460,MZ06,26,N05,A,NORMAL,44,0.019,RCL124-C002-N02-1,5
7551027,MZ06,27,N01,A,NORMAL,46,0.091,RCL174-C001-N01-1,5
6032810,MZ06,27,N01,A,NORMAL,47,0.095,RCL125-C001-N04-1,5
2330446,MZ06,27,N01,A,NORMAL,47,0.098,RCL167-C004-N03-1,5
3270354,MZ06,27,N01,A,NORMAL,47,0.303,RCL162-C003-N01-1,5
5180050,MZ06,27,N02,A,NORMAL,49,0.467,RCL141-C004-N03-1,5
2320129,MZ06,27,N02,A,NORMAL,49,0.332,RCL162-C001-N02-1,5
4535316,MZ06,27,N02,A,NORMAL,48,0.07,RCL165-C001-N03-1,5
7501141,MZ06,27,N02,A,NORMAL,46,0.021,SIN UBICACIÓN ACTUAL,5
500453,MZ06,27,N03,A,NORMAL,48,0.121,RCL135-C001-N03-1,5
5500208,MZ06,27,N03,A,NORMAL,48,0.775,RCL127-C001-N03-1,5
7501936,MZ06,27,N04,A,NORMAL,48,0.165,RCL175-C002-N03-1,5
031260042,MZ06,27,N04,A,NORMAL,48,0.128,SIN UBICACIÓN ACTUAL,5
1109034,MZ06,27,N04,A,NORMAL,47,0.161,RCL175-C004-N01-1,5
7506396,MZ06,27,N04,A,NORMAL,47,0.102,RCL149-C002-N05-1,5
5001431,MZ06,27,N05,A,NORMAL,47,0.763,RCL103-C001-N02-1,5
0140026,MZ06,27,N05,A,NORMAL,46,0.056,RCL195-C001-N02-1,5
7060242,MZ06,27,N05,A,NORMAL,46,0.037,RCL117-C001-N05-1,5
7445005603765,MZ06,27,N05,A,NORMAL,45,0.033,RCL160-C002-N04-1,5
2321036,MZ06,28,CUERPO,A,CUERPO,44,1.428,RCL196-C001-N04-1,1
2321981,MZ06,29,CUERPO,A,CUERPO,44,3.342,RCL188-C001-N05-1,1
7060236,MZ06,30,N01,A,NORMAL,38,0.065,RCL117-C001-N04-1,5
0380032,MZ06,30,N01,A,NORMAL,38,0.022,RCL189-C001-N03-1,5
500488,MZ06,30,N01,A,NORMAL,38,0.03,RCL134-C003-N04-1,5
6020420,MZ06,30,N01,A,NORMAL,38,0.022,RCL124-C003-N01-1,5
5090102,MZ06,30,N02,A,NORMAL,40,0.383,RCL141-C002-N03-1,5
500088,MZ06,30,N02,A,NORMAL,40,0.31,RCL130-C001-N05-1,5
0140847,MZ06,30,N02,A,NORMAL,40,0.125,RCL171-C001-N03-1,5
0420129,MZ06,30,N02,A,NORMAL,40,0.025,RCL196-C002-N02-1,5
0410007,MZ06,30,N03,A,NORMAL,39,0.03,RCL189-C001-N04-1,5
5140048,MZ06,30,N03,A,NORMAL,39,0.087,RCL139-C003-N02-1,5
0640004,MZ06,30,N03,A,NORMAL,39,0.419,RCL194-C003-N04-1,5
0010070,MZ06,30,N03,A,NORMAL,39,0.026,RCL195-C002-N02-1,5
3525129,MZ06,30,N04,A,NORMAL,39,0.488,RCL131-C004-N02-1,5
7060217,MZ06,30,N04,A,NORMAL,39,0.023,RCL117-C004-N02-1,5
9200329,MZ06,30,N04,A,NORMAL,38,0.07,RCL181-C001-N03-1,5
2395403,MZ06,30,N04,A,NORMAL,38,0.067,RCL149-C001-N02-1,5
5090099,MZ06,30,N05,A,NORMAL,38,0.021,RCL139-C003-N03-1,5
6036805,MZ06,30,N05,A,NORMAL,38,0.16,RCL124-C002-N04-1,5
7550005,MZ06,30,N05,A,NORMAL,38,0.113,RCL181-C003-N03-1,5
1143003,MZ06,30,N05,A,NORMAL,38,0.093,RCL194-C003-N03-1,5
1195018,MZ06,31,N02,B,NORMAL,16,0.001,RCL198-C001-N03-1,2
1195019,MZ06,31,N02,B,NORMAL,16,0,RCL198-C001-N02-1,2
0230042,MZ06,31,N02,B,NORMAL,16,0.001,RCL197-C001-N05-1,2
0010067,MZ06,31,N02,B,NORMAL,16,0.038,RCL196-C002-N05-1,2
0420007,MZ06,31,N03,B,NORMAL,16,0.004,RCL195-C003-N05-1,2
0420084,MZ06,31,N03,B,NORMAL,16,0.004,RCL195-C003-N02-1,2
1210424,MZ07,10,N02,C,NORMAL,4,0.615,RCL107-C003-N02-1,1
7090042,MZ07,20,CUERPO,A,CUERPO,39,1.138,RCL153-C002-N05-1,1
6032660,MZ07,21,CUERPO,A,CUERPO,36,1.151,RCL124-C003-N03-1,1
6010018,MZ07,22,N01,A,NORMAL,33,0.104,RCL123-C001-N01-1,5
0140849,MZ07,22,N01,A,NORMAL,33,0.105,RCL171-C001-N02-1,5
7506080,MZ07,22,N01,A,NORMAL,33,0.108,SIN UBICACIÓN ACTUAL,5
4050003,MZ07,22,N01,A,NORMAL,33,0.159,RCL152-C002-N05-1,5
0612001,MZ07,22,N02,A,NORMAL,34,0.935,RCL194-C003-N04-1,5
7060220,MZ07,22,N03,A,NORMAL,33,0.03,RCL117-C004-N03-1,5
2320402,MZ07,22,N03,A,NORMAL,33,0.089,RCL162-C003-N02-1,5
6020001,MZ07,22,N03,A,NORMAL,33,0.06,RCL122-C001-N05-1,5
0590013,MZ07,22,N03,A,NORMAL,33,0.04,RCL197-C002-N03-1,5
4020213,MZ07,22,N04,A,NORMAL,33,0.169,RCL115-C001-N05-1,5
6036808,MZ07,22,N04,A,NORMAL,33,0.385,RCL122-C001-N04-1,5
032440021,MZ07,22,N04,A,NORMAL,33,0.016,RCL161-C001-N03-1,5
0140027,MZ07,22,N04,A,NORMAL,33,0.025,RCL201-C002-N04-1,5
8002003,MZ07,22,N05,A,NORMAL,33,0.906,RCL194-C002-N02-1,5
5180009,MZ07,23,N01,A,NORMAL,28,0.207,RCL139-C004-N01-1,5
0570062,MZ07,23,N01,A,NORMAL,29,0.053,RCL196-C001-N01-1,5
0610170,MZ07,23,N01,A,NORMAL,29,0.072,RCL201-C003-N03-1,5
0560016,MZ07,23,N01,A,NORMAL,29,0.087,RCL197-C001-N01-1,5
2330424,MZ07,23,N02,A,NORMAL,29,0.025,RCL167-C001-N01-1,5
6036806,MZ07,23,N02,A,NORMAL,29,0.034,SIN UBICACIÓN ACTUAL,5
7550794,MZ07,23,N02,A,NORMAL,29,0.025,RCL152-C002-N05-1,5
9211236,MZ07,23,N02,A,NORMAL,29,0.025,RCL187-C002-N01-1,5
0460132,MZ07,23,N03,A,NORMAL,29,0.023,RCL194-C001-N02-1,5
7005402,MZ07,23,N03,A,NORMAL,29,0.247,RCL175-C002-N05-1,5
0010057,MZ07,23,N03,A,NORMAL,29,0.015,RCL195-C001-N01-1,5
0010054,MZ07,23,N03,A,NORMAL,29,0.017,RCL197-C001-N01-1,5
5180401,MZ07,23,N04,A,NORMAL,29,0.24,RCL118-C004-N01-1,5
4050002,MZ07,23,N04,A,NORMAL,29,0.146,RCL152-C003-N01-1,5
5180016,MZ07,23,N04,A,NORMAL,29,0.102,RCL141-C001-N02-1,5
5140027,MZ07,23,N04,A,NORMAL,29,0.091,RCL139-C002-N01-1,5
5500405,MZ07,23,N05,A,NORMAL,28,0.162,SIN UBICACIÓN ACTUAL,5
6032671,MZ07,23,N05,A,NORMAL,29,0.702,RCL107-C001-N01-1,5
0590007,MZ07,23,N05,A,NORMAL,28,0.032,SIN UBICACIÓN ACTUAL,5
6032624,MZ07,24,N01,A,NORMAL,28,0.911,RCL125-C004-N02-1,5
5180004,MZ07,24,N02,A,NORMAL,28,0.028,RCL138-C001-N01-1,5
0030001,MZ07,24,N02,A,NORMAL,28,0.028,RCL202-C002-N02-1,5
7171314,MZ07,24,N02,A,NORMAL,28,0.156,RCL148-C001-N01-1,5
038070017,MZ07,24,N02,A,NORMAL,28,0.038,RCL161-C001-N01-1,5
1195009,MZ07,24,N03,A,NORMAL,28,0.013,RCL198-C001-N03-1,5
5230108,MZ07,24,N03,A,NORMAL,28,0.027,RCL139-C003-N03-1,5
0420146,MZ07,24,N03,A,NORMAL,28,0.019,RCL195-C001-N03-1,5
7506030,MZ07,24,N03,A,NORMAL,28,0.016,RCL152-C003-N02-1,5
0420008,MZ07,24,N04,A,NORMAL,28,0.01,RCL194-C004-N01-1,5
0230018,MZ07,24,N04,A,NORMAL,28,0.009,RCL196-C002-N04-1,5
0300718,MZ07,24,N04,A,NORMAL,28,0.009,RCL195-C002-N02-1,5
0380020,MZ07,24,N04,A,NORMAL,28,0.013,RCL202-C002-N01-1,5
7550844,MZ07,24,N05,A,NORMAL,28,0.46,RCL148-C003-N03-1,5
7506390,MZ07,24,N05,A,NORMAL,28,0.227,RCL152-C002-N04-1,5
3270350,MZ08,20,N01,A,NORMAL,36,0.108,RCL162-C002-N01-1,5
0610152,MZ08,20,N01,A,NORMAL,36,0.064,RCL201-C002-N03-1,5
7506394,MZ08,20,N01,A,NORMAL,36,0.1,RCL152-C001-N04-1,5
031260040,MZ08,20,N01,A,NORMAL,36,0.107,RCL167-C001-N04-1,5
038070003,MZ08,20,N02,A,NORMAL,37,0.048,RCL168-C004-N01-1,5
2321043,MZ08,20,N02,A,NORMAL,37,0.375,RCL202-C001-N02-1,5
2330190,MZ08,20,N02,A,NORMAL,37,0.132,RCL167-C004-N05-1,5
7090007,MZ08,20,N02,A,NORMAL,37,0.08,RCL149-C001-N05-1,5
0590009,MZ08,20,N03,A,NORMAL,37,0.023,RCL197-C001-N01-1,5
5240024,MZ08,20,N03,A,NORMAL,37,0.422,RCL142-C001-N02-1,5
7060244,MZ08,20,N03,A,NORMAL,37,0.021,RCL117-C001-N02-1,5
0510011,MZ08,20,N03,A,NORMAL,37,0.021,RCL202-C001-N02-1,5
492818,MZ08,20,N04,A,NORMAL,37,0.188,RCL159-C003-N03-1,5
0460136,MZ08,20,N04,A,NORMAL,36,0.029,RCL196-C001-N05-1,5
1520023,MZ08,20,N04,A,NORMAL,36,0.026,RCL182-C004-N01-1,5
7502462,MZ08,20,N04,A,NORMAL,36,0.315,RCL147-C003-N03-1,5
1143002,MZ08,20,N05,A,NORMAL,36,0.064,RCL189-C001-N02-1,5
7501095,MZ08,20,N05,A,NORMAL,36,0.059,RCL172-C003-N04-1,5
7506210,MZ08,20,N05,A,NORMAL,36,0.056,RCL147-C001-N04-1,5
0230021,MZ08,20,N05,A,NORMAL,36,0.05,RCL202-C002-N04-1,5
1195006,MZ08,21,N01,A,NORMAL,35,0.02,RCL198-C001-N02-1,5
5170024,MZ08,21,N01,A,NORMAL,35,0.022,RCL141-C002-N04-1,5
5180013,MZ08,21,N01,A,NORMAL,35,0.025,RCL141-C002-N02-1,5
9201319,MZ08,21,N01,A,NORMAL,35,0.033,RCL184-C001-N04-1,5
7506264,MZ08,21,N02,A,NORMAL,36,0.048,RCL155-C002-N02-1,5
4535016,MZ08,21,N02,A,NORMAL,36,0.037,RCL164-C001-N04-1,5
5140005,MZ08,21,N02,A,NORMAL,36,0.633,RCL139-C001-N04-1,5
7506372,MZ08,21,N02,A,NORMAL,35,0.135,RCL148-C001-N05-1,5
0560014,MZ08,21,N03,A,NORMAL,35,0.054,RCL201-C001-N03-1,5
1143001,MZ08,21,N03,A,NORMAL,35,0.056,RCL191-C001-N05-1,5
7500389,MZ08,21,N03,A,NORMAL,35,0.133,RCL147-C003-N01-1,5
7550973,MZ08,21,N03,A,NORMAL,36,0.46,RCL114-C002-N01-1,5
033010037,MZ08,21,N04,A,NORMAL,35,0.047,RCL161-C001-N02-1,5
7060214,MZ08,21,N04,A,NORMAL,35,0.036,RCL117-C004-N03-1,5
7060126,MZ08,21,N04,A,NORMAL,35,0.035,SIN UBICACIÓN ACTUAL,5
0011169,MZ08,21,N04,A,NORMAL,35,0.033,SIN UBICACIÓN ACTUAL,5
7002050,MZ08,21,N05,A,NORMAL,34,0.189,RCL193-C001-N05-1,5
2321040,MZ08,21,N05,A,NORMAL,34,0.029,RCL197-C002-N01-1,5
7551028,MZ08,21,N05,A,NORMAL,34,0.027,RCL174-C002-N05-1,5
038070004,MZ08,21,N05,A,NORMAL,34,0.023,RCL168-C004-N05-1,5
0230034,MZ08,22,N01,A,NORMAL,31,0.171,RCL201-C001-N01-1,5
7171308,MZ08,22,N01,A,NORMAL,31,0.094,RCL148-C004-N02-1,5
500198,MZ08,22,N01,A,NORMAL,31,0.102,RCL135-C001-N01-1,5
8704012,MZ08,22,N01,A,NORMAL,31,0.108,RCL199-C001-N02-1,5
0230033,MZ08,22,N02,A,NORMAL,32,0.085,RCL196-C001-N01-1,5
0610012,MZ08,22,N02,A,NORMAL,32,0.274,RCL188-C003-N02-1,5
5180024,MZ08,22,N02,A,NORMAL,32,0.233,RCL138-C002-N05-1,5
2330050,MZ08,22,N02,A,NORMAL,32,0.09,RCL194-C002-N02-1,5
0010050,MZ08,22,N03,A,NORMAL,32,0.027,RCL197-C002-N04-1,5
6100759,MZ08,22,N03,A,NORMAL,32,0.009,RCL166-C001-N03-1,5
1195005,MZ08,22,N03,A,NORMAL,32,0.015,RCL198-C001-N03-1,5
0640005,MZ08,22,N03,A,NORMAL,32,0.021,RCL194-C002-N05-1,5
7501152,MZ08,22,N04,A,NORMAL,32,0.476,RCL172-C002-N05-1,5
0610025,MZ08,22,N04,A,NORMAL,32,0.336,RCL189-C004-N04-1,5
2330400,MZ08,22,N04,A,NORMAL,31,0.057,SIN UBICACIÓN ACTUAL,5
7501090,MZ08,22,N04,A,NORMAL,31,0.03,RCL170-C001-N01-1,5
2392309,MZ08,22,N05,A,NORMAL,31,0.049,RCL184-C001-N01-1,5
0300724,MZ08,22,N05,A,NORMAL,31,0.03,RCL202-C001-N04-1,5
0010051,MZ08,22,N05,A,NORMAL,31,0.023,RCL203-C001-N02-1,5
7060237,MZ08,22,N05,A,NORMAL,31,0.019,RCL116-C001-N05-1,5
2321026,MZ08,23,N01,A,NORMAL,30,0.46,RCL167-C002-N01-1,5
5120404,MZ08,23,N01,A,NORMAL,30,0.086,RCL119-C004-N04-1,5
7501092,MZ08,23,N01,A,NORMAL,30,0.139,RCL172-C002-N04-1,5
7506228,MZ08,23,N01,A,NORMAL,30,0.163,RCL148-C001-N01-1,5
0590004,MZ08,23,N02,A,NORMAL,31,0.018,RCL201-C002-N02-1,5
500307,MZ08,23,N02,A,NORMAL,31,0.176,RCL134-C001-N04-1,5
500148,MZ08,23,N02,A,NORMAL,30,0.058,RCL136-C001-N05-1,5
0030002,MZ08,23,N02,A,NORMAL,30,0.05,RCL195-C002-N01-1,5
1195008,MZ08,23,N03,A,NORMAL,30,0.013,RCL198-C001-N02-1,5
1195003,MZ08,23,N03,A,NORMAL,30,0.013,RCL198-C001-N03-1,5
0707005,MZ08,23,N03,A,NORMAL,30,0.021,SIN UBICACIÓN ACTUAL,5
0380028,MZ08,23,N03,A,NORMAL,30,0.022,RCL196-C001-N03-1,5
2395404,MZ08,23,N04,A,NORMAL,30,0.011,RCL147-C004-N02-1,5
5090097,MZ08,23,N04,A,NORMAL,30,0.01,RCL139-C001-N01-1,5
500313,MZ08,23,N04,A,NORMAL,30,0.344,RCL134-C002-N01-1,5
7054008,MZ08,23,N04,A,NORMAL,30,0.288,RCL156-C001-N02-1,5
9111502,MZ08,23,N05,A,NORMAL,30,0.657,RCL187-C004-N05-1,5
7110204,MZ08,23,N05,A,NORMAL,29,0.049,RCL147-C001-N01-1,5
0230019,MZ08,23,N05,A,NORMAL,29,0.039,RCL196-C002-N01-1,5
4530140,MZ08,23,N05,A,NORMAL,29,0.036,RCL164-C001-N04-1,5